Student_ID,First_Name,Last_Name,Email,Gender,Age,Department,Attendance (%),Midterm_Score,Final_Score,Assignments_Avg,Quizzes_Avg,Participation_Score,Projects_Score,Total_Score,Grade,Scholarship,Internship,Education,English_Level,Backlogs,Study_Hours_per_Week
S1000,Noah,Smith,student0@university.com,Male,24,Physics,62.88,30.75,51.49,44.81,31.06,69.32,66.42,48.98,F,Yes,No,Bachelor's,High,2,19.1
S1001,Emma,Taylor,student1@university.com,Female,25,Physics,88.55,71.47,30.38,75.87,94.85,48.48,86.78,67.97,C,Yes,No,Master's,High,3,3.9
S1002,Noah,Lee,student2@university.com,Male,25,Mathematics,78.52,94.1,32.34,58.77,51.7,54.77,75.35,61.17,D,Yes,No,Bachelor's,High,1,1.6
S1003,Ali,Jones,student3@university.com,Male,22,Mathematics,76.42,94.02,36.08,78.94,52.26,56.72,46.5,60.75,D,Yes,No,High School,Low,8,14.8
S1004,Ahmed,Wilson,student4@university.com,Male,24,Mathematics,94.04,74.58,72.07,74.29,67.63,90.66,75.58,75.8,B,Yes,Yes,High School,Medium,8,5.1
S1005,Noah,Taylor,student5@university.com,Female,21,Business,62.75,84.09,59.85,75.56,53.47,97.19,79.44,74.93,C,No,No,High School,High,4,6.4
S1006,Noah,Williams,student6@university.com,Male,23,Mathematics,69.33,31.57,92.28,93.25,93.94,67.59,87.61,77.71,B,No,Yes,Bachelor's,Low,8,5.3
S1007,Maria,Lee,student7@university.com,Female,19,Computer Science,85.54,30.2,78.74,65.76,42.88,31.12,85.04,55.62,D,No,Yes,Bachelor's,High,0,9.1
S1008,Sara,Lee,student8@university.com,Male,24,Computer Science,88.89,71.77,58.93,93.76,55.41,60.1,36.98,62.83,D,Yes,No,High School,Medium,9,4.4
S1009,Omar,Lee,student9@university.com,Male,19,Mathematics,80.78,76.44,95.33,41.28,68.77,67.86,95.27,74.16,C,Yes,No,Master's,Medium,5,1.1
S1010,Ali,Wilson,student10@university.com,Male,21,Physics,97.37,90.44,84.23,88.16,70.64,97.2,60.54,81.87,B,Yes,No,Master's,Medium,6,1.3
S1011,Maria,Ahmed,student11@university.com,Female,20,Physics,95.52,66.99,53.4,81.01,96.36,31.57,69.91,66.54,C,Yes,Yes,Master's,Low,5,2.7
S1012,Emma,Clark,student12@university.com,Female,25,Engineering,61.09,34.29,47.88,43.17,72.23,92.94,46.51,56.17,D,No,Yes,Bachelor's,Low,1,13.3
S1013,Ayesha,Lee,student13@university.com,Male,20,Business,99.53,43.72,80.77,95.79,43.64,91.81,80.51,72.71,C,Yes,No,High School,Low,4,6.3
S1014,Omar,Williams,student14@university.com,Female,19,Business,77.61,57.21,35.46,90.74,53.6,61.44,36.79,55.87,D,Yes,Yes,Bachelor's,Low,0,6.5
S1015,Ali,Taylor,student15@university.com,Female,22,Physics,77.27,74.58,67.99,44.47,70.24,45.7,31.57,55.76,D,No,Yes,Master's,Low,8,19.2
S1016,Ahmed,Wilson,student16@university.com,Male,19,Engineering,99.66,32.54,79.69,45.1,82.56,50.21,97.89,64.66,D,No,No,Master's,Low,7,18.7
S1017,John,Smith,student17@university.com,Female,22,Business,80.51,89.11,73.25,49.77,35.13,40.5,33.74,53.58,D,No,Yes,Master's,Medium,10,13.3
S1018,Ahmed,Wilson,student18@university.com,Male,24,Physics,79.77,84.95,30.75,74.98,57.88,84.86,35.1,61.42,D,Yes,Yes,Master's,High,0,2.2
S1019,Noah,Khan,student19@university.com,Male,25,Computer Science,74.74,41.02,49.78,80.86,84.83,99.47,45.83,66.97,C,No,No,Bachelor's,Low,10,5.5
S1020,Ayesha,Williams,student20@university.com,Male,18,Mathematics,85.18,90.49,67.55,91.27,99.32,64.83,71.06,80.75,B,Yes,Yes,Bachelor's,Low,7,13.4
S1021,Ahmed,Taylor,student21@university.com,Male,22,Business,90.94,46.28,89.7,95.34,36.3,91.24,61.13,70.0,C,No,Yes,Bachelor's,Medium,10,18.5
S1022,Ali,Brown,student22@university.com,Male,22,Physics,99.24,93.0,87.52,71.22,54.92,93.06,84.71,80.74,B,Yes,Yes,Master's,Low,4,9.0
S1023,Sara,Taylor,student23@university.com,Female,25,Business,60.33,40.12,93.52,51.28,96.36,67.78,95.98,74.17,C,Yes,Yes,Bachelor's,High,5,12.6
S1024,Sara,Wilson,student24@university.com,Female,20,Engineering,96.46,70.54,52.2,96.71,91.43,50.31,35.71,66.15,C,Yes,Yes,High School,Low,0,11.5
S1025,Noah,Brown,student25@university.com,Male,22,Physics,83.94,93.84,63.58,94.64,87.59,81.14,84.2,84.16,B,Yes,Yes,Bachelor's,High,4,5.6
S1026,Ali,Clark,student26@university.com,Male,21,Engineering,75.04,90.36,46.1,53.34,87.27,82.96,30.73,65.13,C,Yes,No,Bachelor's,Low,0,17.4
S1027,Sara,Jones,student27@university.com,Male,22,Physics,96.91,47.69,42.35,39.08,34.16,44.27,88.51,49.34,F,Yes,No,Bachelor's,High,10,19.0
S1028,Maria,Brown,student28@university.com,Male,18,Physics,60.17,74.72,33.55,81.57,71.07,83.02,51.7,65.94,C,Yes,No,Master's,Low,7,16.6
S1029,Emma,Clark,student29@university.com,Female,18,Physics,75.71,40.35,64.8,81.71,32.67,31.2,36.86,47.93,F,Yes,Yes,Bachelor's,High,3,7.2
S1030,Omar,Brown,student30@university.com,Female,20,Engineering,85.67,41.54,93.75,93.09,34.8,82.73,53.38,66.55,C,No,Yes,High School,Low,10,9.4
S1031,Ahmed,Lee,student31@university.com,Male,25,Mathematics,75.66,38.63,64.99,84.89,32.3,90.45,42.61,58.98,D,No,Yes,High School,Low,0,3.3
S1032,Liam,Wilson,student32@university.com,Male,19,Mathematics,95.52,88.44,44.5,44.78,56.72,75.81,69.85,63.35,D,Yes,Yes,Bachelor's,Low,8,16.3
S1033,Liam,Ahmed,student33@university.com,Male,18,Business,87.36,48.39,51.96,34.31,41.22,68.63,54.4,49.82,F,No,No,Master's,Medium,8,7.0
S1034,Ayesha,Wilson,student34@university.com,Female,21,Physics,62.35,41.34,71.39,68.0,66.77,85.84,62.3,65.94,C,Yes,Yes,High School,Medium,1,9.2
S1035,Ayesha,Taylor,student35@university.com,Male,19,Computer Science,77.33,44.36,89.73,95.06,44.23,73.49,34.35,63.54,D,No,No,High School,Medium,6,16.7
S1036,Ahmed,Taylor,student36@university.com,Male,21,Computer Science,69.53,63.4,90.12,74.82,61.07,62.8,77.81,71.67,C,Yes,Yes,Bachelor's,Medium,8,6.9
S1037,John,Wilson,student37@university.com,Female,21,Engineering,92.41,53.87,82.68,99.93,33.5,80.0,54.98,67.49,C,No,No,Bachelor's,Low,3,7.4
S1038,Emma,Clark,student38@university.com,Male,21,Engineering,77.84,45.28,34.23,47.13,91.96,65.83,87.86,62.05,D,Yes,Yes,High School,Medium,1,13.3
S1039,Omar,Williams,student39@university.com,Female,21,Engineering,78.97,44.28,88.82,76.64,78.33,57.87,89.56,72.58,C,No,Yes,Master's,High,9,14.1
S1040,John,Jones,student40@university.com,Female,18,Mathematics,64.39,83.97,95.93,40.73,30.3,84.9,64.35,66.7,C,Yes,No,Bachelor's,Medium,8,2.4
S1041,Liam,Jones,student41@university.com,Male,18,Engineering,73.85,92.43,59.88,39.25,57.09,48.25,92.36,64.88,D,Yes,No,Bachelor's,Medium,2,19.5
S1042,Omar,Williams,student42@university.com,Male,24,Engineering,70.7,93.12,89.24,87.43,87.48,94.38,88.54,90.03,A,No,Yes,High School,Low,4,4.6
S1043,Ahmed,Wilson,student43@university.com,Female,20,Engineering,91.57,42.44,74.08,71.5,39.85,36.6,41.25,50.95,D,Yes,Yes,Master's,High,0,11.2
S1044,Ali,Taylor,student44@university.com,Male,21,Mathematics,77.86,36.81,66.76,55.43,82.96,67.71,39.71,58.23,D,No,No,Master's,Medium,4,12.8
S1045,Noah,Lee,student45@university.com,Female,24,Business,96.04,93.73,88.56,85.87,91.78,50.21,98.49,84.77,B,Yes,No,High School,Low,5,3.4
S1046,Emma,Ahmed,student46@university.com,Male,24,Business,76.62,39.11,69.9,33.2,75.65,36.5,62.52,52.81,D,No,Yes,Bachelor's,Low,5,7.2
S1047,Omar,Lee,student47@university.com,Male,24,Business,86.47,59.77,48.57,97.07,98.02,36.27,84.57,70.71,C,No,No,Bachelor's,High,6,19.2
S1048,Liam,Lee,student48@university.com,Male,25,Mathematics,88.39,80.74,34.92,54.39,37.65,73.03,93.8,62.42,D,No,No,High School,Low,8,10.2
S1049,Liam,Smith,student49@university.com,Female,23,Computer Science,61.79,35.67,81.35,42.72,92.32,61.02,31.72,57.47,D,Yes,Yes,High School,Medium,0,11.3
S1050,Ayesha,Brown,student50@university.com,Male,20,Business,90.63,67.46,49.02,40.36,48.23,83.9,92.52,63.58,D,Yes,No,High School,Medium,7,6.6
S1051,Liam,Smith,student51@university.com,Male,21,Business,60.61,74.17,76.86,37.18,74.33,68.57,67.8,66.48,C,Yes,Yes,Bachelor's,Medium,1,19.1
S1052,Noah,Taylor,student52@university.com,Female,21,Physics,63.79,72.51,50.02,51.66,86.92,79.88,39.17,63.36,D,No,Yes,Bachelor's,Low,5,17.8
S1053,Noah,Brown,student53@university.com,Male,24,Engineering,77.54,55.14,46.34,56.26,73.14,61.13,94.99,64.5,D,Yes,No,High School,Medium,5,17.8
S1054,Omar,Smith,student54@university.com,Male,22,Engineering,66.03,38.09,92.75,67.11,72.46,81.33,55.99,67.95,C,Yes,Yes,Bachelor's,High,5,19.7
S1055,Ahmed,Williams,student55@university.com,Female,20,Business,78.58,41.27,86.82,44.94,72.29,60.89,33.6,56.63,D,Yes,Yes,Bachelor's,Low,2,3.3
S1056,Ayesha,Lee,student56@university.com,Female,20,Mathematics,85.16,30.21,78.98,62.2,47.11,83.65,62.83,60.83,D,No,Yes,High School,Medium,2,17.2
S1057,John,Smith,student57@university.com,Male,18,Business,95.28,89.05,88.54,85.81,47.87,48.61,61.38,70.21,C,No,No,High School,Medium,3,16.7
S1058,Sara,Clark,student58@university.com,Female,24,Physics,88.33,61.58,83.26,38.76,95.65,40.89,76.1,66.04,C,Yes,No,Bachelor's,Medium,8,7.1
S1059,Liam,Taylor,student59@university.com,Male,23,Physics,64.97,42.54,65.5,65.27,99.96,38.91,67.49,63.28,D,No,No,Bachelor's,Medium,10,1.8
S1060,Liam,Lee,student60@university.com,Female,23,Physics,78.58,44.81,31.99,50.61,51.68,49.82,66.68,49.27,F,No,No,Bachelor's,High,9,4.5
S1061,Ahmed,Brown,student61@university.com,Female,21,Computer Science,98.22,73.55,70.41,80.15,44.01,56.34,68.98,65.57,C,No,No,High School,Low,6,2.1
S1062,Ali,Clark,student62@university.com,Male,19,Computer Science,77.9,38.27,55.57,82.57,82.6,53.23,52.42,60.78,D,Yes,Yes,Bachelor's,High,8,6.7
S1063,Omar,Taylor,student63@university.com,Male,24,Engineering,65.89,61.91,90.29,94.16,54.94,44.53,73.82,69.94,C,Yes,Yes,Bachelor's,Medium,4,1.2
S1064,John,Ahmed,student64@university.com,Female,22,Business,94.96,42.92,58.08,75.02,86.49,86.71,47.03,66.04,C,Yes,Yes,Bachelor's,Low,8,19.9
S1065,Emma,Williams,student65@university.com,Female,20,Physics,60.62,55.64,56.7,35.93,82.05,33.99,46.46,51.79,D,No,Yes,Bachelor's,Low,9,3.0
S1066,John,Khan,student66@university.com,Male,23,Engineering,71.56,48.19,99.16,76.67,74.02,45.96,39.91,63.98,D,Yes,No,Bachelor's,High,8,14.8
S1067,Liam,Williams,student67@university.com,Female,19,Physics,74.25,38.97,68.11,80.15,58.29,42.8,97.11,64.24,D,No,Yes,Master's,Low,9,7.3
S1068,Sara,Jones,student68@university.com,Female,22,Mathematics,91.39,60.36,59.01,80.98,63.94,57.04,85.18,67.75,C,Yes,No,High School,Medium,8,16.0
S1069,Omar,Ahmed,student69@university.com,Male,23,Physics,95.86,49.45,30.49,60.8,79.96,86.84,37.88,57.57,D,Yes,No,Master's,Medium,1,2.9
S1070,Emma,Smith,student70@university.com,Female,18,Computer Science,95.64,62.5,85.23,73.59,86.23,58.49,73.51,73.26,C,Yes,Yes,High School,Low,9,9.2
S1071,Liam,Clark,student71@university.com,Female,25,Physics,66.28,52.35,55.63,36.02,80.84,36.4,45.47,51.12,D,Yes,Yes,Bachelor's,High,6,10.1
S1072,Emma,Jones,student72@university.com,Male,25,Physics,70.97,84.48,99.56,94.62,85.41,82.56,40.87,81.25,B,No,Yes,Bachelor's,High,0,5.6
S1073,Liam,Taylor,student73@university.com,Male,20,Business,93.53,85.38,34.33,70.83,90.82,64.95,52.0,66.39,C,No,No,High School,Medium,9,20.0
S1074,Ali,Wilson,student74@university.com,Male,19,Engineering,78.43,74.46,50.62,93.21,98.83,37.19,91.66,74.33,C,No,Yes,High School,Medium,2,5.6
S1075,Ahmed,Taylor,student75@university.com,Female,24,Business,87.54,90.54,37.71,96.53,37.44,92.7,55.36,68.38,C,No,No,Bachelor's,Low,7,19.2
S1076,Ahmed,Brown,student76@university.com,Male,23,Mathematics,74.12,96.96,94.3,81.97,92.92,93.24,89.76,91.53,A,No,No,Master's,Low,1,6.4
S1077,Ayesha,Ahmed,student77@university.com,Female,25,Mathematics,87.19,86.26,73.57,51.03,99.53,90.05,80.39,80.14,B,Yes,No,Master's,High,9,6.1
S1078,Ayesha,Taylor,student78@university.com,Female,25,Business,79.53,81.29,80.41,34.85,36.8,49.26,82.49,60.85,D,No,Yes,High School,Medium,1,18.4
S1079,Omar,Williams,student79@university.com,Female,19,Computer Science,67.52,87.38,61.66,98.98,52.34,81.22,69.54,75.19,B,Yes,Yes,Bachelor's,Medium,5,6.4
S1080,Ayesha,Williams,student80@university.com,Male,21,Mathematics,98.92,68.51,82.95,92.24,77.6,74.62,42.55,73.08,C,Yes,No,High School,Low,10,8.6
S1081,John,Wilson,student81@university.com,Male,23,Computer Science,80.32,62.54,86.98,70.66,83.18,96.41,51.63,75.23,B,No,Yes,Master's,Medium,9,15.2
S1082,Ali,Williams,student82@university.com,Female,20,Engineering,87.16,95.54,58.55,82.89,49.64,87.23,67.51,73.56,C,Yes,No,Bachelor's,High,6,19.7
S1083,Noah,Brown,student83@university.com,Male,22,Mathematics,91.26,37.34,32.2,77.9,68.18,83.73,61.64,60.16,D,No,Yes,High School,Medium,8,6.5
S1084,Emma,Williams,student84@university.com,Female,22,Mathematics,94.02,70.09,37.67,86.37,34.78,78.29,52.28,59.91,D,No,No,Bachelor's,Low,3,17.5
S1085,Maria,Smith,student85@university.com,Female,18,Computer Science,76.7,62.71,91.09,32.89,38.72,37.7,49.04,52.03,D,Yes,No,High School,Low,5,11.5
S1086,Ahmed,Lee,student86@university.com,Male,24,Business,85.01,70.54,44.74,39.53,88.19,43.97,42.25,54.87,D,No,No,Bachelor's,High,3,10.3
S1087,Liam,Brown,student87@university.com,Male,23,Business,79.88,88.52,86.27,58.01,63.65,88.31,37.62,70.4,C,Yes,Yes,High School,Low,5,9.0
S1088,Maria,Taylor,student88@university.com,Male,20,Mathematics,88.09,85.8,92.74,34.55,82.11,39.79,44.11,63.18,D,Yes,No,Master's,Medium,0,8.1
S1089,Omar,Williams,student89@university.com,Female,21,Computer Science,92.12,51.77,32.46,63.88,73.17,73.23,31.04,54.26,D,No,Yes,High School,High,7,10.0
S1090,Sara,Brown,student90@university.com,Male,23,Engineering,69.4,68.4,88.96,43.63,60.07,53.21,40.41,59.11,D,No,No,Bachelor's,Low,6,6.9
S1091,Sara,Clark,student91@university.com,Male,19,Physics,95.0,98.25,69.15,96.07,79.38,46.34,76.82,77.67,B,No,No,Bachelor's,High,7,7.6
S1092,Liam,Lee,student92@university.com,Female,22,Physics,77.07,53.98,98.93,84.89,70.61,77.82,38.98,70.87,C,No,No,Bachelor's,Low,5,8.7
S1093,Noah,Lee,student93@university.com,Female,23,Computer Science,92.4,67.46,55.25,51.42,94.22,61.53,53.92,63.97,D,Yes,Yes,High School,High,3,20.0
S1094,Ahmed,Taylor,student94@university.com,Male,19,Engineering,62.97,77.44,94.74,30.71,74.93,94.5,31.32,67.27,C,No,No,High School,Low,7,16.8
S1095,Omar,Jones,student95@university.com,Female,25,Computer Science,89.82,72.57,41.1,83.64,63.61,30.98,40.34,55.37,D,No,Yes,Bachelor's,Low,6,12.9
S1096,Sara,Jones,student96@university.com,Female,18,Mathematics,63.82,47.9,49.88,73.65,77.48,49.37,96.99,65.88,C,No,Yes,Bachelor's,High,10,1.6
S1097,Ahmed,Taylor,student97@university.com,Male,24,Business,90.46,64.93,49.72,34.34,35.74,93.13,78.97,59.47,D,No,Yes,High School,Medium,8,6.3
S1098,Ayesha,Jones,student98@university.com,Female,25,Engineering,63.81,91.03,81.15,58.22,97.99,37.2,44.88,68.41,C,Yes,Yes,High School,Low,10,11.4
S1099,Maria,Ahmed,student99@university.com,Male,23,Engineering,96.14,46.93,89.14,40.83,81.57,82.33,69.82,68.44,C,No,Yes,High School,Medium,3,19.0
S1100,Maria,Ahmed,student100@university.com,Female,18,Computer Science,69.62,56.59,92.88,30.74,76.83,54.53,98.8,68.4,C,Yes,Yes,High School,Low,5,15.9
S1101,Sara,Khan,student101@university.com,Female,20,Computer Science,84.7,97.7,45.52,97.57,35.02,79.31,53.39,68.08,C,Yes,Yes,Bachelor's,Low,4,3.4
S1102,Noah,Wilson,student102@university.com,Male,21,Mathematics,66.39,35.61,76.67,90.72,61.32,37.12,93.77,65.87,C,Yes,No,Bachelor's,Medium,4,9.8
S1103,Liam,Taylor,student103@university.com,Female,25,Engineering,66.74,65.56,35.9,92.48,79.14,52.55,89.32,69.16,C,Yes,Yes,High School,High,9,3.3
S1104,Noah,Williams,student104@university.com,Male,25,Computer Science,60.42,39.97,30.1,46.0,56.46,74.02,52.2,49.79,F,No,No,Master's,Medium,4,13.5
S1105,Omar,Williams,student105@university.com,Female,25,Mathematics,94.19,45.08,78.09,75.91,93.43,91.15,38.24,70.32,C,Yes,No,Bachelor's,Medium,0,11.9
S1106,Noah,Jones,student106@university.com,Female,23,Business,61.69,87.61,45.87,96.28,97.11,48.71,44.91,70.08,C,Yes,Yes,Bachelor's,High,0,1.9
S1107,Noah,Lee,student107@university.com,Male,24,Mathematics,89.95,39.06,38.74,38.97,95.64,55.93,68.09,56.07,D,No,No,High School,Medium,8,13.1
S1108,Maria,Jones,student108@university.com,Female,25,Computer Science,98.19,93.61,64.94,40.6,37.23,93.28,89.51,69.86,C,No,No,Master's,Low,2,4.9
S1109,Maria,Smith,student109@university.com,Female,20,Business,65.69,41.56,39.54,91.83,69.79,42.08,51.61,56.07,D,No,Yes,High School,Medium,10,9.6
S1110,Maria,Williams,student110@university.com,Male,23,Business,90.03,77.25,33.03,94.98,46.88,74.64,71.16,66.32,C,No,No,Master's,High,10,10.7
S1111,Noah,Brown,student111@university.com,Female,25,Business,94.56,51.67,75.14,49.35,72.13,49.39,93.04,65.12,C,No,No,Bachelor's,High,5,9.9
S1112,Maria,Khan,student112@university.com,Female,23,Physics,96.71,93.78,47.6,88.28,47.44,55.21,83.23,69.26,C,Yes,Yes,Master's,Low,9,11.2
S1113,Liam,Khan,student113@university.com,Female,19,Engineering,82.71,42.3,59.92,60.93,34.29,91.9,66.4,59.29,D,No,Yes,Bachelor's,Low,9,18.1
S1114,Ahmed,Ahmed,student114@university.com,Female,21,Mathematics,69.98,60.09,44.72,57.56,46.01,38.49,36.13,47.17,F,Yes,No,Bachelor's,Medium,4,3.1
S1115,Ayesha,Khan,student115@university.com,Male,21,Mathematics,87.01,53.51,69.54,68.16,81.84,93.47,53.67,70.03,C,Yes,No,High School,Low,8,13.7
S1116,John,Wilson,student116@university.com,Male,25,Computer Science,65.05,93.28,85.91,66.54,68.49,60.97,54.09,71.55,C,No,Yes,High School,High,9,6.9
S1117,Sara,Wilson,student117@university.com,Male,19,Business,70.1,75.35,62.41,89.04,63.23,30.11,40.19,60.06,D,No,No,Bachelor's,Medium,1,2.4
S1118,Noah,Wilson,student118@university.com,Female,19,Physics,96.16,54.08,68.13,57.46,71.71,89.01,30.04,61.74,D,No,Yes,Bachelor's,High,4,13.2
S1119,Ahmed,Taylor,student119@university.com,Female,19,Physics,94.32,68.48,64.47,57.24,52.96,34.88,35.47,52.25,D,No,No,Master's,Low,10,15.7
S1120,John,Wilson,student120@university.com,Female,23,Computer Science,83.95,59.24,87.03,50.11,76.56,67.24,89.67,71.64,C,Yes,No,High School,Medium,3,8.1
S1121,Noah,Taylor,student121@university.com,Female,22,Computer Science,66.91,79.76,97.46,47.62,52.21,96.08,93.52,77.77,B,No,Yes,Bachelor's,High,6,14.0
S1122,Maria,Khan,student122@university.com,Female,18,Business,78.81,49.82,66.99,84.94,85.35,97.34,31.64,69.35,C,No,Yes,Bachelor's,Low,4,17.5
S1123,Sara,Lee,student123@university.com,Female,22,Physics,64.17,94.5,71.77,73.47,35.56,37.09,46.82,59.87,D,Yes,Yes,High School,Low,8,11.1
S1124,Maria,Brown,student124@university.com,Female,22,Computer Science,88.68,32.13,36.12,84.02,72.37,67.22,80.0,61.98,D,No,Yes,Bachelor's,Low,10,16.8
S1125,Sara,Brown,student125@university.com,Female,21,Computer Science,66.4,58.88,89.7,61.74,95.51,97.75,90.2,82.3,B,No,Yes,High School,High,3,10.4
S1126,Noah,Williams,student126@university.com,Female,25,Mathematics,77.27,73.9,46.22,94.11,46.9,67.14,88.11,69.4,C,Yes,No,Master's,Low,1,13.5
S1127,Noah,Lee,student127@university.com,Female,25,Physics,70.39,97.84,59.38,91.29,37.82,68.32,35.04,64.95,D,Yes,Yes,Master's,Medium,6,16.9
S1128,Sara,Lee,student128@university.com,Male,23,Engineering,84.02,89.03,85.36,94.28,36.17,53.31,33.83,65.33,C,Yes,No,High School,High,5,6.0
S1129,Emma,Khan,student129@university.com,Female,25,Mathematics,66.19,33.07,37.74,63.27,84.37,50.67,42.93,52.01,D,Yes,No,High School,Low,0,14.7
S1130,Emma,Clark,student130@university.com,Male,24,Mathematics,61.0,78.94,97.69,77.65,67.02,73.81,77.54,78.78,B,No,No,High School,High,10,11.7
S1131,Maria,Taylor,student131@university.com,Female,20,Physics,78.24,49.76,39.02,71.31,47.96,42.39,39.6,48.34,F,Yes,Yes,Bachelor's,High,5,16.2
S1132,Emma,Khan,student132@university.com,Male,21,Physics,76.51,68.46,88.09,84.94,79.38,84.55,51.46,76.15,B,Yes,No,Master's,Low,6,4.1
S1133,Ayesha,Lee,student133@university.com,Female,25,Mathematics,93.01,32.39,93.34,57.78,45.99,55.47,86.11,61.85,D,No,No,Bachelor's,High,2,10.9
S1134,John,Khan,student134@university.com,Female,18,Business,81.29,80.84,53.79,62.51,30.06,60.1,89.43,62.79,D,No,No,Master's,Medium,1,3.3
S1135,Omar,Clark,student135@university.com,Female,19,Engineering,97.55,46.39,87.73,40.97,54.39,73.23,59.24,60.33,D,No,Yes,Bachelor's,Medium,5,5.6
S1136,Maria,Brown,student136@university.com,Female,18,Computer Science,87.84,63.1,39.89,81.85,50.04,94.27,62.46,65.27,C,No,Yes,Master's,Medium,10,7.7
S1137,Liam,Taylor,student137@university.com,Male,23,Engineering,80.06,88.0,78.21,46.26,77.9,37.31,55.28,63.83,D,No,No,Bachelor's,High,5,19.9
S1138,Liam,Jones,student138@university.com,Male,25,Business,74.65,33.87,66.96,48.9,43.27,69.46,35.7,49.69,F,No,No,Master's,High,0,9.5
S1139,Ayesha,Ahmed,student139@university.com,Male,20,Computer Science,81.27,75.55,41.11,76.69,73.42,53.29,31.08,58.52,D,Yes,No,Master's,High,3,19.0
S1140,Ayesha,Taylor,student140@university.com,Female,22,Mathematics,73.72,46.99,75.23,82.57,52.81,35.45,67.52,60.09,D,No,No,High School,Low,4,11.3
S1141,Ahmed,Clark,student141@university.com,Male,21,Engineering,87.36,40.33,98.96,81.33,71.19,55.72,42.75,65.05,C,Yes,Yes,High School,Medium,6,7.9
S1142,Noah,Lee,student142@university.com,Female,20,Business,65.28,55.75,70.08,35.85,61.5,31.05,65.25,53.25,D,No,No,High School,Medium,7,13.2
S1143,Ahmed,Ahmed,student143@university.com,Female,21,Physics,76.51,96.79,71.4,60.82,48.4,85.2,62.26,70.81,C,Yes,Yes,Bachelor's,Low,1,14.1
S1144,Ayesha,Lee,student144@university.com,Male,19,Engineering,66.31,40.16,35.04,84.9,51.17,89.41,45.84,57.75,D,No,Yes,High School,Low,3,4.2
S1145,Sara,Jones,student145@university.com,Male,20,Physics,70.0,57.65,76.28,41.64,52.05,74.14,54.7,59.41,D,No,No,Master's,Low,4,2.1
S1146,Maria,Taylor,student146@university.com,Female,24,Engineering,96.3,57.53,89.44,80.97,99.71,79.74,63.74,78.52,B,Yes,Yes,High School,Low,9,14.1
S1147,John,Smith,student147@university.com,Female,19,Computer Science,71.09,62.85,86.76,67.12,38.23,57.89,89.02,66.98,C,Yes,No,High School,Low,10,3.8
S1148,Ahmed,Brown,student148@university.com,Female,18,Engineering,60.35,91.47,34.12,52.6,35.23,53.59,36.9,50.65,D,No,Yes,Master's,High,2,2.0
S1149,Liam,Ahmed,student149@university.com,Female,23,Mathematics,90.89,92.69,45.23,44.07,88.7,89.76,98.79,76.54,B,Yes,No,Master's,Medium,7,9.8
S1150,Liam,Khan,student150@university.com,Male,20,Computer Science,65.47,87.89,67.07,72.91,70.9,61.72,42.62,67.19,C,Yes,No,Bachelor's,Low,0,3.9
S1151,Maria,Lee,student151@university.com,Male,18,Business,80.62,65.7,59.06,69.81,96.39,89.26,91.24,78.58,B,No,No,Master's,Low,8,19.8
S1152,Sara,Brown,student152@university.com,Female,22,Physics,64.35,72.04,47.88,64.85,48.59,45.65,39.76,53.13,D,Yes,Yes,Bachelor's,Low,4,16.2
S1153,Ahmed,Williams,student153@university.com,Male,18,Mathematics,60.83,77.81,63.37,77.77,54.3,56.89,58.94,64.85,D,Yes,Yes,Master's,Low,8,3.9
S1154,John,Wilson,student154@university.com,Female,21,Mathematics,71.78,78.59,50.57,57.44,47.27,34.26,42.3,51.74,D,Yes,Yes,High School,Low,1,2.7
S1155,John,Khan,student155@university.com,Male,25,Computer Science,82.43,64.46,96.8,63.03,39.73,95.99,93.02,75.5,B,Yes,Yes,High School,Low,2,13.0
S1156,John,Ahmed,student156@university.com,Female,24,Engineering,98.71,46.47,58.58,65.54,56.03,95.82,36.34,59.8,D,No,No,Bachelor's,Low,6,7.4
S1157,John,Williams,student157@university.com,Male,19,Physics,70.98,65.59,37.5,80.58,51.42,67.16,43.87,57.69,D,Yes,Yes,High School,Low,1,9.2
S1158,Sara,Clark,student158@university.com,Female,19,Business,69.59,40.77,91.09,76.57,61.37,72.55,70.45,68.8,C,Yes,Yes,Master's,Medium,8,9.7
S1159,Maria,Clark,student159@university.com,Female,24,Computer Science,61.03,96.82,90.07,56.71,60.5,85.15,96.68,80.99,B,Yes,No,High School,High,0,4.4
S1160,Ayesha,Clark,student160@university.com,Male,25,Mathematics,97.92,98.89,52.78,82.98,38.26,99.77,56.94,71.6,C,No,Yes,Bachelor's,Low,7,10.2
S1161,Emma,Jones,student161@university.com,Female,24,Computer Science,72.49,88.94,30.69,54.53,72.4,45.16,52.34,57.34,D,Yes,No,High School,High,0,17.3
S1162,Sara,Lee,student162@university.com,Male,18,Business,80.14,88.96,51.55,92.33,68.43,74.38,87.34,77.17,B,No,No,High School,Low,10,2.8
S1163,John,Khan,student163@university.com,Female,24,Physics,65.52,71.84,84.72,78.24,44.63,90.02,36.05,67.58,C,No,Yes,Master's,Low,5,9.8
S1164,Ali,Taylor,student164@university.com,Male,24,Mathematics,89.72,86.35,53.03,44.92,85.05,96.76,99.3,77.57,B,Yes,No,Bachelor's,High,10,15.9
S1165,Ahmed,Smith,student165@university.com,Female,20,Engineering,68.36,44.01,78.86,57.2,65.74,83.38,99.97,71.53,C,No,Yes,Bachelor's,High,10,11.6
S1166,John,Brown,student166@university.com,Female,22,Engineering,99.82,80.54,86.77,94.15,57.85,70.6,79.84,78.29,B,No,Yes,Bachelor's,High,2,8.7
S1167,Ahmed,Smith,student167@university.com,Male,18,Computer Science,89.09,60.78,75.08,83.77,87.68,58.58,65.1,71.83,C,Yes,Yes,Master's,Medium,4,1.2
S1168,Ahmed,Williams,student168@university.com,Female,25,Business,99.97,81.3,62.55,95.92,50.34,47.85,83.09,70.18,C,No,Yes,High School,Medium,2,6.5
S1169,Omar,Taylor,student169@university.com,Female,22,Mathematics,79.45,96.39,79.69,33.7,78.5,82.32,40.25,68.47,C,No,Yes,Bachelor's,Low,0,18.2
S1170,Omar,Lee,student170@university.com,Male,20,Business,88.48,52.94,46.35,95.38,42.32,55.57,51.27,57.3,D,Yes,Yes,High School,Low,9,10.3
S1171,Ahmed,Ahmed,student171@university.com,Female,18,Business,90.59,38.49,94.79,81.12,31.97,83.7,34.0,60.68,D,Yes,No,High School,Low,5,13.8
S1172,Ayesha,Ahmed,student172@university.com,Male,18,Mathematics,70.73,98.94,57.1,61.61,35.68,54.21,34.16,56.95,D,Yes,No,High School,Low,0,10.1
S1173,Omar,Brown,student173@university.com,Female,19,Engineering,93.12,87.39,41.19,92.25,32.54,75.22,84.35,68.82,C,No,No,High School,High,2,4.9
S1174,Ayesha,Clark,student174@university.com,Female,20,Business,88.06,63.4,83.39,61.99,40.85,69.21,65.83,64.11,D,No,No,Master's,Low,3,16.7
S1175,Noah,Clark,student175@university.com,Male,25,Engineering,72.63,53.08,46.01,71.74,42.58,30.82,39.1,47.22,F,Yes,No,High School,High,3,16.6
S1176,Noah,Williams,student176@university.com,Male,21,Engineering,66.88,57.83,96.94,69.15,85.83,99.93,70.72,80.07,B,No,Yes,Bachelor's,High,0,10.5
S1177,Emma,Taylor,student177@university.com,Female,21,Engineering,88.21,63.05,95.58,62.26,48.82,79.34,65.63,69.11,C,Yes,Yes,Master's,High,3,17.6
S1178,Noah,Smith,student178@university.com,Female,23,Computer Science,91.54,62.64,94.62,75.34,36.47,53.7,78.89,66.94,C,No,No,Master's,High,10,18.3
S1179,Noah,Ahmed,student179@university.com,Female,19,Engineering,83.13,44.81,45.82,56.87,54.22,54.04,75.28,55.17,D,No,No,Master's,High,0,3.4
S1180,Noah,Lee,student180@university.com,Male,25,Mathematics,83.66,48.46,88.97,94.18,96.24,37.89,53.88,69.94,C,Yes,No,Master's,Low,7,9.1
S1181,Omar,Taylor,student181@university.com,Male,18,Business,97.79,58.95,60.8,44.98,42.35,62.1,44.14,52.22,D,No,Yes,Bachelor's,High,2,16.3
S1182,Ayesha,Ahmed,student182@university.com,Male,20,Computer Science,65.61,63.28,41.11,70.19,51.73,69.57,76.32,62.03,D,Yes,Yes,High School,High,4,14.8
S1183,Omar,Smith,student183@university.com,Female,18,Business,92.15,78.64,45.6,96.95,72.66,97.57,53.29,74.12,C,Yes,Yes,High School,Medium,5,4.5
S1184,Ayesha,Smith,student184@university.com,Male,21,Physics,96.93,70.22,37.88,30.34,95.75,85.67,77.97,66.31,C,Yes,No,Bachelor's,High,10,17.8
S1185,Sara,Ahmed,student185@university.com,Male,24,Engineering,69.17,70.7,58.34,71.45,76.27,81.26,40.39,66.4,C,No,No,High School,High,5,7.2
S1186,Ali,Lee,student186@university.com,Male,23,Mathematics,78.57,74.02,72.2,42.04,78.99,67.49,53.08,64.64,D,Yes,No,Master's,High,1,6.4
S1187,Noah,Wilson,student187@university.com,Female,19,Physics,65.94,65.29,54.97,51.23,62.47,50.81,81.59,61.06,D,Yes,No,Master's,Medium,6,15.1
S1188,Liam,Clark,student188@university.com,Female,18,Mathematics,78.61,73.89,62.79,87.61,53.98,83.81,90.69,75.46,B,Yes,No,High School,Medium,6,1.8
S1189,John,Ahmed,student189@university.com,Female,24,Business,69.44,72.21,50.75,57.5,39.42,86.34,73.86,63.35,D,Yes,No,Bachelor's,Low,0,2.1
S1190,Omar,Williams,student190@university.com,Female,18,Business,84.74,38.62,75.62,88.25,39.67,67.32,44.01,58.91,D,Yes,Yes,High School,Medium,1,6.3
S1191,Ahmed,Clark,student191@university.com,Male,21,Engineering,90.44,31.08,53.49,54.98,99.66,92.29,71.81,67.22,C,Yes,No,Bachelor's,Medium,1,2.6
S1192,Noah,Jones,student192@university.com,Female,19,Computer Science,60.03,62.88,50.14,77.71,40.48,69.94,83.59,64.12,D,No,Yes,High School,High,8,4.9
S1193,Maria,Khan,student193@university.com,Male,21,Engineering,93.76,95.12,41.79,61.4,40.04,92.51,53.34,64.03,D,Yes,Yes,Master's,High,9,13.8
S1194,Ali,Taylor,student194@university.com,Male,24,Engineering,95.81,92.78,92.34,69.24,37.46,31.48,82.12,67.57,C,Yes,No,Bachelor's,Medium,8,16.9
S1195,Maria,Brown,student195@university.com,Female,18,Business,70.96,34.97,35.67,58.4,79.91,38.68,96.12,57.29,D,Yes,Yes,Bachelor's,High,4,6.3
S1196,Ahmed,Ahmed,student196@university.com,Male,19,Engineering,74.87,32.81,72.21,92.1,50.02,45.23,90.45,63.8,D,No,Yes,Master's,Medium,4,10.0
S1197,Sara,Wilson,student197@university.com,Male,19,Computer Science,84.79,81.15,55.05,66.82,30.36,53.94,36.68,54.0,D,Yes,Yes,Bachelor's,Medium,4,5.2
S1198,Ayesha,Ahmed,student198@university.com,Male,23,Engineering,93.93,61.6,60.9,65.85,55.05,56.25,95.71,65.89,C,Yes,Yes,High School,High,2,19.1
S1199,Maria,Williams,student199@university.com,Male,24,Physics,93.26,40.14,72.35,44.67,40.85,76.41,33.38,51.3,D,No,No,Bachelor's,Low,9,19.4
S1200,Ahmed,Jones,student200@university.com,Female,24,Business,62.53,99.51,96.0,87.88,36.09,82.67,64.56,77.79,B,Yes,Yes,Master's,Medium,8,5.8
S1201,Sara,Wilson,student201@university.com,Male,20,Physics,93.25,54.33,98.33,67.65,59.31,61.33,70.19,68.52,C,Yes,Yes,Bachelor's,Low,4,12.7
S1202,John,Wilson,student202@university.com,Male,19,Physics,87.78,81.84,35.64,44.27,98.43,56.3,47.59,60.68,D,No,No,Master's,High,9,1.7
S1203,Sara,Wilson,student203@university.com,Female,25,Business,90.81,94.94,59.25,69.61,98.11,70.97,97.58,81.74,B,Yes,No,High School,Medium,6,3.2
S1204,Emma,Smith,student204@university.com,Female,21,Engineering,93.55,31.75,48.6,69.45,46.31,96.15,39.44,55.28,D,Yes,Yes,High School,Medium,1,3.7
S1205,Liam,Khan,student205@university.com,Female,23,Physics,73.79,57.67,90.22,63.34,71.93,71.74,86.62,73.59,C,No,Yes,Bachelor's,Medium,3,5.6
S1206,John,Clark,student206@university.com,Female,23,Business,66.3,65.86,35.87,72.52,62.59,52.99,89.9,63.29,D,No,Yes,Bachelor's,Low,4,7.4
S1207,Sara,Lee,student207@university.com,Female,20,Mathematics,96.12,66.26,40.04,48.25,86.29,54.67,59.42,59.16,D,No,Yes,Master's,Low,2,2.9
S1208,Emma,Ahmed,student208@university.com,Female,19,Computer Science,61.63,57.48,61.47,84.26,77.99,38.03,62.52,63.62,D,No,No,Master's,Medium,3,18.3
S1209,Ali,Smith,student209@university.com,Male,24,Mathematics,87.42,39.57,60.36,54.61,97.35,95.79,82.35,71.67,C,Yes,Yes,High School,Low,1,12.0
S1210,Noah,Wilson,student210@university.com,Male,20,Business,97.65,65.86,94.08,58.64,36.65,48.0,96.54,66.63,C,Yes,Yes,Master's,High,8,3.7
S1211,John,Clark,student211@university.com,Male,23,Physics,76.23,44.03,96.5,43.6,71.91,41.47,94.24,65.29,C,No,Yes,Bachelor's,Low,9,2.8
S1212,Maria,Taylor,student212@university.com,Male,18,Physics,85.36,72.83,50.18,78.16,79.99,67.0,96.13,74.05,C,No,No,Master's,Medium,8,19.6
S1213,Noah,Smith,student213@university.com,Female,22,Computer Science,77.08,69.03,89.57,91.42,46.43,35.54,82.02,69.0,C,No,Yes,Master's,Medium,8,15.2
S1214,Liam,Smith,student214@university.com,Female,25,Engineering,92.59,53.04,31.0,57.73,68.84,65.44,50.09,54.36,D,Yes,No,Master's,High,4,12.3
S1215,Sara,Wilson,student215@university.com,Female,20,Engineering,65.46,66.74,48.82,90.66,44.86,62.3,87.35,66.79,C,No,No,Master's,Medium,10,17.3
S1216,Maria,Ahmed,student216@university.com,Male,23,Physics,96.48,51.13,59.57,61.71,57.37,65.14,47.54,57.08,D,No,No,Bachelor's,High,3,13.7
S1217,Liam,Ahmed,student217@university.com,Female,22,Engineering,66.18,65.32,32.84,47.26,70.71,58.02,50.36,54.09,D,Yes,No,High School,High,8,3.2
S1218,Noah,Brown,student218@university.com,Female,19,Business,72.14,38.88,63.07,92.13,37.36,79.35,92.64,67.24,C,No,Yes,Bachelor's,Medium,2,12.0
S1219,Ayesha,Taylor,student219@university.com,Female,23,Physics,74.53,40.02,72.39,80.51,96.4,82.09,47.27,69.78,C,No,No,High School,Medium,1,9.1
S1220,John,Clark,student220@university.com,Female,18,Engineering,79.43,93.62,80.11,48.14,98.15,70.93,85.17,79.35,B,Yes,No,Bachelor's,Low,7,10.1
S1221,Ayesha,Jones,student221@university.com,Male,25,Mathematics,92.88,71.78,68.62,44.88,79.17,63.33,35.84,60.6,D,Yes,No,High School,High,0,6.7
S1222,Ali,Smith,student222@university.com,Male,19,Computer Science,80.7,69.16,51.04,33.96,90.31,53.96,92.67,65.18,C,No,Yes,Master's,Low,2,15.3
S1223,Ali,Khan,student223@university.com,Female,24,Computer Science,81.08,42.16,82.73,62.28,58.22,62.42,77.64,64.24,D,No,No,High School,Low,10,10.5
S1224,Liam,Brown,student224@university.com,Male,24,Computer Science,97.41,45.73,55.9,98.21,96.94,40.33,34.72,61.97,D,Yes,No,Master's,Low,0,19.8
S1225,Ayesha,Ahmed,student225@university.com,Male,24,Engineering,72.53,60.13,93.92,49.84,59.91,73.43,77.63,69.14,C,No,No,Master's,Medium,3,14.1
S1226,Maria,Smith,student226@university.com,Male,24,Physics,72.07,37.29,89.34,59.33,91.7,82.8,87.97,74.74,C,No,No,High School,Medium,3,16.9
S1227,Ali,Brown,student227@university.com,Male,19,Physics,68.27,87.86,43.61,32.27,68.43,35.02,77.51,57.45,D,No,Yes,High School,Low,0,8.4
S1228,Noah,Jones,student228@university.com,Male,21,Physics,83.94,90.61,53.35,86.2,45.76,67.55,36.87,63.39,D,Yes,No,Master's,High,2,6.4
S1229,Noah,Wilson,student229@university.com,Female,19,Computer Science,87.53,37.0,76.08,35.39,54.92,89.76,61.53,59.11,D,Yes,Yes,Master's,Low,3,9.3
S1230,Ahmed,Taylor,student230@university.com,Female,20,Engineering,91.28,77.12,93.83,41.69,33.95,38.85,84.52,61.66,D,Yes,No,Bachelor's,High,5,14.4
S1231,Liam,Lee,student231@university.com,Female,21,Computer Science,68.5,81.31,58.45,32.45,63.67,77.89,54.75,61.42,D,Yes,No,Master's,High,4,18.9
S1232,Liam,Wilson,student232@university.com,Female,19,Business,76.14,68.85,44.45,55.46,64.41,38.32,69.62,56.85,D,No,Yes,Bachelor's,Medium,6,11.8
S1233,Maria,Ahmed,student233@university.com,Male,25,Mathematics,78.81,92.32,38.88,46.49,70.23,33.57,72.02,58.92,D,No,No,Master's,Low,2,17.0
S1234,Ali,Smith,student234@university.com,Female,22,Mathematics,78.59,56.19,46.83,68.01,48.76,55.22,95.66,61.78,D,Yes,No,Master's,Medium,4,17.7
S1235,Liam,Ahmed,student235@university.com,Female,25,Physics,93.92,45.39,76.14,45.34,50.48,82.03,94.21,65.6,C,Yes,Yes,Master's,Low,10,12.0
S1236,Ayesha,Khan,student236@university.com,Female,21,Physics,95.64,33.68,68.88,65.08,63.59,42.88,30.7,50.8,D,No,Yes,Master's,Medium,2,10.6
S1237,Maria,Smith,student237@university.com,Male,21,Business,75.2,63.27,52.47,81.65,58.22,43.47,42.25,56.89,D,No,Yes,High School,High,5,9.0
S1238,Noah,Ahmed,student238@university.com,Female,24,Physics,78.71,84.25,95.0,86.0,93.08,52.55,39.47,75.06,B,No,No,Master's,Medium,6,8.4
S1239,Omar,Lee,student239@university.com,Male,22,Engineering,64.27,81.72,73.81,91.05,56.3,96.54,59.2,76.44,B,No,No,High School,Low,7,10.3
S1240,Omar,Jones,student240@university.com,Male,20,Physics,81.85,57.39,38.05,80.25,60.11,51.89,86.8,62.41,D,Yes,No,High School,High,2,3.8
S1241,Noah,Clark,student241@university.com,Female,24,Mathematics,97.59,85.06,58.3,51.3,89.7,71.05,39.87,65.88,C,Yes,Yes,Bachelor's,Low,5,19.0
S1242,Maria,Clark,student242@university.com,Female,21,Computer Science,75.17,52.43,71.11,62.82,43.21,59.73,42.14,55.24,D,Yes,No,Bachelor's,Low,5,18.8
S1243,Ayesha,Taylor,student243@university.com,Male,20,Computer Science,79.65,44.45,79.32,96.12,83.62,97.72,31.6,72.14,C,No,Yes,Master's,Medium,5,8.7
S1244,Ali,Smith,student244@university.com,Female,24,Engineering,66.92,85.47,93.35,63.16,56.65,65.9,39.95,67.41,C,Yes,Yes,Master's,High,6,8.4
S1245,Sara,Clark,student245@university.com,Female,18,Business,70.06,52.74,56.48,55.88,45.62,30.88,58.22,49.97,F,No,No,Bachelor's,Medium,8,17.2
S1246,Noah,Williams,student246@university.com,Female,24,Computer Science,82.01,41.37,79.38,77.89,52.63,70.9,76.54,66.45,C,Yes,Yes,Master's,Low,0,17.3
S1247,Maria,Lee,student247@university.com,Female,24,Mathematics,98.22,30.03,98.75,90.7,95.79,37.68,91.8,74.13,C,No,No,Master's,High,5,6.1
S1248,Omar,Clark,student248@university.com,Female,19,Business,77.3,94.16,34.78,79.34,98.86,96.63,64.29,78.01,B,Yes,Yes,High School,High,6,12.2
S1249,Ahmed,Smith,student249@university.com,Male,23,Computer Science,62.03,52.39,98.59,77.92,39.57,65.56,39.7,62.29,D,No,No,Bachelor's,High,3,8.5
S1250,Omar,Clark,student250@university.com,Male,20,Engineering,93.98,73.6,77.41,38.21,50.32,62.05,70.52,62.02,D,Yes,No,Master's,Medium,5,1.6
S1251,Ali,Ahmed,student251@university.com,Male,19,Computer Science,72.83,37.27,51.18,53.83,47.34,46.18,62.56,49.73,F,No,Yes,Master's,Medium,6,16.1
S1252,Maria,Taylor,student252@university.com,Female,23,Engineering,82.83,95.42,87.02,76.42,89.87,94.93,97.51,90.2,A,No,No,High School,High,6,9.4
S1253,Maria,Khan,student253@university.com,Male,22,Mathematics,97.62,80.62,48.05,44.28,87.36,40.45,86.99,64.62,D,Yes,Yes,High School,High,4,1.9
S1254,Ahmed,Brown,student254@university.com,Female,25,Computer Science,90.85,48.19,40.76,80.9,81.89,51.32,66.23,61.55,D,No,No,Bachelor's,Medium,9,5.8
S1255,Ayesha,Khan,student255@university.com,Male,19,Physics,87.91,71.54,73.71,36.64,53.54,65.84,36.75,56.34,D,No,No,Master's,High,9,18.1
S1256,Liam,Khan,student256@university.com,Female,22,Physics,85.91,55.99,94.05,71.96,93.11,41.96,43.01,66.68,C,Yes,No,Master's,Medium,10,15.9
S1257,Omar,Williams,student257@university.com,Female,18,Mathematics,86.11,57.96,97.3,80.69,78.78,97.62,49.65,77.0,B,No,No,Bachelor's,Low,5,13.9
S1258,Ahmed,Taylor,student258@university.com,Male,21,Business,90.56,43.37,92.24,78.2,77.29,38.99,42.06,62.03,D,Yes,No,Bachelor's,Medium,0,5.0
S1259,Omar,Lee,student259@university.com,Male,23,Computer Science,75.13,81.79,63.42,72.42,86.38,45.35,94.41,73.96,C,Yes,Yes,Master's,High,9,9.0
S1260,Noah,Lee,student260@university.com,Male,21,Business,87.49,87.75,41.34,85.63,86.26,60.12,44.38,67.58,C,No,Yes,Master's,Medium,5,11.8
S1261,Sara,Ahmed,student261@university.com,Male,24,Mathematics,97.44,60.88,45.12,86.43,39.33,51.49,61.01,57.38,D,Yes,No,Master's,High,8,18.0
S1262,Noah,Smith,student262@university.com,Female,19,Engineering,85.48,81.76,48.47,32.84,65.35,75.71,96.06,66.7,C,Yes,No,Master's,Low,2,14.0
S1263,Noah,Jones,student263@university.com,Male,24,Computer Science,89.12,53.35,36.3,45.91,37.77,45.57,95.87,52.46,D,Yes,No,Master's,Low,8,13.7
S1264,Ahmed,Jones,student264@university.com,Female,25,Physics,85.74,40.59,48.67,33.42,43.73,35.09,67.96,44.91,F,Yes,No,Master's,Medium,0,5.2
S1265,Omar,Ahmed,student265@university.com,Male,20,Physics,61.25,84.8,34.06,67.95,57.97,75.72,87.3,67.97,C,Yes,No,Master's,Low,3,11.8
S1266,Liam,Taylor,student266@university.com,Female,25,Mathematics,82.31,64.68,87.02,76.33,75.07,38.73,82.81,70.77,C,No,Yes,Master's,Medium,8,7.4
S1267,John,Ahmed,student267@university.com,Female,24,Business,62.53,74.89,63.99,43.17,32.62,66.51,44.6,54.3,D,Yes,No,High School,High,0,19.3
S1268,Maria,Taylor,student268@university.com,Female,22,Computer Science,74.72,92.87,88.35,55.77,62.04,49.6,98.2,74.47,C,No,Yes,High School,Low,5,1.9
S1269,Ali,Ahmed,student269@university.com,Male,25,Engineering,87.93,64.94,85.85,75.8,44.95,43.05,70.58,64.19,D,Yes,No,High School,Medium,2,16.9
S1270,Ayesha,Brown,student270@university.com,Female,21,Computer Science,82.56,47.1,46.26,30.97,95.62,82.96,91.67,65.76,C,Yes,No,Master's,High,2,3.6
S1271,Noah,Williams,student271@university.com,Male,22,Business,67.14,75.45,98.16,92.79,33.82,89.59,36.34,71.03,C,Yes,No,Bachelor's,Low,7,9.5
S1272,Ahmed,Wilson,student272@university.com,Male,25,Computer Science,78.19,32.71,46.05,53.73,84.28,66.88,79.49,60.52,D,Yes,Yes,High School,Medium,8,18.5
S1273,Sara,Smith,student273@university.com,Male,19,Business,62.62,66.14,98.38,80.17,90.31,54.82,63.47,75.55,B,No,No,Master's,Low,7,3.5
S1274,John,Khan,student274@university.com,Male,18,Computer Science,98.13,93.12,63.89,41.87,31.5,43.56,89.78,60.62,D,No,Yes,Master's,High,2,17.3
S1275,Ahmed,Smith,student275@university.com,Female,23,Physics,63.08,90.18,45.13,80.07,74.25,59.29,88.62,72.92,C,No,Yes,Bachelor's,Low,0,16.5
S1276,Ahmed,Smith,student276@university.com,Male,18,Computer Science,97.76,67.62,63.45,80.11,35.36,69.79,74.86,65.2,C,Yes,No,Bachelor's,Low,6,1.6
S1277,John,Khan,student277@university.com,Male,25,Mathematics,88.65,41.78,43.82,32.53,67.21,32.8,84.06,50.37,D,Yes,Yes,Bachelor's,Medium,2,10.9
S1278,Omar,Brown,student278@university.com,Male,18,Computer Science,94.05,53.84,45.68,53.42,89.47,94.99,71.27,68.11,C,No,Yes,Master's,Medium,4,13.4
S1279,Omar,Taylor,student279@university.com,Male,20,Mathematics,74.06,77.27,30.98,78.48,53.51,76.38,65.67,63.72,D,No,Yes,Master's,Low,9,14.1
S1280,Noah,Williams,student280@university.com,Male,22,Engineering,77.47,68.79,39.75,37.16,82.32,89.55,39.1,59.45,D,Yes,Yes,Master's,High,3,6.8
S1281,Maria,Lee,student281@university.com,Male,21,Mathematics,66.14,60.64,53.62,45.47,96.52,67.89,51.77,62.65,D,Yes,No,High School,High,7,15.0
S1282,Ahmed,Khan,student282@university.com,Female,19,Computer Science,64.01,56.86,94.85,50.45,30.61,51.89,81.63,61.05,D,No,No,Bachelor's,Medium,7,14.6
S1283,Emma,Williams,student283@university.com,Male,23,Physics,78.27,49.9,64.43,68.65,62.58,45.6,68.91,60.01,D,Yes,Yes,Bachelor's,Medium,3,4.7
S1284,Emma,Taylor,student284@university.com,Male,23,Mathematics,66.16,42.93,41.13,97.64,72.69,92.45,78.29,70.86,C,No,Yes,High School,High,1,15.3
S1285,Ahmed,Clark,student285@university.com,Female,20,Engineering,66.65,30.43,45.08,94.03,95.17,68.29,96.74,71.62,C,No,No,Bachelor's,High,0,6.1
S1286,Liam,Lee,student286@university.com,Male,25,Engineering,61.09,84.89,71.46,40.27,44.32,58.13,42.82,56.98,D,Yes,No,High School,High,9,2.4
S1287,Ahmed,Taylor,student287@university.com,Female,20,Mathematics,64.78,77.94,41.94,64.44,50.42,34.42,77.65,57.8,D,Yes,Yes,Bachelor's,High,5,19.5
S1288,John,Lee,student288@university.com,Male,21,Computer Science,60.19,71.27,70.51,62.3,39.04,54.27,36.06,55.57,D,No,No,High School,Medium,2,9.8
S1289,Omar,Brown,student289@university.com,Male,24,Computer Science,74.97,84.17,37.65,53.64,48.0,58.65,83.04,60.86,D,No,Yes,Bachelor's,Medium,5,3.2
S1290,Noah,Khan,student290@university.com,Female,19,Engineering,84.35,50.47,43.32,72.87,44.04,93.74,33.03,56.25,D,No,Yes,High School,Low,9,3.6
S1291,Ali,Clark,student291@university.com,Female,20,Physics,77.58,70.06,78.3,76.75,55.73,58.58,36.95,62.73,D,No,Yes,High School,Low,10,6.3
S1292,Ayesha,Wilson,student292@university.com,Female,21,Engineering,87.26,37.69,64.45,73.32,78.3,86.48,34.84,62.51,D,Yes,No,Bachelor's,Medium,1,11.1
S1293,Sara,Clark,student293@university.com,Female,20,Computer Science,96.6,83.02,83.09,45.71,79.17,31.07,73.56,65.94,C,No,Yes,Master's,Low,3,3.4
S1294,Ali,Clark,student294@university.com,Female,20,Computer Science,82.95,52.46,42.35,51.73,68.57,39.9,34.27,48.21,F,No,Yes,Master's,Low,1,3.2
S1295,Emma,Williams,student295@university.com,Female,23,Computer Science,69.93,74.61,40.12,31.06,97.9,49.79,68.46,60.32,D,No,Yes,Bachelor's,Medium,4,17.2
S1296,Liam,Clark,student296@university.com,Male,19,Business,92.92,59.93,48.87,53.26,46.24,68.51,44.49,53.55,D,Yes,Yes,Bachelor's,Medium,4,17.5
S1297,Emma,Brown,student297@university.com,Female,18,Physics,71.01,95.29,84.68,97.74,76.53,92.93,33.63,80.13,B,No,Yes,High School,Medium,2,13.2
S1298,Omar,Lee,student298@university.com,Male,23,Physics,67.07,51.56,62.77,63.37,52.01,52.07,68.71,58.41,D,Yes,Yes,Master's,Medium,4,4.5
S1299,Liam,Khan,student299@university.com,Female,21,Computer Science,62.97,53.36,52.75,89.94,59.32,81.07,52.45,64.81,D,Yes,No,Master's,Medium,9,1.5
S1300,Ayesha,Lee,student300@university.com,Female,20,Business,75.74,66.04,35.21,39.01,53.64,60.91,58.02,52.14,D,No,Yes,Bachelor's,Low,9,1.4
S1301,Maria,Jones,student301@university.com,Female,23,Business,82.42,95.97,40.53,55.08,97.8,73.23,38.87,66.91,C,No,Yes,High School,Low,1,8.1
S1302,Ali,Williams,student302@university.com,Male,22,Engineering,84.76,81.79,55.25,51.44,81.86,42.01,92.1,67.41,C,No,Yes,Master's,High,9,2.7
S1303,Emma,Williams,student303@university.com,Male,23,Physics,64.13,53.55,30.64,86.74,45.67,83.46,40.57,56.77,D,No,No,Bachelor's,Low,0,9.9
S1304,Sara,Jones,student304@university.com,Female,24,Computer Science,84.76,84.01,34.99,50.65,83.29,56.76,69.96,63.28,D,Yes,Yes,High School,High,0,17.7
S1305,Ali,Brown,student305@university.com,Male,22,Computer Science,78.09,70.86,90.29,59.29,46.61,53.77,30.56,58.56,D,No,No,Bachelor's,Low,10,10.6
S1306,Omar,Lee,student306@university.com,Male,22,Physics,64.24,74.44,30.13,80.32,45.05,78.22,45.82,59.0,D,Yes,No,Bachelor's,High,2,17.1
S1307,Sara,Lee,student307@university.com,Male,24,Engineering,83.96,53.91,65.61,89.25,76.13,67.63,70.07,70.43,C,Yes,No,High School,Medium,3,11.9
S1308,Ali,Williams,student308@university.com,Male,25,Computer Science,68.54,45.29,35.32,79.05,48.11,38.38,92.98,56.52,D,No,Yes,High School,Medium,4,16.2
S1309,Ayesha,Clark,student309@university.com,Female,21,Mathematics,69.26,35.31,45.96,32.25,93.79,90.15,49.54,57.83,D,Yes,Yes,Bachelor's,High,3,17.5
S1310,Ahmed,Williams,student310@university.com,Male,24,Computer Science,86.75,85.74,77.41,31.67,50.48,87.88,96.93,71.68,C,No,No,High School,Medium,8,11.1
S1311,Noah,Williams,student311@university.com,Female,21,Business,64.58,92.88,63.28,96.66,52.25,41.82,94.84,73.62,C,No,Yes,Bachelor's,Medium,2,5.7
S1312,Liam,Clark,student312@university.com,Male,19,Computer Science,62.31,34.86,48.68,40.49,33.84,69.55,98.49,54.32,D,Yes,No,Master's,Medium,10,7.0
S1313,Sara,Clark,student313@university.com,Male,19,Engineering,94.05,47.67,74.78,39.83,57.49,56.99,39.83,52.76,D,No,Yes,Bachelor's,High,1,14.4
S1314,Omar,Lee,student314@university.com,Male,21,Business,99.2,99.14,31.51,80.14,78.7,35.95,84.6,68.34,C,Yes,No,Bachelor's,Low,5,19.6
S1315,Noah,Wilson,student315@university.com,Male,22,Mathematics,74.91,82.34,40.37,30.53,53.64,73.92,98.08,63.15,D,No,No,High School,High,9,18.1
S1316,Liam,Brown,student316@university.com,Female,22,Engineering,92.51,64.99,35.78,67.69,32.22,36.62,76.34,52.27,D,No,No,Bachelor's,Medium,8,13.0
S1317,Ali,Jones,student317@university.com,Female,22,Computer Science,73.06,54.58,62.9,52.46,99.04,30.42,77.11,62.75,D,No,No,Master's,High,4,8.2
S1318,Ahmed,Khan,student318@university.com,Female,24,Mathematics,81.65,51.21,43.41,87.0,46.71,86.28,64.29,63.15,D,Yes,No,Bachelor's,High,0,14.0
S1319,Maria,Jones,student319@university.com,Female,21,Mathematics,93.23,54.21,47.57,43.61,78.65,86.5,95.31,67.64,C,No,No,Master's,High,6,10.5
S1320,Omar,Lee,student320@university.com,Male,19,Physics,97.1,77.51,86.04,75.34,31.37,30.41,65.16,60.97,D,Yes,No,Bachelor's,High,5,2.9
S1321,Noah,Jones,student321@university.com,Female,19,Physics,65.18,83.93,32.0,43.47,97.12,39.73,88.35,64.1,D,Yes,No,Bachelor's,Medium,10,3.7
S1322,Ahmed,Smith,student322@university.com,Male,21,Business,67.82,56.97,30.54,58.31,80.63,82.17,76.29,64.15,D,No,No,Master's,Medium,10,7.4
S1323,Liam,Ahmed,student323@university.com,Male,22,Engineering,95.4,81.65,94.39,67.67,56.57,92.56,36.05,71.48,C,No,Yes,Bachelor's,Low,6,17.0
S1324,Emma,Brown,student324@university.com,Male,25,Computer Science,92.11,71.53,49.82,66.99,67.58,79.66,44.55,63.35,D,No,No,High School,High,0,7.5
S1325,Ali,Jones,student325@university.com,Female,23,Business,81.67,37.38,46.35,69.39,75.52,41.49,46.27,52.73,D,Yes,Yes,Bachelor's,Medium,8,5.4
S1326,John,Taylor,student326@university.com,Female,22,Computer Science,75.61,34.15,53.54,49.9,48.38,50.49,94.86,55.22,D,No,Yes,Bachelor's,High,2,7.5
S1327,Noah,Lee,student327@university.com,Female,19,Mathematics,95.55,98.5,35.49,57.18,43.45,89.22,70.51,65.73,C,No,Yes,Bachelor's,High,1,15.4
S1328,Liam,Khan,student328@university.com,Female,24,Engineering,97.09,83.04,65.1,54.14,60.91,81.35,88.94,72.25,C,Yes,Yes,Bachelor's,Low,3,9.1
S1329,Ayesha,Williams,student329@university.com,Female,25,Business,78.78,75.43,46.48,69.61,44.07,40.86,68.1,57.42,D,No,Yes,Master's,Medium,7,6.5
S1330,Maria,Ahmed,student330@university.com,Male,20,Computer Science,73.83,65.97,40.02,74.75,71.55,71.06,53.08,62.74,D,No,No,Bachelor's,Medium,4,1.0
S1331,Maria,Wilson,student331@university.com,Female,25,Business,73.16,65.53,50.34,98.12,86.93,97.05,61.11,76.51,B,Yes,No,High School,Medium,10,10.0
S1332,Liam,Khan,student332@university.com,Female,23,Mathematics,89.69,89.6,91.96,73.32,93.37,79.79,81.3,84.89,B,No,No,Bachelor's,Low,10,15.8
S1333,Sara,Khan,student333@university.com,Female,23,Computer Science,73.3,74.18,97.61,80.52,67.12,62.13,30.1,68.61,C,Yes,Yes,Bachelor's,Medium,3,2.6
S1334,Ayesha,Jones,student334@university.com,Female,20,Mathematics,88.09,45.68,74.02,43.54,55.98,79.32,67.04,60.93,D,No,No,High School,High,10,13.2
S1335,Ali,Ahmed,student335@university.com,Male,21,Physics,85.18,88.55,70.56,31.35,73.55,40.0,75.95,63.33,D,No,No,High School,Medium,10,6.4
S1336,Emma,Khan,student336@university.com,Male,23,Physics,84.07,57.99,87.69,89.17,98.88,95.05,30.58,76.56,B,Yes,Yes,Bachelor's,High,2,6.7
S1337,Ahmed,Brown,student337@university.com,Male,25,Computer Science,83.82,72.65,47.91,70.62,71.08,83.57,86.43,72.04,C,Yes,No,Master's,High,9,9.0
S1338,Sara,Ahmed,student338@university.com,Female,24,Physics,63.22,70.37,54.84,71.24,68.11,46.81,51.27,60.44,D,Yes,No,Master's,Low,4,14.0
S1339,Ali,Smith,student339@university.com,Female,20,Computer Science,90.77,79.44,59.11,91.4,68.66,36.83,41.81,62.88,D,Yes,No,Bachelor's,High,5,4.2
S1340,Ayesha,Brown,student340@university.com,Female,23,Business,87.92,87.8,32.7,81.06,49.91,50.16,43.94,57.59,D,Yes,No,High School,Medium,8,6.7
S1341,Ali,Wilson,student341@university.com,Male,23,Mathematics,95.85,32.12,67.22,33.12,51.28,80.66,44.42,51.47,D,No,Yes,Master's,Low,6,1.5
S1342,Maria,Ahmed,student342@university.com,Male,21,Mathematics,68.62,53.95,72.8,57.67,51.44,81.64,81.61,66.52,C,No,No,Bachelor's,Low,6,10.6
S1343,Liam,Khan,student343@university.com,Male,25,Physics,62.52,57.91,90.16,96.27,68.31,53.84,51.39,69.65,C,Yes,No,Master's,High,7,12.8
S1344,Noah,Clark,student344@university.com,Male,18,Business,99.89,38.86,58.49,96.3,35.97,85.82,59.41,62.47,D,No,No,Bachelor's,High,0,14.3
S1345,Maria,Clark,student345@university.com,Male,20,Computer Science,61.07,65.81,50.85,61.11,91.63,59.95,64.85,65.7,C,Yes,Yes,Bachelor's,Medium,0,10.2
S1346,Sara,Jones,student346@university.com,Male,20,Mathematics,99.78,35.47,35.7,86.98,91.96,60.99,38.75,58.31,D,No,No,Master's,Low,2,6.0
S1347,Noah,Jones,student347@university.com,Female,21,Mathematics,70.09,56.45,53.61,36.57,43.52,59.17,32.9,47.04,F,No,Yes,High School,High,3,3.7
S1348,Emma,Lee,student348@university.com,Female,24,Physics,77.51,42.51,81.33,73.34,46.75,49.23,35.91,54.85,D,Yes,No,Master's,Medium,3,8.5
S1349,Liam,Khan,student349@university.com,Male,22,Mathematics,96.12,63.9,99.71,43.08,69.6,45.1,76.13,66.25,C,No,No,Bachelor's,High,3,13.1
S1350,Liam,Brown,student350@university.com,Male,22,Computer Science,86.09,64.07,51.64,83.87,38.41,98.26,92.34,71.43,C,Yes,Yes,Master's,Medium,7,6.2
S1351,Liam,Taylor,student351@university.com,Male,22,Computer Science,87.75,32.0,71.99,35.3,98.22,78.21,52.72,61.41,D,No,No,High School,Medium,6,3.1
S1352,Ali,Williams,student352@university.com,Male,23,Physics,61.52,32.61,68.62,57.46,30.44,87.44,55.93,55.42,D,Yes,No,Master's,Medium,2,14.2
S1353,John,Brown,student353@university.com,Female,25,Engineering,92.9,77.72,89.55,98.65,89.53,79.05,61.86,82.73,B,No,Yes,High School,Low,9,5.2
S1354,Liam,Brown,student354@university.com,Male,21,Mathematics,76.01,69.72,33.83,96.99,62.57,66.05,79.81,68.16,C,Yes,Yes,Master's,Medium,0,19.5
S1355,Omar,Wilson,student355@university.com,Female,23,Business,85.56,81.35,57.45,87.59,96.77,76.17,58.94,76.38,B,No,No,Bachelor's,Medium,10,15.3
S1356,Sara,Wilson,student356@university.com,Female,24,Business,76.21,83.04,74.57,70.04,72.41,40.49,34.37,62.49,D,Yes,No,High School,Low,4,12.0
S1357,John,Williams,student357@university.com,Male,18,Business,92.05,65.62,93.34,93.12,44.36,64.71,92.41,75.59,B,Yes,Yes,High School,Medium,3,6.9
S1358,Ayesha,Smith,student358@university.com,Male,21,Computer Science,90.49,38.67,77.46,64.95,77.72,97.51,86.95,73.88,C,Yes,Yes,High School,High,2,5.9
S1359,Sara,Jones,student359@university.com,Male,22,Computer Science,66.97,52.13,59.47,92.43,49.88,99.31,67.92,70.19,C,No,Yes,Bachelor's,Medium,1,9.3
S1360,Maria,Williams,student360@university.com,Female,25,Computer Science,72.41,56.25,69.93,45.34,47.87,54.5,59.94,55.64,D,No,Yes,Master's,Medium,10,19.3
S1361,Noah,Khan,student361@university.com,Male,20,Mathematics,91.19,95.41,82.48,35.31,80.38,92.18,86.83,78.77,B,Yes,No,High School,Low,4,12.5
S1362,Emma,Wilson,student362@university.com,Male,23,Computer Science,66.23,50.23,96.22,45.37,89.96,87.39,58.93,71.35,C,Yes,No,Bachelor's,Low,2,17.2
S1363,John,Brown,student363@university.com,Female,24,Physics,63.8,89.2,39.91,33.09,36.72,89.89,74.32,60.52,D,Yes,No,Bachelor's,High,2,11.5
S1364,John,Clark,student364@university.com,Male,23,Mathematics,85.89,34.93,48.62,77.51,32.78,62.23,48.76,50.8,D,No,No,High School,High,3,15.5
S1365,Ali,Taylor,student365@university.com,Female,25,Computer Science,91.15,33.11,95.95,72.24,63.6,31.24,78.35,62.41,D,No,Yes,Bachelor's,High,3,7.3
S1366,Noah,Khan,student366@university.com,Female,21,Business,63.72,54.01,71.16,41.43,95.71,50.05,62.19,62.43,D,Yes,No,Master's,Medium,0,6.1
S1367,Ayesha,Clark,student367@university.com,Female,19,Computer Science,99.8,71.42,48.76,99.72,57.63,70.97,55.24,67.29,C,No,No,Bachelor's,Low,1,8.9
S1368,Ahmed,Taylor,student368@university.com,Male,18,Engineering,62.95,85.25,31.92,58.21,36.68,36.21,84.21,55.41,D,Yes,No,Master's,Medium,8,18.3
S1369,Sara,Smith,student369@university.com,Female,18,Computer Science,82.66,55.93,51.76,37.55,47.03,33.69,99.43,54.23,D,Yes,Yes,Bachelor's,Low,8,13.0
S1370,Noah,Jones,student370@university.com,Female,21,Mathematics,66.44,71.85,40.62,49.0,47.51,39.62,41.61,48.37,F,No,Yes,Bachelor's,Medium,0,11.1
S1371,Maria,Williams,student371@university.com,Female,20,Physics,60.67,81.18,50.11,56.4,64.55,31.83,53.82,56.31,D,Yes,No,Master's,High,8,17.3
S1372,John,Taylor,student372@university.com,Female,21,Computer Science,76.3,86.24,95.3,57.04,64.01,51.08,37.9,65.26,C,No,No,Bachelor's,Low,6,8.0
S1373,Omar,Taylor,student373@university.com,Female,25,Engineering,85.36,92.73,57.59,46.59,41.13,94.68,36.76,61.58,D,No,Yes,High School,High,7,19.3
S1374,Noah,Lee,student374@university.com,Male,24,Computer Science,96.09,30.38,50.13,84.1,79.99,82.93,76.8,67.39,C,No,No,High School,Low,7,6.6
S1375,John,Jones,student375@university.com,Female,19,Mathematics,84.64,95.48,54.63,91.88,98.31,35.84,75.15,75.21,B,No,Yes,Bachelor's,Medium,6,8.3
S1376,Sara,Khan,student376@university.com,Female,19,Mathematics,77.04,55.1,55.04,89.8,71.85,62.39,60.69,65.81,C,Yes,No,High School,Low,0,15.8
S1377,Omar,Brown,student377@university.com,Male,25,Business,92.99,66.98,95.03,69.83,38.91,46.11,94.26,68.52,C,No,Yes,High School,High,3,14.2
S1378,Ahmed,Khan,student378@university.com,Female,20,Business,73.28,98.95,38.6,78.75,93.27,77.11,96.58,80.54,B,Yes,Yes,Master's,Medium,9,4.3
S1379,Emma,Smith,student379@university.com,Female,21,Computer Science,64.7,53.54,30.07,34.28,69.87,43.05,87.54,53.06,D,No,No,Master's,Low,0,2.7
S1380,Maria,Jones,student380@university.com,Female,24,Engineering,68.86,34.44,53.16,98.54,87.72,59.4,89.43,70.45,C,No,No,High School,Medium,8,13.8
S1381,Ayesha,Smith,student381@university.com,Female,21,Mathematics,65.84,70.61,73.37,31.92,69.1,57.87,32.43,55.88,D,Yes,Yes,High School,High,4,7.2
S1382,Emma,Brown,student382@university.com,Female,19,Engineering,60.25,35.44,78.01,82.04,78.1,64.81,85.07,70.58,C,Yes,No,Master's,Medium,6,14.9
S1383,Noah,Clark,student383@university.com,Female,21,Physics,99.02,61.95,38.13,84.94,71.38,95.79,82.2,72.4,C,Yes,Yes,Master's,Low,10,18.6
S1384,Liam,Ahmed,student384@university.com,Female,19,Computer Science,87.13,94.25,73.73,58.86,72.12,52.53,37.3,64.8,D,Yes,No,High School,Low,8,5.8
S1385,Maria,Wilson,student385@university.com,Male,22,Engineering,93.85,38.05,49.73,89.59,92.25,60.52,78.82,68.16,C,Yes,Yes,Master's,Low,0,7.6
S1386,Omar,Brown,student386@university.com,Male,25,Physics,95.48,55.23,83.08,51.22,40.29,74.38,83.34,64.59,D,No,No,Bachelor's,High,7,19.6
S1387,Sara,Clark,student387@university.com,Female,20,Computer Science,96.32,95.46,52.69,68.02,71.37,57.72,82.6,71.31,C,Yes,Yes,Master's,High,10,4.2
S1388,Sara,Khan,student388@university.com,Male,23,Computer Science,92.64,66.27,89.8,43.62,63.72,38.76,48.09,58.38,D,No,Yes,Bachelor's,Medium,8,7.4
S1389,Omar,Clark,student389@university.com,Female,23,Physics,64.12,68.13,93.96,78.02,60.85,40.87,56.9,66.45,C,Yes,Yes,Master's,High,1,18.4
S1390,Omar,Brown,student390@university.com,Female,20,Engineering,65.28,41.29,67.98,73.83,68.07,47.1,90.8,64.85,D,Yes,No,Bachelor's,High,0,6.1
S1391,Ahmed,Williams,student391@university.com,Female,22,Mathematics,98.84,72.42,50.83,64.27,66.41,92.63,70.86,69.57,C,No,Yes,Bachelor's,Low,6,5.2
S1392,Maria,Brown,student392@university.com,Male,22,Physics,96.26,86.89,77.74,92.14,56.83,40.49,78.59,72.11,C,Yes,Yes,Master's,Low,7,7.5
S1393,Liam,Wilson,student393@university.com,Female,24,Business,64.47,64.37,51.8,53.77,81.32,69.12,65.82,64.37,D,Yes,Yes,Bachelor's,High,7,13.7
S1394,Sara,Taylor,student394@university.com,Male,25,Physics,85.1,76.33,41.77,76.71,30.75,42.03,47.89,52.58,D,No,No,Bachelor's,Medium,0,12.4
S1395,Emma,Taylor,student395@university.com,Male,18,Business,77.04,40.76,73.71,39.88,85.15,46.06,70.94,59.42,D,Yes,No,High School,High,7,6.9
S1396,Noah,Ahmed,student396@university.com,Male,23,Physics,70.32,52.54,75.19,44.15,82.46,80.5,75.48,68.39,C,Yes,No,Master's,Medium,8,8.1
S1397,Omar,Clark,student397@university.com,Female,24,Business,69.45,74.9,70.92,49.64,84.27,70.11,63.12,68.83,C,No,No,High School,Low,4,19.7
S1398,Ali,Khan,student398@university.com,Female,20,Computer Science,82.37,63.7,51.43,96.3,66.39,36.57,39.01,58.9,D,Yes,No,Bachelor's,Low,7,4.0
S1399,Noah,Williams,student399@university.com,Female,21,Business,69.73,63.98,31.57,66.01,44.22,68.45,68.65,57.15,D,No,Yes,Bachelor's,High,1,4.2
S1400,Liam,Smith,student400@university.com,Male,18,Physics,72.9,57.94,83.15,70.1,78.4,86.79,80.49,76.15,B,Yes,No,Master's,Low,9,8.6
S1401,Ali,Khan,student401@university.com,Female,23,Business,74.3,98.61,75.74,67.1,99.89,59.85,93.39,82.43,B,No,Yes,Master's,High,10,2.4
S1402,Emma,Lee,student402@university.com,Female,19,Engineering,94.71,52.8,65.36,41.92,32.15,66.22,81.22,56.61,D,No,Yes,Master's,Medium,9,5.0
S1403,Ahmed,Wilson,student403@university.com,Female,21,Computer Science,76.48,56.22,85.96,43.38,93.78,30.19,97.81,67.89,C,No,No,High School,Low,2,15.2
S1404,Sara,Khan,student404@university.com,Female,20,Business,67.55,46.59,33.34,86.78,68.31,54.26,87.2,62.75,D,Yes,No,Master's,Medium,10,4.7
S1405,Emma,Williams,student405@university.com,Female,25,Physics,91.33,30.29,63.3,80.11,62.26,94.94,84.96,69.31,C,Yes,No,Master's,Low,5,19.0
S1406,Ayesha,Wilson,student406@university.com,Male,24,Mathematics,93.54,80.94,80.04,73.9,41.8,62.49,34.47,62.27,D,No,Yes,Master's,Medium,6,13.6
S1407,Liam,Clark,student407@university.com,Male,19,Business,70.88,46.55,65.04,90.39,43.88,55.41,72.02,62.21,D,No,Yes,Master's,High,1,2.2
S1408,John,Jones,student408@university.com,Male,25,Business,75.7,81.7,94.49,49.17,68.86,83.06,93.27,78.42,B,Yes,No,Bachelor's,High,7,13.1
S1409,Liam,Jones,student409@university.com,Female,22,Business,62.87,93.79,80.01,61.58,60.17,60.66,77.95,72.36,C,Yes,Yes,Bachelor's,Low,6,11.6
S1410,John,Taylor,student410@university.com,Female,21,Computer Science,66.86,73.08,96.67,39.05,41.52,60.62,49.19,60.02,D,Yes,No,Bachelor's,Low,6,15.3
S1411,Noah,Smith,student411@university.com,Female,18,Business,70.78,74.4,52.51,30.64,36.96,58.46,76.6,54.93,D,Yes,No,Bachelor's,Low,5,1.1
S1412,Ayesha,Taylor,student412@university.com,Female,25,Physics,61.07,54.84,69.81,98.92,60.83,81.09,90.56,76.01,B,No,Yes,Bachelor's,High,7,3.7
S1413,Omar,Smith,student413@university.com,Male,24,Mathematics,75.93,31.71,95.71,60.55,76.36,58.02,97.85,70.03,C,No,No,Master's,Low,9,19.2
S1414,Noah,Clark,student414@university.com,Female,18,Engineering,80.39,71.07,42.85,50.86,65.4,69.96,67.04,61.2,D,Yes,Yes,Master's,High,2,14.4
S1415,Emma,Ahmed,student415@university.com,Male,23,Business,91.44,81.58,92.24,68.09,98.84,86.11,76.64,83.92,B,Yes,Yes,High School,High,1,8.0
S1416,Ahmed,Lee,student416@university.com,Male,21,Engineering,69.78,43.21,39.82,81.24,85.75,43.9,62.08,59.33,D,No,No,High School,Low,1,4.4
S1417,Liam,Taylor,student417@university.com,Male,19,Mathematics,77.91,38.26,44.45,54.99,70.81,50.25,63.49,53.71,D,No,No,Bachelor's,Medium,8,4.4
S1418,Noah,Wilson,student418@university.com,Male,25,Engineering,76.26,54.63,45.69,74.49,83.62,54.94,92.57,67.66,C,Yes,No,Bachelor's,Low,8,6.8
S1419,John,Williams,student419@university.com,Male,20,Mathematics,91.95,96.45,82.74,76.31,76.13,85.03,49.21,77.64,B,No,No,Bachelor's,High,5,4.8
S1420,Omar,Brown,student420@university.com,Male,25,Physics,84.81,50.16,98.84,46.36,64.77,58.9,72.37,65.23,C,No,No,Master's,High,6,9.6
S1421,Omar,Jones,student421@university.com,Female,23,Mathematics,61.48,98.21,32.25,46.39,43.73,77.58,63.05,60.2,D,Yes,No,Bachelor's,High,9,2.1
S1422,Ahmed,Taylor,student422@university.com,Male,24,Physics,85.35,43.23,46.34,94.14,91.87,76.05,71.9,70.59,C,Yes,Yes,Master's,Low,10,4.7
S1423,Sara,Smith,student423@university.com,Male,21,Engineering,62.15,30.92,49.07,49.86,89.74,95.99,31.83,57.9,D,No,No,Bachelor's,Medium,9,7.0
S1424,Ali,Lee,student424@university.com,Female,20,Mathematics,77.81,32.67,40.78,64.94,99.83,54.32,56.38,58.15,D,No,No,High School,Medium,3,18.1
S1425,Liam,Taylor,student425@university.com,Female,24,Computer Science,92.34,96.38,38.93,35.62,62.64,64.31,49.71,57.93,D,No,No,High School,Medium,1,9.3
S1426,John,Wilson,student426@university.com,Male,21,Mathematics,83.73,58.72,64.12,52.0,95.02,35.66,37.95,57.24,D,No,No,High School,High,0,16.6
S1427,Emma,Taylor,student427@university.com,Female,24,Business,94.44,43.09,79.98,89.6,73.0,77.29,45.6,68.09,C,Yes,No,Bachelor's,Low,7,4.4
S1428,Sara,Taylor,student428@university.com,Female,20,Mathematics,72.14,91.16,40.33,60.18,73.35,95.81,77.26,73.02,C,Yes,Yes,Master's,High,1,12.1
S1429,Emma,Jones,student429@university.com,Male,25,Business,65.02,56.23,94.63,76.24,32.85,62.42,52.93,62.55,D,No,No,High School,Medium,0,6.2
S1430,Emma,Smith,student430@university.com,Female,19,Business,76.21,50.38,94.5,41.56,36.87,88.88,66.02,63.03,D,Yes,No,Master's,High,1,19.0
S1431,Maria,Jones,student431@university.com,Male,21,Engineering,65.61,86.54,33.99,96.91,90.44,86.62,95.59,81.68,B,Yes,Yes,High School,Low,4,10.9
S1432,Liam,Jones,student432@university.com,Male,24,Business,86.38,90.28,30.85,30.29,44.21,44.95,38.63,46.53,F,Yes,No,Bachelor's,Low,10,2.2
S1433,Noah,Taylor,student433@university.com,Female,22,Mathematics,87.7,35.15,78.66,68.92,38.33,54.51,57.08,55.44,D,No,No,Bachelor's,High,8,6.4
S1434,Ayesha,Clark,student434@university.com,Female,24,Engineering,64.04,50.01,35.52,50.0,62.52,89.58,97.19,64.14,D,Yes,Yes,Bachelor's,Medium,9,3.5
S1435,Ayesha,Taylor,student435@university.com,Male,23,Engineering,69.26,36.27,37.0,77.5,71.58,98.2,77.24,66.3,C,No,Yes,Bachelor's,High,3,15.4
S1436,Ahmed,Clark,student436@university.com,Female,19,Business,85.97,92.68,56.18,68.48,68.98,79.65,81.53,74.58,C,Yes,No,Bachelor's,High,7,14.5
S1437,Ali,Clark,student437@university.com,Male,20,Physics,64.49,40.16,47.81,37.49,81.06,36.17,42.72,47.57,F,No,No,Master's,Low,9,12.4
S1438,Ahmed,Taylor,student438@university.com,Male,22,Engineering,90.0,40.67,92.0,37.56,96.78,92.6,89.47,74.85,C,No,Yes,Bachelor's,Medium,8,18.6
S1439,Noah,Wilson,student439@university.com,Male,21,Engineering,60.08,72.88,67.95,93.11,46.76,42.14,55.54,63.06,D,Yes,No,Bachelor's,Low,1,5.8
S1440,Liam,Khan,student440@university.com,Female,19,Business,71.03,98.65,38.42,31.5,40.2,32.41,98.49,56.61,D,Yes,No,Master's,Low,5,11.4
S1441,Maria,Wilson,student441@university.com,Female,20,Computer Science,96.83,81.84,89.1,55.01,36.36,67.19,49.24,63.12,D,No,No,High School,Medium,6,8.5
S1442,Ayesha,Wilson,student442@university.com,Female,22,Computer Science,73.83,38.94,44.91,49.74,84.27,92.8,57.45,61.35,D,No,No,Master's,High,3,13.7
S1443,Emma,Lee,student443@university.com,Female,19,Engineering,95.24,42.26,39.83,54.55,33.92,53.24,46.29,45.02,F,No,Yes,Master's,High,0,18.4
S1444,Emma,Taylor,student444@university.com,Female,22,Engineering,99.91,69.64,98.91,41.68,64.92,57.46,51.11,63.95,D,Yes,No,High School,High,2,8.7
S1445,Ahmed,Wilson,student445@university.com,Male,23,Business,93.82,57.16,61.99,54.52,85.57,41.0,36.01,56.04,D,Yes,Yes,Master's,Low,10,10.2
S1446,Ahmed,Taylor,student446@university.com,Male,24,Business,67.25,41.99,91.71,75.52,44.71,94.02,62.61,68.43,C,No,Yes,High School,Low,0,15.5
S1447,Noah,Brown,student447@university.com,Female,23,Computer Science,80.67,96.24,76.87,63.18,54.44,65.45,62.76,69.82,C,No,Yes,High School,Low,0,11.8
S1448,John,Khan,student448@university.com,Male,18,Computer Science,96.12,91.04,88.65,77.74,63.0,46.83,59.93,71.2,C,No,No,Bachelor's,High,7,11.3
S1449,Sara,Clark,student449@university.com,Male,25,Business,65.64,96.2,73.22,49.46,46.04,50.55,33.5,58.16,D,Yes,Yes,Bachelor's,High,9,12.9
S1450,Ahmed,Khan,student450@university.com,Male,22,Engineering,78.38,61.98,72.29,66.48,82.45,32.34,47.66,60.53,D,Yes,No,Master's,High,6,5.6
S1451,Ayesha,Khan,student451@university.com,Female,23,Physics,83.49,97.38,72.73,53.76,96.59,88.17,93.87,83.75,B,Yes,Yes,Master's,High,3,9.5
S1452,Emma,Jones,student452@university.com,Female,18,Engineering,77.05,93.39,39.02,66.49,87.23,55.95,48.97,65.17,C,Yes,Yes,High School,High,3,8.9
S1453,Liam,Lee,student453@university.com,Female,20,Mathematics,84.46,64.37,65.14,89.54,82.11,91.35,34.85,71.23,C,No,No,Master's,Medium,9,8.5
S1454,Maria,Lee,student454@university.com,Male,24,Engineering,72.15,39.7,92.51,87.4,76.47,85.26,87.02,78.06,B,No,Yes,Master's,High,1,4.6
S1455,Omar,Jones,student455@university.com,Female,19,Physics,95.1,41.68,43.81,81.99,35.76,94.47,89.9,64.6,D,Yes,No,Master's,High,5,14.6
S1456,Omar,Smith,student456@university.com,Female,21,Computer Science,80.31,63.33,66.44,80.19,84.15,91.33,71.66,76.18,B,No,No,Master's,Low,0,12.3
S1457,John,Wilson,student457@university.com,Male,22,Business,69.32,84.13,44.14,69.69,85.69,68.19,66.05,69.65,C,Yes,Yes,High School,High,1,3.2
S1458,Sara,Ahmed,student458@university.com,Female,25,Business,60.16,52.96,89.9,79.65,42.22,87.13,51.34,67.2,C,Yes,No,Master's,Medium,2,6.4
S1459,Emma,Ahmed,student459@university.com,Female,24,Business,75.72,59.82,53.46,41.46,79.44,56.88,41.84,55.48,D,No,No,Bachelor's,High,2,9.0
S1460,Noah,Ahmed,student460@university.com,Female,20,Physics,64.69,68.82,65.29,57.28,44.85,73.39,66.41,62.67,D,Yes,No,High School,Low,2,2.3
S1461,Maria,Ahmed,student461@university.com,Male,25,Business,60.85,45.61,82.76,48.42,78.56,92.81,62.34,68.42,C,Yes,Yes,Master's,Low,2,3.4
S1462,Emma,Khan,student462@university.com,Female,21,Computer Science,85.35,57.64,82.04,37.36,98.91,50.8,67.33,65.68,C,Yes,Yes,Master's,High,1,4.7
S1463,Ahmed,Ahmed,student463@university.com,Female,25,Physics,98.62,49.94,45.91,76.94,82.36,32.87,70.85,59.81,D,No,Yes,High School,Low,4,13.0
S1464,Ali,Clark,student464@university.com,Male,25,Mathematics,93.0,40.91,82.41,75.38,74.74,94.89,52.23,70.09,C,Yes,Yes,Bachelor's,Medium,0,1.4
S1465,John,Ahmed,student465@university.com,Female,25,Mathematics,79.54,89.82,70.5,47.34,63.01,88.68,51.07,68.4,C,Yes,No,Bachelor's,High,2,1.9
S1466,Ali,Wilson,student466@university.com,Female,24,Computer Science,76.09,49.66,44.03,94.57,98.05,70.28,39.21,65.97,C,Yes,Yes,Master's,Low,10,11.1
S1467,Ali,Clark,student467@university.com,Male,24,Physics,65.83,38.49,67.59,52.05,64.5,70.47,54.75,57.98,D,No,Yes,High School,Low,4,16.8
S1468,Noah,Khan,student468@university.com,Female,19,Mathematics,94.6,90.97,97.67,39.32,95.79,49.14,61.61,72.42,C,Yes,No,Master's,Low,2,10.0
S1469,John,Williams,student469@university.com,Male,23,Physics,63.23,30.76,79.78,96.6,48.58,35.17,80.07,61.83,D,Yes,Yes,Master's,High,6,15.7
S1470,Emma,Wilson,student470@university.com,Male,19,Engineering,75.79,93.64,85.63,40.87,83.34,80.44,36.14,70.01,C,Yes,Yes,High School,Low,9,7.8
S1471,Emma,Ahmed,student471@university.com,Male,23,Physics,93.12,65.54,32.76,49.64,34.45,74.05,87.99,57.41,D,Yes,Yes,Bachelor's,Low,8,18.7
S1472,Liam,Lee,student472@university.com,Male,20,Mathematics,70.94,56.67,99.7,89.59,47.56,98.25,73.78,77.59,B,Yes,Yes,High School,High,3,8.5
S1473,Ayesha,Brown,student473@university.com,Male,18,Mathematics,91.13,43.84,84.37,75.23,78.13,48.13,56.79,64.42,D,No,No,High School,Medium,9,17.9
S1474,Noah,Ahmed,student474@university.com,Male,19,Physics,73.59,45.95,46.58,77.83,49.9,35.07,85.64,56.83,D,Yes,Yes,Bachelor's,Medium,6,2.5
S1475,Liam,Taylor,student475@university.com,Male,22,Computer Science,68.02,47.68,35.89,94.03,53.43,40.72,55.14,54.48,D,No,No,Bachelor's,High,0,18.0
S1476,Sara,Jones,student476@university.com,Male,24,Engineering,78.23,65.51,64.03,70.59,35.62,52.78,97.96,64.42,D,Yes,Yes,Bachelor's,Medium,8,2.8
S1477,Omar,Taylor,student477@university.com,Female,22,Mathematics,88.32,64.69,74.58,30.93,47.54,41.76,58.03,52.92,D,Yes,Yes,High School,Medium,0,7.1
S1478,Sara,Brown,student478@university.com,Male,19,Computer Science,96.56,60.0,43.85,82.82,50.59,32.42,39.29,51.5,D,Yes,Yes,High School,Low,9,12.3
S1479,Noah,Clark,student479@university.com,Male,21,Business,68.81,80.95,65.65,36.36,67.67,54.85,93.12,66.43,C,Yes,Yes,High School,Low,1,7.2
S1480,Emma,Smith,student480@university.com,Male,24,Mathematics,78.09,30.27,88.54,70.61,41.36,79.28,36.37,57.74,D,Yes,Yes,High School,Low,8,3.4
S1481,Maria,Lee,student481@university.com,Male,21,Business,65.26,94.27,30.98,97.41,73.43,74.5,73.02,73.94,C,No,No,Bachelor's,Medium,6,1.9
S1482,Liam,Jones,student482@university.com,Female,22,Mathematics,69.3,93.14,41.54,91.49,54.61,59.79,41.96,63.76,D,Yes,No,High School,High,7,6.5
S1483,Maria,Taylor,student483@university.com,Female,18,Computer Science,99.59,99.68,66.46,99.12,96.98,76.35,87.19,87.63,A,Yes,Yes,Bachelor's,High,0,1.8
S1484,Sara,Smith,student484@university.com,Male,21,Computer Science,91.6,37.98,43.67,73.07,81.64,99.43,34.58,61.73,D,Yes,Yes,High School,High,5,6.7
S1485,Noah,Ahmed,student485@university.com,Male,25,Engineering,98.19,55.67,65.63,41.85,91.87,97.24,78.27,71.75,C,Yes,Yes,Master's,High,1,5.9
S1486,Omar,Smith,student486@university.com,Female,25,Computer Science,91.91,41.7,38.19,66.24,50.09,30.36,86.83,52.23,D,No,No,Master's,High,8,11.6
S1487,Ahmed,Khan,student487@university.com,Male,20,Physics,86.66,31.12,64.57,59.16,45.74,51.9,93.4,57.65,D,No,No,Bachelor's,Medium,5,12.5
S1488,Sara,Khan,student488@university.com,Female,24,Physics,70.68,92.78,39.63,62.72,81.44,82.76,53.04,68.73,C,Yes,Yes,High School,Low,2,19.9
S1489,Ayesha,Smith,student489@university.com,Female,23,Computer Science,79.27,80.74,86.91,83.36,84.77,40.73,89.64,77.69,B,Yes,No,Bachelor's,Low,5,17.2
S1490,Omar,Wilson,student490@university.com,Female,22,Physics,83.96,98.1,95.28,86.66,57.54,76.04,75.44,81.51,B,Yes,No,Bachelor's,Medium,9,14.8
S1491,Maria,Clark,student491@university.com,Female,19,Mathematics,77.93,82.21,55.45,72.32,89.22,62.6,76.02,72.97,C,No,Yes,Bachelor's,Medium,1,3.5
S1492,Ali,Lee,student492@university.com,Female,19,Physics,95.56,87.64,45.86,59.11,42.19,51.55,41.54,54.65,D,No,No,High School,High,1,12.4
S1493,Liam,Jones,student493@university.com,Female,23,Business,76.37,51.68,80.74,57.74,77.68,61.03,38.14,61.17,D,Yes,Yes,High School,High,6,8.0
S1494,Noah,Taylor,student494@university.com,Male,23,Mathematics,66.01,58.9,94.88,58.11,55.27,71.84,67.74,67.79,C,No,No,Bachelor's,Medium,8,20.0
S1495,Emma,Williams,student495@university.com,Male,20,Physics,84.64,82.93,44.8,56.73,95.93,96.45,58.51,72.56,C,No,Yes,High School,Low,10,11.3
S1496,Noah,Wilson,student496@university.com,Male,24,Computer Science,73.23,45.59,50.09,67.72,42.28,76.25,66.66,58.1,D,Yes,No,Master's,Medium,4,17.1
S1497,Liam,Wilson,student497@university.com,Male,25,Engineering,66.51,47.99,44.52,79.04,71.34,51.41,79.02,62.22,D,Yes,Yes,Bachelor's,High,3,1.2
S1498,Ali,Brown,student498@university.com,Female,20,Physics,68.49,95.41,43.56,72.34,65.41,52.31,42.92,61.99,D,Yes,Yes,Bachelor's,Medium,6,5.2
S1499,Emma,Khan,student499@university.com,Male,24,Engineering,78.93,64.38,94.91,58.13,63.5,45.13,60.85,64.48,D,Yes,Yes,Bachelor's,Low,0,14.2
S1500,Ahmed,Smith,student500@university.com,Female,20,Mathematics,66.93,91.51,48.45,68.39,84.0,41.69,34.66,61.45,D,Yes,Yes,Master's,Low,8,3.0
S1501,Maria,Taylor,student501@university.com,Male,23,Computer Science,88.38,94.77,77.1,71.13,56.54,45.58,47.79,65.48,C,Yes,Yes,High School,Low,3,19.9
S1502,Ali,Ahmed,student502@university.com,Male,21,Computer Science,73.68,91.82,95.17,71.7,43.51,52.27,34.33,64.8,D,No,No,Bachelor's,High,9,11.4
S1503,Maria,Jones,student503@university.com,Female,20,Engineering,92.6,84.65,98.94,81.21,66.74,97.79,38.76,78.02,B,No,No,Bachelor's,High,8,15.2
S1504,Noah,Wilson,student504@university.com,Female,20,Engineering,91.19,94.85,37.78,65.78,49.66,76.27,60.68,64.17,D,Yes,Yes,High School,Medium,1,17.0
S1505,Noah,Smith,student505@university.com,Female,18,Business,66.54,55.71,68.62,42.06,79.05,70.25,58.52,62.37,D,No,No,High School,Medium,2,4.7
S1506,Noah,Brown,student506@university.com,Female,18,Mathematics,82.68,78.11,62.55,68.13,67.3,83.0,72.97,72.01,C,Yes,No,High School,Low,10,13.5
S1507,Ali,Williams,student507@university.com,Female,25,Business,63.14,61.38,58.65,39.85,76.71,76.23,69.23,63.68,D,No,Yes,Master's,Low,5,19.6
S1508,Ali,Brown,student508@university.com,Male,18,Business,82.93,98.39,30.39,95.32,66.83,53.52,64.02,68.08,C,Yes,No,Bachelor's,Medium,8,17.7
S1509,Emma,Williams,student509@university.com,Female,21,Physics,96.81,93.39,86.55,77.19,30.61,90.65,61.9,73.38,C,No,Yes,High School,High,10,11.4
S1510,Maria,Taylor,student510@university.com,Male,25,Engineering,79.34,52.71,35.69,81.37,43.87,74.87,89.9,63.07,D,Yes,No,Master's,Low,5,1.8
S1511,Ayesha,Clark,student511@university.com,Female,22,Engineering,84.46,35.95,79.52,91.37,72.54,44.62,83.14,67.86,C,No,No,High School,High,6,10.3
S1512,Liam,Lee,student512@university.com,Male,24,Mathematics,87.67,96.79,37.4,92.06,89.27,38.55,39.23,65.55,C,No,Yes,High School,Medium,1,17.9
S1513,Ali,Wilson,student513@university.com,Female,22,Physics,64.82,93.76,50.6,62.98,50.23,87.96,65.41,68.49,C,Yes,Yes,High School,Low,4,18.0
S1514,Ahmed,Taylor,student514@university.com,Female,21,Physics,86.31,57.88,79.04,36.24,94.44,43.35,46.94,59.65,D,No,Yes,High School,Medium,7,13.2
S1515,Liam,Lee,student515@university.com,Male,22,Physics,92.38,46.16,82.69,55.25,51.17,86.79,49.06,61.85,D,No,Yes,Bachelor's,High,1,5.6
S1516,Ali,Williams,student516@university.com,Female,20,Computer Science,88.08,65.57,31.41,53.15,66.11,96.82,70.72,63.96,D,No,Yes,Bachelor's,Medium,3,16.6
S1517,Ayesha,Clark,student517@university.com,Male,19,Business,80.8,60.85,99.94,51.43,74.94,67.5,50.87,67.59,C,Yes,Yes,Master's,High,3,13.0
S1518,Noah,Brown,student518@university.com,Male,20,Engineering,97.94,57.61,67.14,89.48,44.81,71.14,67.96,66.36,C,Yes,Yes,Master's,Medium,8,18.9
S1519,Maria,Jones,student519@university.com,Female,19,Engineering,89.74,72.11,49.63,71.89,96.08,70.46,77.22,72.9,C,Yes,No,Master's,High,2,3.1
S1520,Noah,Khan,student520@university.com,Male,18,Computer Science,88.9,99.79,33.08,60.92,96.96,89.04,87.78,77.93,B,Yes,Yes,Master's,Low,6,3.7
S1521,Emma,Brown,student521@university.com,Male,18,Mathematics,87.61,36.68,77.18,72.46,52.14,41.06,61.24,56.79,D,No,No,High School,Medium,9,5.0
S1522,Maria,Lee,student522@university.com,Female,22,Business,71.31,59.69,52.92,97.07,38.94,37.33,58.13,57.35,D,Yes,No,High School,Medium,1,1.2
S1523,Ali,Smith,student523@university.com,Male,25,Business,81.49,92.57,55.68,92.24,41.55,74.37,87.75,74.03,C,Yes,No,High School,High,8,9.6
S1524,Ali,Williams,student524@university.com,Female,21,Engineering,70.2,37.76,76.05,44.78,80.13,89.55,76.98,67.54,C,Yes,Yes,Master's,Medium,2,6.5
S1525,Emma,Khan,student525@university.com,Female,21,Physics,69.09,93.13,76.72,46.66,36.94,39.42,47.84,56.79,D,No,No,Master's,Low,3,3.6
S1526,Emma,Williams,student526@university.com,Male,19,Computer Science,62.23,92.18,99.02,79.2,84.1,46.62,71.8,78.82,B,Yes,No,Master's,High,8,10.8
S1527,Ali,Khan,student527@university.com,Male,23,Computer Science,80.13,58.33,58.95,95.06,82.99,96.81,58.38,75.09,B,Yes,Yes,High School,Low,4,19.6
S1528,Sara,Wilson,student528@university.com,Male,21,Business,78.7,64.54,87.56,97.6,34.26,75.8,32.93,65.45,C,No,No,High School,Low,2,10.5
S1529,Maria,Lee,student529@university.com,Female,24,Business,93.47,70.87,87.06,31.63,89.8,54.34,94.35,71.34,C,Yes,No,Master's,Low,4,4.7
S1530,Noah,Smith,student530@university.com,Female,25,Business,95.97,90.62,94.88,81.15,46.05,64.92,50.11,71.29,C,Yes,No,Bachelor's,Low,10,2.8
S1531,Sara,Ahmed,student531@university.com,Male,24,Physics,87.19,85.78,82.76,39.61,98.37,92.98,72.27,78.63,B,No,Yes,Master's,Medium,10,12.3
S1532,Ayesha,Smith,student532@university.com,Female,20,Engineering,91.64,59.47,60.09,89.63,50.36,97.41,44.38,66.89,C,No,No,High School,High,7,7.2
S1533,Ayesha,Wilson,student533@university.com,Male,23,Computer Science,90.72,63.87,51.18,53.49,96.89,44.45,63.35,62.21,D,No,No,Master's,Low,7,18.0
S1534,John,Lee,student534@university.com,Male,21,Mathematics,63.7,69.09,32.34,81.85,57.18,82.42,51.68,62.43,D,Yes,No,Master's,Low,4,16.2
S1535,John,Clark,student535@university.com,Male,20,Computer Science,60.26,92.09,70.98,51.59,73.2,30.83,71.58,65.05,C,Yes,Yes,High School,Low,7,19.0
S1536,Ali,Smith,student536@university.com,Female,23,Physics,65.65,58.04,72.66,81.56,87.41,93.62,94.16,81.24,B,Yes,No,High School,Medium,5,6.3
S1537,Noah,Ahmed,student537@university.com,Female,22,Business,68.86,44.74,80.44,46.47,80.24,88.49,71.23,68.6,C,Yes,No,Bachelor's,Medium,10,8.7
S1538,Noah,Jones,student538@university.com,Male,20,Physics,79.63,30.92,95.41,63.21,89.79,90.07,60.19,71.6,C,No,No,Master's,High,4,5.4
S1539,Omar,Ahmed,student539@university.com,Female,22,Physics,76.78,63.39,47.61,97.1,46.1,76.09,64.48,65.8,C,No,No,High School,High,9,10.8
S1540,Maria,Smith,student540@university.com,Male,20,Mathematics,99.88,43.76,46.03,38.71,72.67,67.32,79.99,58.08,D,Yes,Yes,Bachelor's,High,3,1.6
S1541,Ali,Jones,student541@university.com,Male,24,Business,99.64,43.83,84.43,49.81,56.99,98.54,60.46,65.68,C,No,Yes,High School,Medium,9,9.8
S1542,Omar,Williams,student542@university.com,Female,19,Physics,88.42,41.76,52.87,47.69,93.6,50.67,82.3,61.48,D,No,Yes,Master's,High,9,13.9
S1543,John,Smith,student543@university.com,Female,19,Computer Science,92.35,99.37,88.23,63.69,60.66,58.54,63.67,72.36,C,Yes,Yes,Bachelor's,High,4,8.5
S1544,Ahmed,Lee,student544@university.com,Male,24,Mathematics,89.0,32.07,90.8,33.97,48.99,79.03,79.35,60.7,D,Yes,Yes,Bachelor's,Medium,4,19.5
S1545,Maria,Williams,student545@university.com,Female,22,Computer Science,65.76,89.5,70.03,89.14,80.68,90.74,94.89,85.83,A,Yes,Yes,High School,High,7,3.2
S1546,Sara,Williams,student546@university.com,Male,25,Mathematics,94.91,45.27,45.31,79.91,63.38,73.9,38.14,57.65,D,Yes,Yes,High School,Low,10,9.2
S1547,Ali,Wilson,student547@university.com,Male,19,Mathematics,72.3,94.95,93.68,52.36,51.49,51.04,98.45,73.66,C,Yes,No,Master's,Medium,1,6.8
S1548,John,Clark,student548@university.com,Female,19,Business,63.67,40.96,86.09,70.95,40.81,71.21,97.67,67.95,C,No,Yes,High School,Medium,6,1.1
S1549,Liam,Lee,student549@university.com,Female,21,Computer Science,77.22,96.93,34.41,64.76,49.45,34.89,30.45,51.81,D,No,Yes,High School,Low,1,6.4
S1550,Omar,Taylor,student550@university.com,Female,22,Computer Science,69.74,88.94,88.24,80.5,91.59,67.8,54.69,78.63,B,Yes,Yes,Master's,Low,1,14.9
S1551,Ahmed,Taylor,student551@university.com,Female,22,Computer Science,71.29,61.64,63.26,48.03,88.24,60.59,83.3,67.51,C,No,No,Bachelor's,Low,4,3.4
S1552,Ahmed,Jones,student552@university.com,Female,22,Business,68.12,72.64,33.81,79.95,37.67,98.93,90.32,68.89,C,Yes,No,High School,High,2,11.9
S1553,Ali,Lee,student553@university.com,Male,24,Mathematics,64.29,42.35,72.86,84.05,61.0,92.26,40.38,65.48,C,Yes,Yes,Master's,Low,0,6.9
S1554,Sara,Smith,student554@university.com,Female,19,Business,77.38,30.41,89.7,84.85,68.48,84.5,74.16,72.02,C,No,Yes,High School,High,7,5.3
S1555,Liam,Taylor,student555@university.com,Male,25,Mathematics,74.42,96.39,86.86,62.96,51.12,99.07,95.24,81.94,B,Yes,Yes,High School,Low,0,8.3
S1556,Omar,Lee,student556@university.com,Female,21,Physics,90.65,90.16,89.68,90.36,56.77,49.91,84.99,76.98,B,No,Yes,High School,High,10,12.2
S1557,Emma,Ahmed,student557@university.com,Female,21,Physics,86.1,62.5,59.32,87.92,31.27,72.11,69.89,63.84,D,No,Yes,Bachelor's,High,0,18.3
S1558,Sara,Jones,student558@university.com,Male,23,Physics,92.09,56.87,34.51,73.69,61.63,51.38,95.07,62.19,D,No,No,High School,Medium,4,4.5
S1559,Omar,Smith,student559@university.com,Male,23,Computer Science,78.53,71.53,75.02,76.42,73.49,82.26,96.81,79.26,B,Yes,Yes,High School,Low,4,13.6
S1560,Emma,Clark,student560@university.com,Female,18,Physics,75.37,35.42,42.74,70.77,34.0,96.15,90.7,61.63,D,Yes,No,Bachelor's,High,10,4.1
S1561,John,Clark,student561@university.com,Female,23,Engineering,75.47,39.89,95.37,35.57,49.08,65.03,36.59,53.59,D,No,Yes,Master's,High,8,19.8
S1562,John,Smith,student562@university.com,Female,22,Mathematics,72.11,92.91,45.85,32.89,68.6,84.56,42.24,61.17,D,No,No,Bachelor's,Medium,0,9.9
S1563,Emma,Wilson,student563@university.com,Female,18,Physics,79.81,61.59,81.39,96.38,95.02,42.49,71.64,74.75,C,Yes,No,High School,Medium,8,9.3
S1564,Sara,Brown,student564@university.com,Male,20,Engineering,71.35,53.75,46.9,55.12,90.38,38.09,55.61,56.64,D,No,No,Master's,High,7,5.1
S1565,Ayesha,Brown,student565@university.com,Male,19,Physics,64.75,70.45,85.41,59.18,65.41,34.38,45.54,60.06,D,No,No,High School,Low,2,16.1
S1566,Ahmed,Williams,student566@university.com,Male,21,Computer Science,73.45,91.6,52.02,44.35,84.23,87.64,93.32,75.53,B,Yes,Yes,Bachelor's,High,7,12.2
S1567,Emma,Lee,student567@university.com,Female,20,Business,84.68,83.81,35.75,81.56,85.98,58.35,70.38,69.31,C,No,No,High School,Medium,8,11.4
S1568,Ali,Lee,student568@university.com,Male,19,Physics,67.66,86.55,65.11,91.75,88.31,61.69,75.17,78.1,B,No,No,Bachelor's,Medium,9,19.2
S1569,Ahmed,Clark,student569@university.com,Female,20,Physics,78.02,39.26,94.29,45.66,81.61,43.61,30.12,55.76,D,No,No,Bachelor's,Medium,9,13.4
S1570,Sara,Lee,student570@university.com,Male,25,Business,69.14,90.97,70.94,89.11,91.54,61.41,39.22,73.87,C,No,No,Bachelor's,High,0,18.3
S1571,Ahmed,Williams,student571@university.com,Female,18,Business,62.26,34.18,39.55,68.41,96.16,45.0,67.76,58.51,D,No,Yes,High School,Low,4,12.8
S1572,Omar,Clark,student572@university.com,Male,23,Physics,98.99,84.44,66.54,47.67,62.27,75.45,95.5,71.98,C,No,Yes,Master's,Low,9,12.0
S1573,John,Ahmed,student573@university.com,Male,21,Physics,83.93,53.59,36.02,85.88,49.24,56.23,63.66,57.44,D,Yes,No,Bachelor's,Low,3,3.8
S1574,Ayesha,Brown,student574@university.com,Female,19,Mathematics,78.5,97.63,54.44,85.53,48.26,49.52,54.8,65.03,C,Yes,Yes,High School,Low,7,4.3
S1575,Noah,Jones,student575@university.com,Male,24,Mathematics,64.34,63.79,85.29,98.61,98.89,78.39,54.22,79.86,B,Yes,No,Master's,High,1,5.9
S1576,Ayesha,Wilson,student576@university.com,Male,24,Business,82.87,62.2,33.11,60.11,41.68,39.02,98.9,55.84,D,No,Yes,Master's,Low,10,6.9
S1577,Maria,Ahmed,student577@university.com,Male,22,Computer Science,97.74,41.23,52.42,78.49,83.14,32.04,36.6,53.99,D,No,Yes,Master's,Medium,9,5.9
S1578,Ali,Clark,student578@university.com,Male,18,Mathematics,74.59,44.86,74.96,48.3,80.19,51.36,58.47,59.69,D,Yes,No,Bachelor's,Low,4,6.1
S1579,Sara,Jones,student579@university.com,Female,22,Engineering,69.77,58.28,68.7,65.61,95.28,38.68,48.54,62.52,D,Yes,No,High School,High,2,8.7
S1580,Emma,Wilson,student580@university.com,Female,23,Business,68.22,83.49,71.54,34.37,54.59,67.08,34.71,57.63,D,No,Yes,High School,High,5,7.3
S1581,Omar,Clark,student581@university.com,Female,23,Computer Science,87.29,43.25,62.14,35.72,78.13,61.57,71.45,58.71,D,No,Yes,Master's,Low,9,11.3
S1582,Omar,Jones,student582@university.com,Male,23,Engineering,71.5,99.45,49.89,60.6,43.84,85.36,38.67,62.97,D,No,Yes,High School,High,4,12.6
S1583,Liam,Smith,student583@university.com,Female,24,Mathematics,96.94,68.86,38.04,51.11,66.64,51.71,89.15,60.92,D,Yes,No,Bachelor's,High,3,17.7
S1584,Ahmed,Wilson,student584@university.com,Male,24,Computer Science,89.92,56.39,69.29,92.45,42.54,59.96,86.51,67.86,C,No,Yes,Master's,Low,1,10.2
S1585,Ahmed,Jones,student585@university.com,Female,22,Mathematics,66.38,51.32,82.99,70.26,80.23,67.31,90.31,73.74,C,No,Yes,Master's,Medium,10,11.4
S1586,Sara,Brown,student586@university.com,Female,25,Physics,60.05,72.3,65.2,95.45,37.35,62.71,96.27,71.55,C,Yes,No,Master's,Low,9,7.2
S1587,John,Brown,student587@university.com,Male,25,Physics,91.06,33.2,75.02,86.37,54.71,72.55,96.02,69.64,C,Yes,No,High School,High,10,2.0
S1588,Emma,Smith,student588@university.com,Male,25,Mathematics,90.77,86.38,48.12,60.17,31.53,30.87,90.67,57.96,D,No,No,High School,Medium,0,16.3
S1589,Omar,Lee,student589@university.com,Male,25,Business,76.88,50.59,56.58,51.01,93.64,88.51,30.99,61.89,D,Yes,No,Bachelor's,High,3,10.5
S1590,Maria,Taylor,student590@university.com,Male,24,Business,92.53,52.94,97.39,78.99,35.85,87.21,58.54,68.49,C,No,Yes,Master's,High,8,7.6
S1591,Emma,Khan,student591@university.com,Female,20,Engineering,88.67,72.7,72.2,60.26,89.88,64.38,83.1,73.75,C,No,Yes,Bachelor's,High,0,18.6
S1592,Ahmed,Wilson,student592@university.com,Male,23,Engineering,73.87,58.64,78.13,54.44,64.72,45.84,59.43,60.2,D,Yes,Yes,Master's,Low,4,17.1
S1593,Omar,Lee,student593@university.com,Male,18,Computer Science,62.64,37.02,39.54,65.71,94.29,42.72,78.13,59.57,D,No,Yes,High School,Medium,6,9.8
S1594,Ali,Brown,student594@university.com,Female,19,Physics,95.91,82.37,67.8,54.83,61.62,55.06,37.1,59.8,D,Yes,Yes,High School,High,2,12.4
S1595,Emma,Lee,student595@university.com,Female,21,Computer Science,76.17,72.23,64.36,85.74,71.69,73.5,81.56,74.85,C,No,Yes,Bachelor's,High,10,12.0
S1596,Emma,Ahmed,student596@university.com,Male,20,Engineering,86.22,83.15,97.32,41.93,45.51,48.82,64.44,63.53,D,No,No,Bachelor's,High,5,9.6
S1597,Liam,Khan,student597@university.com,Female,21,Physics,75.04,55.74,37.25,46.7,88.85,81.77,41.4,58.62,D,No,Yes,Master's,Medium,8,2.8
S1598,Sara,Williams,student598@university.com,Male,20,Engineering,99.27,75.03,74.65,84.35,45.58,47.29,38.96,60.98,D,Yes,Yes,Master's,High,9,16.8
S1599,John,Smith,student599@university.com,Male,22,Business,98.07,87.0,78.77,48.81,50.22,44.82,95.16,67.46,C,Yes,Yes,High School,High,4,9.6
S1600,Omar,Williams,student600@university.com,Male,24,Physics,61.39,91.66,35.66,71.95,34.72,72.53,73.56,63.35,D,No,Yes,Master's,Medium,1,9.0
S1601,Emma,Wilson,student601@university.com,Female,25,Computer Science,63.39,75.93,42.21,83.06,41.89,56.88,32.24,55.37,D,Yes,Yes,Bachelor's,High,10,3.7
S1602,John,Williams,student602@university.com,Female,18,Engineering,74.27,74.14,83.77,75.48,34.25,76.54,77.04,70.2,C,No,Yes,Master's,Medium,1,3.5
S1603,Emma,Wilson,student603@university.com,Female,20,Business,93.57,46.68,83.92,85.09,93.49,67.2,73.35,74.95,C,Yes,Yes,High School,Low,3,15.0
S1604,Emma,Smith,student604@university.com,Male,19,Business,90.58,62.27,35.7,73.74,34.56,49.22,32.86,48.06,F,No,Yes,Master's,Medium,10,7.6
S1605,John,Brown,student605@university.com,Male,23,Engineering,98.29,81.71,30.78,93.31,92.63,87.05,75.61,76.85,B,Yes,No,Master's,Medium,8,8.3
S1606,Omar,Taylor,student606@university.com,Male,18,Physics,91.91,39.29,87.89,97.18,70.96,78.87,94.78,78.16,B,Yes,No,Bachelor's,Low,3,15.8
S1607,Liam,Taylor,student607@university.com,Female,25,Computer Science,89.62,63.29,46.64,32.88,85.04,64.73,91.44,64.0,D,No,No,High School,Low,9,2.9
S1608,Emma,Smith,student608@university.com,Female,21,Mathematics,98.72,53.62,67.85,82.4,38.12,95.13,99.36,72.75,C,Yes,Yes,Master's,High,0,2.8
S1609,Ayesha,Jones,student609@university.com,Female,19,Business,64.03,30.28,96.98,45.71,38.09,75.88,83.71,61.77,D,No,Yes,Bachelor's,Low,8,11.2
S1610,Emma,Khan,student610@university.com,Female,25,Engineering,90.05,77.4,77.46,46.32,56.19,85.3,37.81,63.41,D,No,No,High School,High,9,10.4
S1611,Ahmed,Clark,student611@university.com,Female,23,Engineering,84.42,98.46,49.46,83.62,97.66,63.56,31.12,70.65,C,No,Yes,High School,Low,4,16.3
S1612,John,Taylor,student612@university.com,Male,25,Computer Science,86.06,37.54,63.35,59.75,71.26,36.06,53.81,53.63,D,No,No,High School,High,0,7.2
S1613,Maria,Jones,student613@university.com,Female,25,Physics,79.75,49.03,93.56,40.53,74.25,63.28,79.17,66.64,C,No,Yes,High School,Low,0,17.1
S1614,Noah,Smith,student614@university.com,Male,19,Engineering,60.58,32.98,71.16,85.16,66.51,87.01,49.79,65.44,C,Yes,Yes,Master's,Medium,10,11.1
S1615,Noah,Jones,student615@university.com,Male,25,Computer Science,69.8,84.21,65.43,80.02,99.08,38.35,91.39,76.41,B,Yes,Yes,Master's,Medium,4,10.2
S1616,Liam,Jones,student616@university.com,Female,25,Physics,91.11,72.97,50.01,46.01,52.29,71.78,60.98,59.01,D,Yes,Yes,Bachelor's,Low,5,1.1
S1617,Ayesha,Taylor,student617@university.com,Male,20,Business,71.48,88.36,70.32,70.5,47.87,37.89,74.15,64.85,D,Yes,Yes,High School,High,10,10.2
S1618,Liam,Lee,student618@university.com,Female,23,Physics,62.67,99.57,60.46,72.86,88.91,33.74,90.23,74.3,C,No,No,High School,Low,7,12.8
S1619,Sara,Lee,student619@university.com,Male,20,Computer Science,82.68,82.97,48.69,33.86,99.94,51.71,40.12,59.55,D,No,Yes,Bachelor's,Medium,4,12.4
S1620,Liam,Khan,student620@university.com,Female,25,Computer Science,94.31,52.19,33.71,72.78,85.17,95.28,80.75,69.98,C,No,Yes,Bachelor's,Medium,5,16.5
S1621,Noah,Jones,student621@university.com,Male,20,Physics,70.2,77.15,33.59,64.03,66.34,51.6,84.98,62.95,D,Yes,Yes,Master's,High,7,4.5
S1622,Noah,Wilson,student622@university.com,Male,18,Computer Science,72.33,40.58,57.04,98.5,56.94,89.17,35.43,62.94,D,No,No,Master's,High,2,11.3
S1623,John,Smith,student623@university.com,Male,19,Mathematics,90.58,99.09,39.78,87.04,93.81,45.69,72.82,73.04,C,Yes,Yes,High School,High,3,6.0
S1624,Maria,Khan,student624@university.com,Female,18,Computer Science,82.47,82.93,95.32,57.04,96.41,75.15,58.95,77.63,B,Yes,Yes,Bachelor's,Medium,9,19.5
S1625,Liam,Williams,student625@university.com,Female,25,Business,76.25,65.0,37.84,60.16,66.36,53.84,35.97,53.2,D,No,Yes,Bachelor's,Medium,5,17.0
S1626,Omar,Wilson,student626@university.com,Female,20,Mathematics,68.16,61.48,95.07,49.16,36.3,51.29,69.09,60.4,D,Yes,Yes,Master's,High,2,11.6
S1627,John,Williams,student627@university.com,Male,24,Engineering,76.82,85.86,58.99,45.86,89.46,90.27,85.24,75.95,B,No,Yes,Bachelor's,High,1,9.0
S1628,Liam,Lee,student628@university.com,Female,25,Physics,74.42,37.94,82.24,82.71,54.19,55.77,42.5,59.22,D,Yes,No,Bachelor's,Low,8,2.2
S1629,John,Brown,student629@university.com,Male,21,Computer Science,76.19,55.61,71.32,81.63,50.25,87.56,64.37,68.46,C,Yes,Yes,High School,Medium,6,18.4
S1630,Noah,Jones,student630@university.com,Female,21,Computer Science,94.06,54.64,79.14,60.58,42.62,58.36,64.38,59.95,D,Yes,Yes,Master's,High,0,13.0
S1631,John,Jones,student631@university.com,Female,20,Computer Science,87.8,96.69,55.5,46.37,86.47,88.77,65.5,73.22,C,Yes,No,Master's,Medium,6,13.3
S1632,Noah,Smith,student632@university.com,Female,24,Physics,74.86,94.69,43.67,48.97,97.71,63.39,85.23,72.28,C,Yes,Yes,Master's,Medium,7,8.2
S1633,Ali,Ahmed,student633@university.com,Male,23,Physics,65.25,57.57,48.63,91.79,36.99,31.47,50.65,52.85,D,Yes,No,Bachelor's,Low,5,14.6
S1634,Maria,Brown,student634@university.com,Male,20,Physics,96.12,74.11,54.95,57.48,44.17,34.27,51.13,52.68,D,No,No,Bachelor's,Low,1,10.5
S1635,Ayesha,Ahmed,student635@university.com,Male,19,Computer Science,84.86,42.39,61.21,45.06,44.09,81.0,38.71,52.08,D,No,No,High School,Medium,3,9.6
S1636,Liam,Ahmed,student636@university.com,Female,23,Business,79.92,44.99,88.19,76.23,87.43,94.57,62.37,75.63,B,Yes,Yes,High School,High,2,7.4
S1637,Ahmed,Lee,student637@university.com,Male,18,Engineering,69.26,81.99,89.33,76.55,35.71,64.16,97.04,74.13,C,No,Yes,High School,High,8,11.2
S1638,Emma,Wilson,student638@university.com,Female,20,Engineering,62.64,54.49,85.72,65.46,52.06,55.55,61.93,62.54,D,No,Yes,High School,High,0,14.3
S1639,Emma,Lee,student639@university.com,Male,20,Engineering,79.51,89.19,60.57,77.09,55.99,85.31,80.67,74.8,C,Yes,No,High School,Medium,6,17.7
S1640,Omar,Taylor,student640@university.com,Female,18,Mathematics,70.65,59.04,92.75,50.66,46.56,37.42,30.21,52.77,D,No,Yes,Bachelor's,High,2,20.0
S1641,Ali,Jones,student641@university.com,Male,20,Physics,96.66,90.54,84.76,66.29,30.17,33.71,42.51,58.0,D,Yes,No,Bachelor's,Medium,5,3.9
S1642,Ali,Williams,student642@university.com,Male,25,Mathematics,84.81,96.85,73.98,79.85,48.5,99.31,84.47,80.49,B,Yes,Yes,High School,High,7,10.6
S1643,Emma,Clark,student643@university.com,Female,20,Engineering,92.52,65.46,41.9,72.49,60.77,34.22,32.12,51.16,D,Yes,No,Bachelor's,Medium,2,5.3
S1644,John,Wilson,student644@university.com,Male,22,Physics,82.01,96.41,78.87,45.02,64.96,39.74,70.73,65.95,C,No,Yes,Bachelor's,High,4,5.0
S1645,Noah,Jones,student645@university.com,Male,22,Business,75.8,59.72,36.38,65.36,63.29,70.52,74.08,61.56,D,No,No,Master's,Medium,7,1.8
S1646,Sara,Lee,student646@university.com,Male,23,Computer Science,76.77,42.72,48.44,52.25,54.98,77.7,47.39,53.91,D,No,No,Bachelor's,High,0,4.2
S1647,Ali,Lee,student647@university.com,Male,24,Business,88.54,84.09,49.26,38.82,86.61,60.35,68.12,64.54,D,No,Yes,Master's,High,6,6.2
S1648,Noah,Wilson,student648@university.com,Female,23,Mathematics,74.01,33.1,87.01,42.18,53.36,64.01,41.78,53.57,D,Yes,No,Bachelor's,Medium,3,17.2
S1649,Ali,Williams,student649@university.com,Female,24,Business,82.04,98.7,65.66,79.14,49.32,91.82,50.67,72.55,C,Yes,No,Bachelor's,Low,1,13.7
S1650,Emma,Wilson,student650@university.com,Female,24,Mathematics,82.91,41.53,93.87,89.82,46.9,62.94,74.98,68.34,C,Yes,No,Master's,Medium,6,4.9
S1651,Omar,Taylor,student651@university.com,Male,20,Business,88.36,93.01,77.8,61.48,99.29,58.94,43.93,72.41,C,Yes,No,Bachelor's,Medium,2,7.0
S1652,Ahmed,Clark,student652@university.com,Female,20,Computer Science,90.4,51.44,50.1,52.5,93.79,65.57,88.5,66.98,C,Yes,No,Bachelor's,Medium,8,9.1
S1653,Maria,Taylor,student653@university.com,Male,20,Computer Science,60.84,70.83,85.86,47.13,49.73,78.48,87.62,69.94,C,No,No,Bachelor's,Low,8,9.9
S1654,Omar,Taylor,student654@university.com,Male,23,Computer Science,93.2,68.1,47.62,52.35,84.15,67.66,44.14,60.67,D,No,Yes,High School,Medium,0,8.6
S1655,Ali,Brown,student655@university.com,Male,22,Computer Science,69.43,37.7,71.88,35.23,64.01,51.86,42.68,50.56,D,Yes,Yes,Master's,Low,10,18.9
S1656,Ayesha,Ahmed,student656@university.com,Female,18,Computer Science,88.28,62.15,34.57,77.81,96.92,49.26,30.06,58.46,D,No,Yes,Master's,Medium,4,7.2
S1657,Ali,Wilson,student657@university.com,Male,23,Mathematics,91.43,38.13,72.38,97.54,96.87,58.61,97.81,76.89,B,No,No,Master's,Low,3,8.5
S1658,Ayesha,Brown,student658@university.com,Male,21,Engineering,95.74,83.06,63.08,40.47,85.57,37.22,59.24,61.44,D,Yes,No,High School,Medium,4,7.8
S1659,Ayesha,Taylor,student659@university.com,Male,21,Business,91.08,59.03,48.16,77.52,49.91,49.8,61.94,57.73,D,Yes,No,Bachelor's,High,6,13.7
S1660,John,Smith,student660@university.com,Male,22,Physics,94.1,96.69,47.35,37.85,48.84,70.56,37.14,56.4,D,Yes,No,Master's,Low,2,5.9
S1661,Noah,Smith,student661@university.com,Female,19,Business,68.11,57.78,73.26,47.31,42.52,42.27,33.94,49.51,F,Yes,Yes,Master's,High,1,14.6
S1662,Maria,Ahmed,student662@university.com,Female,18,Engineering,74.56,41.44,90.22,90.76,33.94,43.7,64.85,60.82,D,No,Yes,Bachelor's,High,1,19.2
S1663,John,Brown,student663@university.com,Male,25,Mathematics,98.08,42.37,72.74,80.18,60.8,91.4,55.8,67.22,C,No,Yes,Master's,Low,4,3.8
S1664,John,Wilson,student664@university.com,Male,20,Engineering,83.95,78.03,36.38,79.37,69.76,92.3,88.0,73.97,C,Yes,Yes,High School,High,7,8.2
S1665,Ayesha,Khan,student665@university.com,Female,24,Mathematics,95.69,33.29,76.5,86.62,66.12,33.11,87.46,63.85,D,Yes,Yes,Master's,High,0,19.1
S1666,Sara,Brown,student666@university.com,Female,22,Business,71.1,62.7,94.47,65.74,80.31,79.0,83.36,77.6,B,No,No,Bachelor's,Medium,5,7.9
S1667,Noah,Khan,student667@university.com,Male,19,Computer Science,70.94,45.86,87.98,85.73,59.97,50.95,78.3,68.13,C,Yes,Yes,High School,Medium,3,4.1
S1668,Liam,Wilson,student668@university.com,Female,19,Computer Science,76.27,44.24,54.77,90.84,82.53,75.87,83.29,71.92,C,No,No,Master's,Medium,6,3.8
S1669,Ali,Wilson,student669@university.com,Female,22,Business,60.74,63.56,51.97,65.14,70.29,84.39,55.47,65.14,C,Yes,Yes,Master's,High,6,4.2
S1670,Sara,Taylor,student670@university.com,Male,23,Engineering,90.02,56.43,52.52,85.17,86.49,58.74,93.74,72.18,C,No,No,Bachelor's,Low,9,16.2
S1671,Emma,Khan,student671@university.com,Male,23,Engineering,77.93,99.38,97.48,85.54,60.33,76.44,96.52,85.95,A,Yes,Yes,High School,Medium,7,14.0
S1672,Emma,Ahmed,student672@university.com,Male,24,Mathematics,69.16,97.6,79.59,39.65,97.4,70.07,39.37,70.61,C,Yes,Yes,Bachelor's,Low,0,16.2
S1673,John,Williams,student673@university.com,Male,19,Mathematics,96.57,50.08,79.39,58.88,68.51,32.0,51.27,56.69,D,Yes,No,Master's,High,9,3.1
S1674,John,Williams,student674@university.com,Female,20,Physics,68.84,39.3,41.51,87.03,77.02,86.88,45.24,62.83,D,Yes,No,High School,High,8,18.8
S1675,Ahmed,Lee,student675@university.com,Male,25,Physics,63.43,55.61,50.39,32.5,44.34,88.4,96.17,61.24,D,Yes,No,Bachelor's,Medium,0,19.5
S1676,Ahmed,Brown,student676@university.com,Female,22,Mathematics,90.71,80.31,46.9,84.71,36.74,79.3,70.65,66.44,C,Yes,No,Bachelor's,High,3,16.9
S1677,Sara,Khan,student677@university.com,Male,18,Computer Science,76.26,37.49,43.42,99.43,31.15,81.76,71.28,60.75,D,No,Yes,High School,Low,2,12.6
S1678,Ali,Lee,student678@university.com,Male,23,Engineering,76.18,68.18,37.32,97.47,82.92,79.52,83.25,74.78,C,Yes,No,Master's,Low,7,2.1
S1679,Maria,Williams,student679@university.com,Female,25,Computer Science,86.31,49.95,68.63,68.08,61.74,79.71,99.57,71.28,C,No,Yes,Master's,Medium,2,10.6
S1680,John,Wilson,student680@university.com,Female,21,Engineering,98.38,34.99,37.4,66.95,32.65,65.45,79.54,52.83,D,Yes,No,Master's,Medium,6,19.7
S1681,Noah,Brown,student681@university.com,Female,21,Physics,77.97,37.19,70.67,48.74,31.73,99.21,31.81,53.22,D,No,No,Master's,High,3,9.5
S1682,Ayesha,Smith,student682@university.com,Female,19,Business,64.47,48.45,47.49,65.94,95.29,69.59,56.96,63.95,D,No,Yes,Bachelor's,Low,9,1.9
S1683,Ahmed,Clark,student683@university.com,Male,21,Business,80.14,74.07,94.63,38.77,91.17,48.27,60.98,67.98,C,Yes,Yes,Bachelor's,Medium,9,16.7
S1684,Omar,Clark,student684@university.com,Male,23,Physics,75.23,56.44,51.76,80.38,92.48,32.55,56.83,61.74,D,No,No,Master's,Low,6,17.4
S1685,Liam,Clark,student685@university.com,Female,23,Mathematics,61.05,64.32,40.19,71.71,72.48,95.07,35.72,63.25,D,No,No,Bachelor's,Medium,3,4.7
S1686,Ayesha,Khan,student686@university.com,Female,21,Business,64.64,75.76,42.45,34.75,45.41,81.01,32.75,52.02,D,Yes,No,Bachelor's,High,9,4.7
S1687,John,Wilson,student687@university.com,Male,22,Physics,75.88,99.38,97.09,77.48,63.98,87.2,55.69,80.14,B,No,Yes,Bachelor's,Low,5,18.3
S1688,Emma,Khan,student688@university.com,Female,24,Business,74.63,74.48,39.93,97.13,93.86,73.68,51.34,71.74,C,No,Yes,Bachelor's,Medium,8,5.6
S1689,Ali,Jones,student689@university.com,Female,18,Physics,69.74,34.35,67.56,86.36,81.44,81.5,55.1,67.72,C,Yes,Yes,High School,Medium,10,5.4
S1690,Ahmed,Lee,student690@university.com,Male,20,Engineering,75.59,76.58,66.07,73.0,58.77,55.76,40.77,61.82,D,No,No,Bachelor's,High,4,10.6
S1691,Ayesha,Jones,student691@university.com,Male,25,Engineering,92.19,37.36,67.26,86.26,66.36,74.34,60.16,65.29,C,No,No,Bachelor's,Low,6,3.4
S1692,John,Ahmed,student692@university.com,Male,24,Computer Science,96.06,74.49,79.02,88.71,81.98,77.09,30.71,72.0,C,Yes,No,Bachelor's,Low,1,8.2
S1693,Omar,Ahmed,student693@university.com,Male,23,Engineering,97.08,55.87,77.84,83.47,74.46,47.27,71.05,68.33,C,No,No,High School,Low,9,3.4
S1694,Ahmed,Khan,student694@university.com,Female,21,Computer Science,81.46,57.08,45.39,69.29,59.6,38.44,92.06,60.31,D,No,Yes,Bachelor's,Medium,8,15.2
S1695,Ayesha,Brown,student695@university.com,Male,23,Engineering,70.42,92.84,88.78,37.39,48.26,37.87,79.41,64.09,D,No,No,Bachelor's,High,8,17.4
S1696,Ayesha,Taylor,student696@university.com,Female,22,Physics,99.37,56.46,67.1,39.72,60.78,66.61,59.02,58.28,D,No,No,Master's,Medium,4,13.3
S1697,Maria,Ahmed,student697@university.com,Female,22,Business,83.73,82.9,34.51,62.16,65.76,91.12,87.3,70.62,C,No,Yes,Bachelor's,Medium,9,17.7
S1698,John,Taylor,student698@university.com,Male,18,Business,80.53,62.99,69.08,86.94,41.38,82.95,45.21,64.76,D,Yes,Yes,Bachelor's,High,10,5.0
S1699,Ali,Williams,student699@university.com,Male,18,Physics,97.15,53.51,49.97,66.45,85.11,30.3,59.45,57.47,D,No,Yes,Master's,Medium,1,5.9
S1700,Sara,Brown,student700@university.com,Male,19,Mathematics,72.86,75.45,74.1,32.24,34.25,79.23,89.19,64.08,D,No,Yes,Bachelor's,Low,0,18.9
S1701,Ahmed,Williams,student701@university.com,Female,21,Business,64.28,87.58,50.79,53.74,56.01,94.42,50.54,65.51,C,No,No,Bachelor's,High,9,15.8
S1702,Maria,Lee,student702@university.com,Female,25,Computer Science,66.39,81.89,68.3,74.2,60.9,45.36,59.87,65.09,C,No,Yes,Master's,Low,2,10.9
S1703,Ali,Wilson,student703@university.com,Male,25,Physics,78.17,36.29,85.48,58.78,96.39,41.89,31.65,58.41,D,No,No,Bachelor's,Medium,4,14.0
S1704,Ayesha,Khan,student704@university.com,Female,25,Engineering,80.88,66.65,98.23,35.42,40.32,54.6,33.11,54.72,D,No,No,Master's,Low,3,3.4
S1705,Omar,Jones,student705@university.com,Male,25,Physics,97.13,66.22,93.98,70.99,32.54,80.45,70.95,69.19,C,No,No,High School,Medium,6,9.4
S1706,Maria,Brown,student706@university.com,Female,20,Physics,97.65,36.15,80.79,35.12,83.42,67.81,51.76,59.18,D,No,No,Bachelor's,Medium,10,19.8
S1707,John,Clark,student707@university.com,Female,20,Mathematics,63.09,44.81,68.18,94.34,33.89,56.08,78.34,62.61,D,No,Yes,High School,Medium,8,8.1
S1708,Liam,Ahmed,student708@university.com,Female,21,Business,71.72,94.09,61.24,55.72,54.82,73.61,42.52,63.67,D,No,Yes,High School,Medium,2,6.7
S1709,Noah,Clark,student709@university.com,Female,22,Mathematics,70.14,45.75,74.81,36.84,68.0,49.49,91.5,61.06,D,No,No,High School,High,0,18.8
S1710,Ayesha,Smith,student710@university.com,Male,25,Engineering,70.52,65.67,95.48,36.82,31.09,35.94,66.36,55.23,D,Yes,Yes,Bachelor's,Medium,4,3.3
S1711,Noah,Taylor,student711@university.com,Male,25,Computer Science,63.64,30.45,94.95,47.97,57.32,37.15,93.96,60.3,D,No,Yes,High School,Medium,4,5.3
S1712,Sara,Lee,student712@university.com,Male,25,Business,76.06,96.77,81.78,56.52,84.27,77.72,63.59,76.78,B,No,No,High School,Low,7,2.5
S1713,Emma,Smith,student713@university.com,Female,22,Physics,93.62,57.6,68.61,94.99,63.2,33.67,39.84,59.65,D,Yes,No,Bachelor's,High,1,7.0
S1714,Ayesha,Brown,student714@university.com,Male,25,Computer Science,69.67,99.07,44.03,78.25,95.82,77.12,73.9,78.03,B,No,No,High School,High,9,14.9
S1715,Maria,Wilson,student715@university.com,Male,24,Computer Science,78.89,47.83,62.84,70.5,69.55,64.86,49.15,60.79,D,Yes,Yes,Bachelor's,Medium,10,4.4
S1716,Ayesha,Jones,student716@university.com,Male,20,Engineering,93.74,32.55,68.28,54.35,84.44,61.18,68.64,61.57,D,No,Yes,Master's,Low,9,4.8
S1717,Ahmed,Taylor,student717@university.com,Male,23,Engineering,95.23,38.03,92.84,90.35,51.0,93.79,46.7,68.79,C,Yes,No,Master's,High,5,16.7
S1718,Maria,Lee,student718@university.com,Female,22,Business,85.39,32.15,98.91,92.68,63.72,90.39,74.28,75.36,B,No,No,Bachelor's,High,7,11.0
S1719,Noah,Clark,student719@university.com,Female,21,Mathematics,99.44,93.78,50.19,90.38,91.76,99.35,50.27,79.29,B,No,Yes,Master's,Medium,2,18.0
S1720,Ali,Jones,student720@university.com,Female,21,Engineering,97.85,95.93,88.3,31.65,50.65,90.53,94.82,75.31,B,Yes,Yes,Bachelor's,Medium,2,19.7
S1721,Emma,Khan,student721@university.com,Female,21,Mathematics,63.81,46.1,93.03,84.62,47.74,41.32,84.82,66.27,C,No,Yes,High School,Medium,5,1.7
S1722,Omar,Jones,student722@university.com,Male,25,Physics,63.04,52.74,88.46,57.43,55.05,41.33,31.01,54.34,D,Yes,No,Bachelor's,Low,2,9.6
S1723,Liam,Clark,student723@university.com,Male,19,Mathematics,60.05,55.15,78.78,35.78,70.86,74.22,59.43,62.37,D,No,Yes,Bachelor's,Low,5,16.2
S1724,Ayesha,Brown,student724@university.com,Male,22,Engineering,77.27,50.83,58.57,41.27,86.53,57.99,53.32,58.09,D,No,Yes,Bachelor's,Medium,7,16.5
S1725,Noah,Khan,student725@university.com,Male,25,Business,74.54,98.72,57.58,83.35,97.03,94.69,57.38,81.46,B,Yes,No,Bachelor's,Low,7,15.6
S1726,Liam,Jones,student726@university.com,Female,18,Mathematics,94.6,44.4,49.18,60.16,39.27,73.5,77.7,57.37,D,No,Yes,Master's,Medium,1,1.8
S1727,Ayesha,Smith,student727@university.com,Female,19,Mathematics,72.77,74.47,37.92,60.07,54.06,80.5,98.77,67.63,C,Yes,No,Bachelor's,Medium,9,7.2
S1728,Liam,Lee,student728@university.com,Male,21,Engineering,64.7,43.85,42.5,60.65,97.59,97.2,42.16,63.99,D,No,Yes,Bachelor's,Medium,1,5.5
S1729,Noah,Taylor,student729@university.com,Male,24,Physics,97.59,73.81,89.21,63.14,83.1,71.14,31.32,68.62,C,No,No,High School,High,5,13.6
S1730,Ahmed,Jones,student730@university.com,Female,24,Mathematics,93.83,99.08,35.31,84.38,35.67,89.67,31.59,62.62,D,Yes,Yes,High School,Low,5,11.1
S1731,Liam,Khan,student731@university.com,Female,19,Mathematics,97.45,67.4,48.92,88.48,95.13,50.57,70.83,70.22,C,No,No,High School,Low,9,7.9
S1732,John,Lee,student732@university.com,Male,18,Mathematics,62.83,68.58,30.64,77.01,83.72,94.65,83.93,73.09,C,Yes,Yes,Bachelor's,High,1,16.6
S1733,Noah,Brown,student733@university.com,Female,24,Physics,67.68,93.86,54.8,48.79,96.95,50.19,37.68,63.71,D,No,No,Bachelor's,High,8,4.9
S1734,Maria,Taylor,student734@university.com,Female,23,Physics,85.15,61.16,93.81,71.13,32.13,70.38,34.04,60.44,D,No,No,Master's,Medium,0,14.8
S1735,Liam,Smith,student735@university.com,Female,19,Business,85.0,84.4,57.42,93.66,87.78,82.04,45.26,75.09,B,Yes,No,Bachelor's,High,10,11.6
S1736,Ali,Smith,student736@university.com,Male,23,Physics,91.48,40.85,59.88,71.63,30.85,64.53,70.12,56.31,D,No,Yes,High School,Low,6,6.2
S1737,Noah,Williams,student737@university.com,Male,25,Physics,78.68,52.37,72.49,52.86,37.25,96.28,45.05,59.38,D,Yes,No,Master's,Low,3,13.1
S1738,Maria,Ahmed,student738@university.com,Female,19,Engineering,87.61,90.0,89.63,38.17,58.97,45.67,76.55,66.5,C,Yes,No,Master's,Medium,7,9.1
S1739,Sara,Williams,student739@university.com,Male,25,Engineering,84.26,82.02,84.99,64.27,60.23,51.29,58.45,66.88,C,No,No,High School,Medium,10,13.3
S1740,Emma,Clark,student740@university.com,Female,19,Engineering,92.45,66.16,97.82,34.75,69.64,59.91,40.32,61.43,D,Yes,Yes,Bachelor's,Medium,5,6.7
S1741,Ayesha,Ahmed,student741@university.com,Female,18,Computer Science,88.84,86.36,70.23,85.92,50.54,43.44,73.22,68.29,C,Yes,No,Master's,Low,2,3.2
S1742,Ahmed,Smith,student742@university.com,Female,22,Mathematics,84.74,41.57,63.45,91.34,58.33,32.87,70.5,59.68,D,No,No,Bachelor's,High,9,18.2
S1743,Liam,Lee,student743@university.com,Female,21,Engineering,90.6,61.35,86.99,91.85,61.05,69.86,64.11,72.54,C,No,No,Master's,Low,9,3.1
S1744,Ayesha,Clark,student744@university.com,Female,21,Computer Science,67.47,81.96,66.43,50.76,58.08,41.95,75.75,62.49,D,Yes,No,High School,Low,7,10.4
S1745,John,Jones,student745@university.com,Female,25,Computer Science,69.66,34.76,99.7,99.48,73.56,50.86,69.56,71.32,C,Yes,Yes,High School,Medium,2,7.9
S1746,John,Wilson,student746@university.com,Female,19,Physics,74.39,98.86,49.25,58.5,59.75,72.67,78.39,69.57,C,Yes,Yes,Master's,High,0,7.8
S1747,Liam,Khan,student747@university.com,Female,23,Engineering,69.88,78.03,68.27,78.24,88.91,83.72,84.14,80.22,B,No,Yes,Master's,High,7,16.5
S1748,Sara,Smith,student748@university.com,Female,21,Computer Science,77.97,69.89,65.92,36.43,56.12,85.77,42.94,59.51,D,Yes,Yes,High School,Medium,3,14.7
S1749,Emma,Lee,student749@university.com,Female,23,Computer Science,80.7,68.65,72.2,59.86,80.74,32.95,35.81,58.37,D,Yes,Yes,Bachelor's,Low,8,9.0
S1750,John,Ahmed,student750@university.com,Female,24,Mathematics,71.39,74.96,54.18,39.92,40.34,81.14,64.21,59.12,D,No,No,Bachelor's,Medium,0,14.3
S1751,Ali,Khan,student751@university.com,Male,20,Engineering,60.82,94.61,96.18,59.94,85.75,38.84,68.42,73.96,C,Yes,No,Bachelor's,Low,8,17.2
S1752,Maria,Smith,student752@university.com,Female,20,Physics,93.4,64.85,39.76,69.9,91.9,43.75,71.5,63.61,D,Yes,No,Master's,High,6,4.2
S1753,Emma,Ahmed,student753@university.com,Female,23,Business,84.34,57.32,81.28,64.47,35.88,89.92,73.19,67.01,C,Yes,Yes,Master's,Medium,0,3.1
S1754,Emma,Wilson,student754@university.com,Female,22,Engineering,73.26,37.35,72.49,66.27,84.91,48.75,94.42,67.36,C,No,No,Bachelor's,High,5,19.6
S1755,Emma,Smith,student755@university.com,Male,18,Business,95.44,55.58,80.99,79.6,64.96,84.26,66.45,71.97,C,Yes,Yes,Bachelor's,Low,7,8.3
S1756,Ayesha,Williams,student756@university.com,Female,20,Business,84.01,59.13,74.08,49.22,55.46,40.17,71.81,58.31,D,Yes,No,Master's,Medium,4,15.4
S1757,Ahmed,Ahmed,student757@university.com,Male,21,Engineering,95.86,59.39,95.25,43.41,70.87,56.47,73.09,66.41,C,No,No,High School,Medium,7,8.2
S1758,Ali,Jones,student758@university.com,Male,25,Mathematics,62.82,56.47,81.0,97.44,40.87,54.96,35.82,61.09,D,No,No,High School,High,4,4.1
S1759,Maria,Jones,student759@university.com,Female,23,Physics,92.53,84.1,61.88,38.77,87.07,75.15,62.34,68.22,C,No,No,Master's,High,3,2.2
S1760,Omar,Smith,student760@university.com,Female,25,Business,89.5,31.71,41.85,55.55,38.45,43.82,52.2,43.93,F,Yes,Yes,Bachelor's,Medium,2,2.8
S1761,Maria,Khan,student761@university.com,Female,20,Business,60.13,84.7,94.92,59.03,98.04,81.04,68.44,81.03,B,No,No,Bachelor's,Low,1,12.8
S1762,Ayesha,Smith,student762@university.com,Male,25,Mathematics,77.95,78.76,95.0,41.53,50.89,75.19,55.38,66.12,C,Yes,No,Bachelor's,High,8,8.1
S1763,John,Lee,student763@university.com,Female,23,Mathematics,97.89,58.45,32.13,49.83,73.18,79.52,51.49,57.43,D,No,Yes,Bachelor's,Medium,9,3.5
S1764,Maria,Lee,student764@university.com,Male,21,Business,97.35,99.23,72.86,87.19,81.5,42.98,51.61,72.56,C,No,No,Bachelor's,Low,6,19.1
S1765,Sara,Williams,student765@university.com,Female,24,Business,94.48,30.48,64.42,93.4,46.38,66.82,34.5,56.0,D,No,No,Master's,High,8,10.3
S1766,Liam,Ahmed,student766@university.com,Female,23,Computer Science,75.16,36.93,99.45,77.84,51.7,39.02,71.9,62.81,D,Yes,Yes,Master's,Medium,2,4.7
S1767,John,Jones,student767@university.com,Female,23,Business,85.42,49.68,72.25,68.5,76.38,50.67,37.0,59.08,D,Yes,No,Bachelor's,Medium,0,4.5
S1768,Omar,Khan,student768@university.com,Male,22,Business,63.94,76.98,63.5,60.77,45.61,52.07,84.79,63.95,D,No,Yes,Bachelor's,Low,9,8.2
S1769,Maria,Williams,student769@university.com,Female,19,Mathematics,82.66,51.5,32.46,46.65,90.14,60.83,98.44,63.34,D,Yes,Yes,Master's,Medium,3,9.9
S1770,Noah,Smith,student770@university.com,Female,24,Engineering,73.61,37.38,98.52,31.06,41.42,65.41,59.42,55.53,D,No,Yes,Bachelor's,Medium,1,9.0
S1771,Emma,Khan,student771@university.com,Male,25,Computer Science,79.68,90.18,54.38,47.97,65.23,44.01,46.45,58.04,D,No,No,Bachelor's,Low,2,18.5
S1772,Maria,Jones,student772@university.com,Male,23,Engineering,83.21,43.82,93.12,53.68,48.6,31.73,37.8,51.46,D,Yes,Yes,Master's,High,10,11.5
S1773,Noah,Williams,student773@university.com,Male,25,Mathematics,67.13,91.69,64.12,64.67,93.91,94.76,78.21,81.23,B,Yes,Yes,Master's,High,0,14.3
S1774,Sara,Wilson,student774@university.com,Female,23,Business,62.27,84.67,81.92,92.57,72.88,70.4,86.23,81.44,B,Yes,Yes,High School,High,4,6.8
S1775,Omar,Clark,student775@university.com,Female,19,Engineering,80.42,97.78,48.11,50.72,52.84,82.83,87.38,69.94,C,Yes,Yes,High School,High,1,2.9
S1776,Noah,Jones,student776@university.com,Female,22,Physics,92.0,32.83,54.85,47.67,58.66,34.51,81.77,51.72,D,Yes,Yes,High School,Low,4,10.0
S1777,Sara,Ahmed,student777@university.com,Male,18,Mathematics,93.23,63.7,40.77,67.27,61.78,96.94,62.25,65.45,C,No,No,High School,High,8,5.2
S1778,Maria,Khan,student778@university.com,Female,22,Business,73.88,78.25,32.95,96.08,54.09,91.44,93.39,74.37,C,No,No,Master's,High,10,2.8
S1779,Maria,Williams,student779@university.com,Male,23,Mathematics,97.68,58.75,36.91,57.35,99.96,50.21,92.58,65.96,C,No,No,High School,Low,3,6.8
S1780,Maria,Taylor,student780@university.com,Female,25,Mathematics,84.93,47.05,98.78,67.53,82.5,94.81,31.67,70.39,C,No,No,Bachelor's,Low,6,2.7
S1781,Liam,Jones,student781@university.com,Female,23,Engineering,73.09,30.74,44.36,73.45,54.78,91.35,47.36,57.01,D,No,Yes,Bachelor's,Low,5,18.0
S1782,Ayesha,Khan,student782@university.com,Male,23,Business,88.12,30.19,71.08,73.05,96.51,35.03,83.39,64.88,D,Yes,No,High School,Medium,2,2.1
S1783,Liam,Brown,student783@university.com,Female,23,Business,85.86,71.31,44.92,37.7,97.1,62.71,84.07,66.3,C,No,Yes,Bachelor's,Medium,9,13.5
S1784,John,Brown,student784@university.com,Female,22,Engineering,74.39,81.49,51.03,83.25,60.56,92.44,91.14,76.65,B,Yes,No,Master's,High,9,5.9
S1785,Noah,Williams,student785@university.com,Female,24,Physics,99.43,56.58,68.22,58.78,84.03,92.92,86.57,74.52,C,No,Yes,Master's,Medium,1,15.7
S1786,Ayesha,Jones,student786@university.com,Female,19,Computer Science,90.35,81.88,86.16,97.74,56.27,77.99,50.44,75.08,B,No,No,High School,High,9,11.8
S1787,Sara,Brown,student787@university.com,Female,18,Computer Science,86.09,99.13,86.84,99.92,53.9,89.3,93.18,87.05,A,No,No,High School,Medium,0,13.9
S1788,Omar,Taylor,student788@university.com,Female,22,Engineering,91.76,86.11,43.25,40.28,77.4,53.1,65.45,60.93,D,No,Yes,Master's,Low,6,4.5
S1789,Maria,Taylor,student789@university.com,Female,21,Business,73.65,52.78,62.57,73.81,41.6,40.62,48.98,53.39,D,Yes,No,High School,High,10,1.5
S1790,Sara,Wilson,student790@university.com,Male,22,Computer Science,78.79,85.58,38.33,76.46,59.49,99.95,34.43,65.71,C,No,No,Master's,High,4,17.0
S1791,Ayesha,Clark,student791@university.com,Male,19,Physics,94.14,68.28,32.93,85.79,72.16,65.01,85.19,68.23,C,No,No,Master's,High,2,11.1
S1792,Noah,Khan,student792@university.com,Female,25,Physics,74.34,53.56,80.3,86.96,39.77,67.99,87.36,69.32,C,No,Yes,Bachelor's,Low,7,14.7
S1793,Maria,Williams,student793@university.com,Male,22,Computer Science,73.4,81.01,99.4,67.28,59.9,50.4,32.41,65.07,C,Yes,No,Master's,High,6,13.6
S1794,Ali,Ahmed,student794@university.com,Female,20,Mathematics,94.12,56.32,42.14,87.45,40.89,41.07,96.4,60.71,D,Yes,Yes,Bachelor's,Medium,2,15.7
S1795,Liam,Clark,student795@university.com,Female,21,Business,86.46,85.13,34.91,46.69,84.47,40.56,85.79,62.93,D,Yes,Yes,Master's,Low,4,9.9
S1796,Sara,Brown,student796@university.com,Male,25,Physics,72.83,90.59,63.47,34.53,99.13,35.56,85.09,68.06,C,Yes,No,Bachelor's,High,1,8.1
S1797,Omar,Clark,student797@university.com,Male,20,Engineering,83.88,98.2,33.72,74.27,63.77,37.05,58.82,60.97,D,No,No,High School,Low,4,3.0
S1798,Ahmed,Wilson,student798@university.com,Female,24,Engineering,90.22,45.83,82.55,36.39,39.11,55.14,62.26,53.55,D,Yes,Yes,High School,High,5,5.2
S1799,Liam,Brown,student799@university.com,Male,19,Computer Science,75.86,53.73,32.31,76.88,66.27,84.51,49.52,60.54,D,Yes,No,Master's,Low,1,17.8
S1800,Noah,Brown,student800@university.com,Male,20,Business,68.05,66.33,79.44,32.0,70.59,39.53,39.68,54.59,D,No,Yes,Master's,Medium,5,18.8
S1801,Maria,Khan,student801@university.com,Female,20,Computer Science,92.7,42.87,39.87,34.07,72.95,76.42,70.15,56.06,D,No,No,Master's,High,8,19.9
S1802,Ayesha,Taylor,student802@university.com,Male,24,Engineering,69.83,74.12,73.85,40.89,41.33,33.72,36.34,50.04,D,No,No,Master's,High,8,6.9
S1803,Liam,Taylor,student803@university.com,Female,23,Mathematics,72.18,81.64,77.63,67.45,73.93,58.04,44.77,67.24,C,Yes,No,Bachelor's,Medium,0,11.1
S1804,Maria,Jones,student804@university.com,Female,18,Mathematics,68.4,99.46,81.05,36.81,37.93,36.31,58.08,58.27,D,No,Yes,Bachelor's,Low,1,9.2
S1805,John,Lee,student805@university.com,Male,18,Engineering,86.66,54.1,78.5,58.43,71.61,67.95,82.5,68.85,C,Yes,No,High School,High,1,14.7
S1806,Omar,Smith,student806@university.com,Male,25,Mathematics,83.07,99.34,39.88,38.04,59.03,82.93,44.78,60.67,D,Yes,No,Master's,Low,5,8.3
S1807,Noah,Lee,student807@university.com,Male,24,Business,73.76,65.85,83.16,68.85,98.96,75.9,95.77,81.42,B,No,Yes,High School,High,7,19.7
S1808,Ayesha,Lee,student808@university.com,Male,21,Mathematics,98.0,48.61,83.7,95.45,96.79,80.32,43.32,74.7,C,No,Yes,Master's,Medium,0,14.4
S1809,Sara,Clark,student809@university.com,Female,24,Engineering,74.23,91.58,95.11,32.07,60.4,71.07,85.51,72.62,C,Yes,No,Master's,Low,7,10.1
S1810,Maria,Jones,student810@university.com,Male,20,Computer Science,60.5,97.47,47.36,46.54,48.57,70.66,73.85,64.07,D,Yes,No,High School,Medium,0,13.7
S1811,Liam,Ahmed,student811@university.com,Female,22,Physics,79.25,43.0,61.97,91.6,63.91,92.04,65.45,69.66,C,Yes,No,Bachelor's,Medium,2,18.9
S1812,John,Jones,student812@university.com,Female,20,Computer Science,87.8,42.49,49.85,63.41,72.81,88.53,31.34,58.07,D,Yes,No,Bachelor's,Medium,10,12.1
S1813,Maria,Jones,student813@university.com,Male,21,Mathematics,85.65,31.0,43.98,73.3,53.77,89.77,86.97,63.13,D,No,Yes,Master's,High,6,13.0
S1814,Ayesha,Clark,student814@university.com,Female,25,Business,62.05,82.83,37.59,41.48,77.46,78.45,37.41,59.2,D,Yes,Yes,Bachelor's,Medium,1,10.6
S1815,Ayesha,Ahmed,student815@university.com,Male,25,Engineering,95.4,61.96,73.17,79.07,41.05,96.3,94.06,74.27,C,Yes,No,High School,Low,10,3.8
S1816,Sara,Ahmed,student816@university.com,Female,18,Mathematics,67.32,30.7,71.48,55.23,31.8,89.45,49.19,54.64,D,Yes,Yes,High School,Medium,9,14.0
S1817,John,Wilson,student817@university.com,Male,23,Engineering,94.53,87.08,47.95,88.59,96.72,69.32,84.46,79.02,B,No,Yes,High School,Medium,4,14.0
S1818,Emma,Jones,student818@university.com,Male,23,Physics,98.59,42.66,81.11,84.75,32.59,54.32,48.92,57.39,D,No,No,High School,Low,9,10.6
S1819,Maria,Clark,student819@university.com,Female,19,Engineering,82.01,33.83,34.41,85.67,48.99,39.47,32.15,45.75,F,Yes,Yes,Master's,High,2,7.8
S1820,Ayesha,Ahmed,student820@university.com,Female,25,Computer Science,71.28,85.78,98.34,48.88,48.84,56.0,67.18,67.5,C,No,No,Master's,Low,5,2.9
S1821,Emma,Clark,student821@university.com,Female,25,Business,72.41,66.85,30.27,53.34,78.08,87.77,92.0,68.05,C,Yes,No,High School,Low,2,18.9
S1822,Noah,Williams,student822@university.com,Male,24,Business,97.17,86.46,42.4,76.81,75.75,79.11,55.14,69.28,C,No,No,High School,Low,1,2.5
S1823,Maria,Clark,student823@university.com,Female,25,Mathematics,79.69,57.6,67.53,99.66,78.41,69.15,39.16,68.58,C,No,Yes,Master's,Low,2,18.5
S1824,Omar,Khan,student824@university.com,Female,19,Physics,79.0,97.17,63.81,90.22,71.92,37.48,34.84,65.91,C,No,No,High School,Low,6,5.0
S1825,Maria,Lee,student825@university.com,Female,19,Business,80.27,79.31,93.16,48.09,98.64,49.91,68.47,72.93,C,No,No,High School,Low,3,10.4
S1826,Ali,Williams,student826@university.com,Male,25,Physics,63.21,93.22,58.04,75.92,82.64,74.03,81.61,77.58,B,Yes,No,Master's,Low,6,2.0
S1827,Omar,Taylor,student827@university.com,Male,24,Business,75.27,68.68,42.51,68.85,68.17,35.2,33.47,52.81,D,No,Yes,Bachelor's,Medium,4,20.0
S1828,Noah,Lee,student828@university.com,Male,20,Physics,95.84,82.1,98.76,46.49,76.38,96.66,54.77,75.86,B,Yes,Yes,Master's,Low,10,8.1
S1829,Liam,Wilson,student829@university.com,Female,20,Physics,95.78,96.72,70.92,97.28,83.17,54.78,81.65,80.75,B,Yes,No,Bachelor's,Low,6,20.0
S1830,John,Brown,student830@university.com,Female,18,Mathematics,64.26,33.84,97.31,78.47,66.95,79.96,36.85,65.56,C,Yes,No,High School,Medium,1,16.6
S1831,Ahmed,Ahmed,student831@university.com,Male,24,Physics,84.07,70.94,49.69,81.6,75.37,92.36,57.04,71.17,C,Yes,No,Bachelor's,High,8,11.2
S1832,Liam,Brown,student832@university.com,Male,22,Computer Science,87.02,91.93,92.38,54.38,90.93,61.79,98.98,81.73,B,Yes,No,Master's,Low,6,18.9
S1833,John,Smith,student833@university.com,Female,21,Computer Science,96.43,81.93,35.9,84.85,73.43,36.15,60.2,62.08,D,Yes,Yes,Bachelor's,High,9,16.6
S1834,Emma,Brown,student834@university.com,Male,23,Business,69.47,76.78,62.04,87.06,98.45,58.86,49.53,72.12,C,No,No,High School,Medium,1,15.7
S1835,Noah,Ahmed,student835@university.com,Female,19,Mathematics,69.5,67.59,70.99,41.06,54.5,45.56,57.31,56.17,D,Yes,Yes,High School,Medium,8,19.3
S1836,Noah,Smith,student836@university.com,Male,18,Engineering,70.34,63.62,93.39,67.47,33.14,91.68,83.86,72.19,C,Yes,No,High School,Low,0,5.7
S1837,Maria,Smith,student837@university.com,Male,25,Computer Science,73.82,91.71,42.76,50.6,76.34,50.55,43.91,59.31,D,No,Yes,High School,Medium,5,2.2
S1838,Emma,Smith,student838@university.com,Male,20,Physics,99.74,65.64,95.91,79.9,43.71,35.93,47.55,61.44,D,No,Yes,Bachelor's,High,0,12.8
S1839,Sara,Wilson,student839@university.com,Female,24,Engineering,70.76,59.25,99.83,49.92,69.39,52.69,65.13,66.03,C,Yes,No,Bachelor's,Low,10,4.9
S1840,Ayesha,Wilson,student840@university.com,Male,18,Engineering,80.67,67.6,78.5,33.49,67.87,54.74,65.45,61.27,D,No,Yes,High School,High,3,6.2
S1841,John,Wilson,student841@university.com,Female,18,Business,82.9,37.7,84.39,35.54,41.06,74.8,57.44,55.16,D,No,No,Master's,High,10,10.3
S1842,Maria,Smith,student842@university.com,Male,24,Engineering,64.37,42.7,40.92,62.6,64.34,45.96,99.67,59.37,D,No,No,Master's,Medium,5,12.5
S1843,Sara,Jones,student843@university.com,Female,19,Business,69.33,79.99,99.96,50.39,99.69,38.28,40.0,68.05,C,Yes,No,Master's,High,7,15.6
S1844,Ayesha,Wilson,student844@university.com,Male,23,Mathematics,60.4,56.79,76.49,70.31,78.62,37.37,71.13,65.12,C,Yes,Yes,High School,Medium,2,5.6
S1845,Ayesha,Ahmed,student845@university.com,Female,21,Business,96.58,31.15,70.24,82.56,88.28,46.25,71.17,64.94,D,Yes,Yes,Bachelor's,High,5,4.1
S1846,Maria,Wilson,student846@university.com,Female,22,Physics,65.53,76.79,97.75,46.2,86.77,54.17,39.93,66.94,C,No,Yes,High School,Low,1,17.5
S1847,Emma,Smith,student847@university.com,Female,19,Computer Science,76.21,38.39,66.56,32.3,58.58,57.7,45.28,49.8,F,Yes,No,Master's,High,7,14.4
S1848,Maria,Brown,student848@university.com,Male,21,Computer Science,71.36,75.35,79.53,97.72,77.76,86.89,81.33,83.1,B,Yes,No,Master's,High,6,8.0
S1849,Maria,Brown,student849@university.com,Female,20,Mathematics,98.53,49.26,99.54,51.39,96.72,32.96,75.19,67.51,C,No,Yes,Bachelor's,Medium,10,18.8
S1850,Sara,Taylor,student850@university.com,Male,21,Computer Science,91.16,44.49,74.5,31.88,90.67,75.06,67.66,64.04,D,No,Yes,Master's,Low,10,5.0
S1851,Sara,Smith,student851@university.com,Male,19,Business,83.16,43.12,64.6,44.3,40.55,85.27,97.09,62.49,D,No,Yes,High School,Medium,10,16.1
S1852,John,Ahmed,student852@university.com,Female,21,Mathematics,65.58,75.86,57.87,63.73,38.42,44.28,44.53,54.11,D,No,Yes,Master's,Low,9,13.1
S1853,Ali,Brown,student853@university.com,Male,24,Mathematics,74.6,61.5,56.4,30.42,89.73,87.48,97.76,70.55,C,No,No,Master's,High,10,6.1
S1854,Ayesha,Wilson,student854@university.com,Male,22,Business,66.34,65.38,51.97,80.11,55.88,73.48,98.82,70.94,C,No,No,Bachelor's,Low,5,11.7
S1855,Sara,Ahmed,student855@university.com,Female,25,Physics,96.2,95.94,46.44,66.66,88.97,82.02,67.17,74.53,C,Yes,Yes,Master's,High,7,12.0
S1856,Emma,Jones,student856@university.com,Female,19,Engineering,86.02,64.36,31.7,57.32,90.14,36.88,81.89,60.38,D,No,Yes,Bachelor's,Low,2,16.5
S1857,Noah,Brown,student857@university.com,Male,23,Physics,65.05,39.61,71.54,57.85,74.52,95.51,70.37,68.23,C,No,No,Bachelor's,High,9,5.5
S1858,Omar,Jones,student858@university.com,Male,23,Engineering,79.71,41.19,97.99,87.03,42.79,86.25,42.34,66.27,C,No,No,High School,High,3,18.1
S1859,Emma,Khan,student859@university.com,Female,18,Engineering,79.89,62.8,98.37,88.96,67.25,94.33,39.93,75.27,B,Yes,No,Bachelor's,Low,4,6.5
S1860,Noah,Taylor,student860@university.com,Male,24,Engineering,99.93,75.09,85.5,50.09,43.23,43.0,71.69,61.43,D,Yes,No,High School,Low,10,13.0
S1861,Noah,Wilson,student861@university.com,Female,19,Mathematics,73.12,97.56,90.01,54.42,79.18,76.27,48.68,74.35,C,No,No,High School,Medium,2,17.9
S1862,John,Jones,student862@university.com,Female,23,Engineering,94.45,62.67,57.66,75.41,61.6,92.82,95.68,74.31,C,Yes,Yes,Bachelor's,High,1,8.7
S1863,Emma,Lee,student863@university.com,Female,25,Business,95.21,90.77,73.8,76.89,50.99,75.09,84.79,75.39,B,No,Yes,High School,High,2,12.4
S1864,Omar,Khan,student864@university.com,Male,22,Physics,72.81,71.8,60.34,93.68,81.23,48.79,50.28,67.69,C,Yes,Yes,Bachelor's,High,6,12.6
S1865,John,Ahmed,student865@university.com,Female,22,Computer Science,97.62,35.63,40.76,83.72,85.1,66.09,59.75,61.84,D,Yes,No,Master's,Low,4,16.4
S1866,Noah,Clark,student866@university.com,Female,20,Computer Science,66.88,61.9,78.11,37.99,85.44,46.0,88.67,66.35,C,Yes,No,High School,Low,2,13.4
S1867,Sara,Wilson,student867@university.com,Female,23,Physics,67.09,54.32,81.32,99.89,95.63,34.7,32.47,66.39,C,Yes,Yes,High School,Medium,0,17.2
S1868,Sara,Wilson,student868@university.com,Male,25,Mathematics,78.11,63.05,79.88,54.69,96.12,64.38,68.38,71.08,C,No,No,Bachelor's,Low,0,3.6
S1869,Ali,Ahmed,student869@university.com,Male,21,Mathematics,74.86,47.38,92.97,76.86,98.42,37.49,34.9,64.67,D,No,Yes,High School,Medium,5,18.1
S1870,Sara,Taylor,student870@university.com,Female,24,Business,69.92,60.45,76.85,60.82,57.24,68.69,92.67,69.45,C,Yes,Yes,High School,Low,1,15.4
S1871,Liam,Williams,student871@university.com,Female,20,Computer Science,86.38,67.78,59.71,71.8,81.61,46.33,98.38,70.94,C,No,No,High School,Low,2,14.6
S1872,Sara,Ahmed,student872@university.com,Female,25,Engineering,76.08,85.02,96.47,49.43,47.06,79.38,30.37,64.62,D,Yes,No,Master's,High,3,11.9
S1873,Ali,Taylor,student873@university.com,Male,22,Mathematics,98.94,73.16,58.22,74.67,84.3,57.69,46.73,65.8,C,Yes,Yes,High School,Medium,8,6.1
S1874,Emma,Brown,student874@university.com,Male,18,Mathematics,95.1,89.32,68.62,84.72,39.92,56.74,49.94,64.88,D,Yes,No,High School,Medium,5,12.1
S1875,Sara,Khan,student875@university.com,Female,21,Mathematics,72.11,51.11,33.33,95.92,71.75,68.41,98.84,69.89,C,No,Yes,Bachelor's,Low,5,3.0
S1876,Sara,Wilson,student876@university.com,Male,18,Computer Science,65.58,36.94,92.82,30.19,84.52,88.45,56.16,64.85,D,Yes,No,Bachelor's,High,3,11.2
S1877,Emma,Williams,student877@university.com,Male,19,Computer Science,89.24,65.6,64.67,65.63,94.66,33.31,99.21,70.51,C,Yes,Yes,Bachelor's,High,4,11.9
S1878,Sara,Lee,student878@university.com,Female,20,Physics,96.16,68.13,86.61,87.86,98.68,56.07,42.71,73.34,C,No,No,Master's,Low,2,16.8
S1879,Ali,Brown,student879@university.com,Male,23,Engineering,66.11,39.52,62.64,54.38,42.82,48.28,53.94,50.26,D,Yes,No,High School,Low,10,11.6
S1880,John,Wilson,student880@university.com,Male,20,Computer Science,87.6,48.99,47.13,93.97,81.31,78.85,31.89,63.69,D,Yes,No,Master's,High,10,7.8
S1881,Ayesha,Lee,student881@university.com,Male,18,Computer Science,65.56,64.63,86.04,36.4,87.49,50.19,86.29,68.51,C,No,No,Master's,High,1,2.8
S1882,Noah,Jones,student882@university.com,Female,21,Computer Science,71.32,67.73,51.16,95.44,40.79,86.5,71.53,68.86,C,Yes,Yes,Bachelor's,Low,3,1.2
S1883,Ali,Smith,student883@university.com,Male,23,Physics,95.94,37.14,85.19,90.0,53.6,78.14,40.77,64.14,D,No,Yes,Bachelor's,Medium,3,18.9
S1884,Ahmed,Khan,student884@university.com,Male,23,Physics,84.93,71.91,97.0,97.03,45.14,36.76,55.99,67.3,C,Yes,No,Master's,Low,9,12.1
S1885,Sara,Lee,student885@university.com,Male,22,Computer Science,62.69,70.15,37.1,83.03,45.11,70.99,98.9,67.55,C,Yes,Yes,High School,Low,9,9.2
S1886,Emma,Lee,student886@university.com,Male,25,Business,89.46,48.86,63.95,98.07,99.52,87.05,72.6,78.34,B,Yes,No,High School,High,10,19.4
S1887,Sara,Ahmed,student887@university.com,Female,22,Mathematics,97.23,79.19,44.41,66.85,96.25,53.96,83.82,70.75,C,Yes,Yes,Bachelor's,Low,1,6.1
S1888,Ahmed,Khan,student888@university.com,Male,21,Computer Science,90.31,60.4,42.98,45.96,55.45,83.78,37.27,54.31,D,No,No,Master's,Medium,3,11.5
S1889,Ali,Ahmed,student889@university.com,Female,23,Computer Science,89.74,86.19,75.75,86.67,80.15,86.55,39.25,75.76,B,Yes,No,High School,Low,1,3.1
S1890,Emma,Jones,student890@university.com,Male,21,Business,61.17,59.56,47.31,98.59,32.21,95.1,81.64,69.07,C,Yes,No,High School,High,6,10.8
S1891,Ayesha,Clark,student891@university.com,Male,21,Business,69.27,94.39,78.46,45.82,91.9,48.09,84.18,73.81,C,Yes,Yes,Master's,Low,8,6.1
S1892,Ali,Williams,student892@university.com,Male,21,Engineering,97.38,52.73,81.13,80.25,90.47,92.32,91.18,81.35,B,Yes,Yes,High School,High,4,8.3
S1893,Ali,Clark,student893@university.com,Female,19,Physics,93.13,71.82,56.19,40.38,32.93,67.92,57.01,54.38,D,No,No,Bachelor's,High,5,1.4
S1894,Sara,Ahmed,student894@university.com,Male,22,Computer Science,77.75,74.35,41.28,31.33,59.87,92.58,92.23,65.27,C,Yes,Yes,Master's,Medium,4,17.9
S1895,Noah,Wilson,student895@university.com,Male,25,Engineering,78.47,65.57,53.79,76.32,77.2,51.72,91.5,69.35,C,Yes,Yes,High School,Medium,4,16.9
S1896,Ahmed,Lee,student896@university.com,Male,19,Physics,84.36,74.05,71.19,73.15,56.48,39.34,81.57,65.96,C,No,Yes,High School,Medium,4,9.3
S1897,Liam,Lee,student897@university.com,Female,25,Business,97.0,94.38,88.41,30.79,75.47,37.89,95.95,70.48,C,Yes,Yes,High School,High,4,12.1
S1898,Ali,Wilson,student898@university.com,Male,19,Engineering,96.19,90.72,77.35,47.7,84.98,83.82,73.53,76.35,B,No,Yes,High School,Medium,0,10.3
S1899,Ahmed,Wilson,student899@university.com,Female,25,Computer Science,86.15,39.95,73.15,85.76,79.1,74.65,80.75,72.23,C,Yes,No,Bachelor's,High,3,17.5
S1900,Ali,Khan,student900@university.com,Male,19,Business,92.6,93.1,30.16,38.62,60.21,82.6,41.39,57.68,D,Yes,No,Master's,Low,3,18.7
S1901,Ahmed,Lee,student901@university.com,Female,25,Mathematics,81.45,72.39,41.83,33.02,93.51,57.15,67.76,60.94,D,No,No,Master's,High,2,1.2
S1902,Noah,Taylor,student902@university.com,Male,25,Computer Science,94.32,52.72,69.52,65.95,74.36,47.67,80.66,65.15,C,No,Yes,Master's,High,6,10.8
S1903,John,Lee,student903@university.com,Male,20,Engineering,64.16,71.88,97.81,85.53,98.09,30.93,92.17,79.4,B,Yes,No,High School,Medium,10,12.8
S1904,Ali,Lee,student904@university.com,Female,21,Business,72.76,44.51,86.92,74.12,61.18,95.6,52.29,69.1,C,No,No,High School,High,1,4.4
S1905,Ali,Brown,student905@university.com,Female,25,Physics,61.25,37.32,75.34,65.5,42.06,66.45,71.67,59.72,D,No,No,High School,High,7,1.1
S1906,Sara,Williams,student906@university.com,Female,18,Engineering,63.29,71.13,70.63,46.72,89.63,58.3,35.97,62.06,D,No,Yes,Bachelor's,Medium,9,18.5
S1907,Sara,Jones,student907@university.com,Male,18,Computer Science,60.65,48.73,87.69,46.01,63.25,78.57,96.24,70.08,C,No,Yes,Bachelor's,High,8,6.1
S1908,Emma,Brown,student908@university.com,Male,19,Engineering,88.77,54.91,93.75,56.59,61.14,77.0,43.83,64.54,D,Yes,Yes,High School,High,8,10.1
S1909,John,Khan,student909@university.com,Male,20,Computer Science,93.5,51.56,79.56,37.22,51.89,48.65,74.44,57.22,D,Yes,No,Bachelor's,High,7,9.1
S1910,Maria,Wilson,student910@university.com,Male,22,Physics,79.94,68.89,77.47,36.33,58.57,67.22,97.49,67.66,C,Yes,No,High School,Medium,5,17.4
S1911,Ayesha,Brown,student911@university.com,Female,25,Physics,85.75,72.98,44.39,50.47,84.32,91.94,54.78,66.48,C,No,No,Master's,High,9,4.0
S1912,Sara,Brown,student912@university.com,Male,20,Mathematics,89.8,74.47,59.69,48.74,35.23,45.83,67.1,55.18,D,Yes,Yes,Master's,Medium,5,6.9
S1913,Omar,Khan,student913@university.com,Female,23,Engineering,65.41,70.21,89.31,92.56,46.37,47.87,79.8,71.02,C,No,Yes,High School,High,7,19.5
S1914,John,Jones,student914@university.com,Female,20,Computer Science,92.89,59.48,75.0,47.67,88.49,48.44,57.0,62.68,D,No,No,Master's,High,5,7.0
S1915,Liam,Clark,student915@university.com,Female,21,Computer Science,98.92,34.83,84.59,45.6,75.4,68.89,70.92,63.37,D,Yes,Yes,Master's,High,2,4.9
S1916,Ayesha,Jones,student916@university.com,Female,25,Physics,98.86,38.51,99.29,62.51,97.69,64.27,83.09,74.23,C,Yes,No,Bachelor's,Low,6,2.0
S1917,Emma,Brown,student917@university.com,Female,20,Physics,92.73,83.89,69.18,95.15,63.29,91.63,96.49,83.27,B,No,Yes,Bachelor's,High,7,6.5
S1918,John,Jones,student918@university.com,Male,20,Engineering,61.31,57.0,42.87,51.47,73.16,83.63,66.43,62.43,D,Yes,Yes,High School,Medium,4,2.4
S1919,John,Lee,student919@university.com,Female,25,Mathematics,97.46,75.59,71.44,89.51,55.89,61.11,75.94,71.58,C,No,Yes,Master's,Low,8,9.2
S1920,Sara,Khan,student920@university.com,Female,21,Computer Science,79.57,77.75,72.2,87.72,42.48,72.2,55.86,68.03,C,Yes,Yes,High School,High,10,10.5
S1921,John,Jones,student921@university.com,Male,20,Physics,88.89,78.37,85.3,80.83,30.09,30.59,62.81,61.33,D,No,No,Bachelor's,Low,8,4.3
S1922,Ayesha,Taylor,student922@university.com,Female,22,Computer Science,71.89,50.33,97.71,41.83,86.03,40.41,56.88,62.2,D,No,Yes,Master's,Medium,6,4.2
S1923,Omar,Brown,student923@university.com,Male,18,Physics,99.43,84.57,45.1,52.63,99.46,68.65,32.82,63.87,D,Yes,Yes,High School,High,9,2.8
S1924,Emma,Ahmed,student924@university.com,Male,25,Business,79.17,54.43,84.14,81.42,76.16,92.17,38.5,71.14,C,No,Yes,Master's,High,5,16.7
S1925,Emma,Brown,student925@university.com,Male,20,Physics,93.21,34.97,63.88,93.12,94.66,83.35,56.1,71.01,C,No,No,High School,Low,6,3.7
S1926,Liam,Clark,student926@university.com,Female,20,Computer Science,77.13,77.04,38.83,79.15,52.81,81.81,99.17,71.47,C,Yes,Yes,High School,High,8,17.8
S1927,Emma,Wilson,student927@university.com,Female,24,Physics,74.07,66.93,30.88,45.58,50.6,99.42,50.15,57.26,D,Yes,No,Master's,Low,9,3.0
S1928,Ali,Wilson,student928@university.com,Male,19,Mathematics,72.06,73.07,61.34,59.36,66.71,87.99,56.21,67.45,C,No,No,Master's,Medium,0,7.6
S1929,Maria,Brown,student929@university.com,Male,25,Engineering,77.87,46.14,78.38,50.7,88.18,47.79,32.62,57.3,D,Yes,No,High School,Medium,3,4.3
S1930,Ayesha,Smith,student930@university.com,Male,25,Mathematics,93.23,50.28,96.57,48.68,57.96,49.56,47.69,58.46,D,Yes,No,Master's,High,4,9.8
S1931,Sara,Jones,student931@university.com,Male,18,Mathematics,97.03,32.19,77.21,95.87,81.01,75.56,43.23,67.51,C,Yes,No,High School,High,7,14.4
S1932,Noah,Clark,student932@university.com,Male,24,Engineering,96.71,45.4,39.65,36.84,36.43,36.29,56.24,41.81,F,No,Yes,High School,Low,3,12.9
S1933,Sara,Ahmed,student933@university.com,Female,22,Business,78.85,50.3,93.61,83.6,56.14,89.3,98.27,78.54,B,Yes,No,High School,High,9,15.5
S1934,Noah,Jones,student934@university.com,Female,21,Business,85.46,99.03,84.18,66.83,81.88,78.0,43.95,75.64,B,Yes,No,High School,Low,0,5.7
S1935,Ali,Jones,student935@university.com,Male,25,Business,71.9,56.03,37.93,30.71,86.76,49.83,90.56,58.64,D,Yes,Yes,Bachelor's,Medium,2,11.9
S1936,Ali,Smith,student936@university.com,Female,21,Engineering,78.9,42.69,82.72,66.87,61.18,51.04,84.45,64.83,D,Yes,No,Bachelor's,Low,4,12.5
S1937,Noah,Ahmed,student937@university.com,Male,19,Mathematics,69.24,70.89,58.37,73.78,86.59,49.47,72.7,68.63,C,No,Yes,Master's,Low,6,10.5
S1938,Ayesha,Clark,student938@university.com,Female,25,Physics,88.86,51.64,79.68,87.71,96.45,58.76,76.79,75.17,B,Yes,Yes,Master's,Medium,8,3.6
S1939,Sara,Smith,student939@university.com,Male,21,Physics,99.53,58.1,96.92,37.56,92.76,74.96,77.23,72.92,C,No,Yes,High School,Medium,1,6.6
S1940,Emma,Jones,student940@university.com,Male,19,Mathematics,72.4,40.24,82.08,71.5,53.86,63.0,58.18,61.48,D,Yes,No,Bachelor's,Medium,6,10.0
S1941,Sara,Ahmed,student941@university.com,Female,24,Computer Science,70.35,62.34,68.03,35.23,35.7,52.94,95.6,58.31,D,No,Yes,High School,High,1,5.8
S1942,Sara,Ahmed,student942@university.com,Male,19,Physics,97.6,54.17,89.0,85.67,65.26,84.99,85.25,77.39,B,No,No,Master's,High,6,13.8
S1943,Omar,Lee,student943@university.com,Male,23,Business,70.25,97.74,81.35,36.21,90.3,94.87,87.46,81.32,B,No,Yes,High School,Low,5,10.7
S1944,Emma,Brown,student944@university.com,Male,21,Engineering,82.9,30.19,93.1,64.35,96.64,55.02,52.23,65.25,C,No,Yes,Bachelor's,High,7,7.2
S1945,Ayesha,Taylor,student945@university.com,Male,22,Computer Science,89.02,85.94,66.36,93.87,56.65,84.75,46.9,72.41,C,No,Yes,High School,Low,5,14.0
S1946,Noah,Clark,student946@university.com,Male,20,Engineering,85.4,83.29,75.9,78.84,93.05,97.64,79.25,84.66,B,Yes,Yes,High School,Low,6,10.2
S1947,Ali,Lee,student947@university.com,Female,20,Business,79.54,96.22,57.38,97.61,75.56,73.4,95.07,82.54,B,Yes,No,Master's,Low,2,1.1
S1948,John,Taylor,student948@university.com,Female,23,Mathematics,68.9,70.72,75.28,71.96,80.65,76.08,48.72,70.57,C,No,No,High School,Medium,3,7.4
S1949,Ahmed,Ahmed,student949@university.com,Female,20,Computer Science,82.98,30.4,66.72,87.35,64.23,55.82,65.51,61.67,D,Yes,No,High School,Medium,3,5.1
S1950,Ayesha,Williams,student950@university.com,Male,21,Physics,71.09,75.42,84.02,36.45,60.4,54.88,83.72,65.81,C,No,Yes,Master's,Low,1,3.4
S1951,Emma,Ahmed,student951@university.com,Female,22,Business,96.55,54.96,35.47,57.11,96.18,30.1,91.62,60.91,D,Yes,No,Bachelor's,High,2,1.3
S1952,Ahmed,Wilson,student952@university.com,Female,25,Physics,76.2,88.67,74.1,78.28,71.15,91.29,43.13,74.44,C,Yes,No,Master's,Medium,10,6.9
S1953,Ayesha,Jones,student953@university.com,Male,20,Computer Science,86.61,90.78,66.63,71.76,92.53,95.09,45.16,76.99,B,Yes,Yes,Bachelor's,Medium,10,4.1
S1954,Ayesha,Williams,student954@university.com,Female,18,Business,86.15,62.53,52.32,51.36,37.52,67.2,69.08,56.67,D,Yes,Yes,High School,Low,4,19.7
S1955,John,Clark,student955@university.com,Male,22,Engineering,75.01,76.13,85.12,85.93,54.29,88.05,95.06,80.76,B,No,Yes,Bachelor's,Low,1,9.5
S1956,Emma,Brown,student956@university.com,Male,25,Computer Science,66.86,31.39,96.9,79.32,80.41,62.34,92.3,73.78,C,Yes,Yes,High School,High,5,6.3
S1957,Maria,Lee,student957@university.com,Female,25,Computer Science,73.26,74.34,37.52,44.35,47.95,30.86,99.86,55.81,D,Yes,No,Bachelor's,Low,5,8.9
S1958,Liam,Lee,student958@university.com,Female,23,Physics,88.05,83.61,86.9,55.07,55.25,76.13,32.98,64.99,D,No,Yes,Master's,High,4,7.9
S1959,Ali,Taylor,student959@university.com,Male,20,Mathematics,70.72,53.06,72.61,42.7,93.11,61.35,86.57,68.23,C,No,Yes,Bachelor's,Low,3,12.0
S1960,Emma,Ahmed,student960@university.com,Male,18,Business,78.7,68.81,48.69,97.61,39.59,39.81,49.99,57.42,D,No,No,Master's,Medium,7,19.7
S1961,Liam,Smith,student961@university.com,Male,22,Business,97.1,64.74,99.84,75.72,80.05,71.02,58.56,74.99,C,No,Yes,Master's,High,0,6.3
S1962,Liam,Taylor,student962@university.com,Male,25,Engineering,79.2,53.75,79.44,33.5,95.22,94.05,91.47,74.57,C,Yes,No,Master's,High,2,14.8
S1963,Maria,Brown,student963@university.com,Female,25,Mathematics,72.93,97.31,81.34,80.85,37.45,62.35,30.41,64.95,D,No,Yes,High School,Medium,0,16.0
S1964,Noah,Clark,student964@university.com,Male,24,Business,79.18,31.29,84.33,78.42,96.92,68.61,70.4,71.66,C,Yes,Yes,Bachelor's,Medium,9,3.2
S1965,Sara,Clark,student965@university.com,Female,23,Computer Science,87.62,65.96,33.72,74.0,73.57,34.03,82.72,60.67,D,No,No,Bachelor's,Low,1,6.7
S1966,Ali,Brown,student966@university.com,Male,23,Computer Science,65.05,36.84,32.09,74.36,73.52,97.42,69.92,64.03,D,No,No,High School,Low,0,11.9
S1967,John,Khan,student967@university.com,Female,23,Business,69.81,92.14,31.59,98.91,85.99,86.93,39.2,72.46,C,No,No,Bachelor's,Medium,0,7.3
S1968,John,Taylor,student968@university.com,Female,18,Engineering,86.2,88.91,75.08,36.86,60.01,81.99,48.04,65.15,C,No,No,Bachelor's,Medium,4,5.5
S1969,Ahmed,Smith,student969@university.com,Female,20,Mathematics,79.72,57.72,95.48,53.86,95.15,75.97,71.59,74.96,C,Yes,Yes,High School,High,8,8.8
S1970,Noah,Williams,student970@university.com,Female,23,Physics,84.82,75.84,85.34,42.89,53.6,75.51,87.81,70.17,C,No,No,Bachelor's,Low,3,4.9
S1971,Maria,Ahmed,student971@university.com,Female,21,Physics,72.87,63.41,60.77,80.87,44.56,35.3,88.85,62.29,D,No,No,Master's,High,1,12.2
S1972,Ali,Lee,student972@university.com,Female,21,Business,75.75,34.54,59.52,60.16,76.93,54.04,51.85,56.17,D,Yes,Yes,Bachelor's,High,10,19.2
S1973,Ahmed,Williams,student973@university.com,Male,19,Physics,78.64,70.5,57.28,46.66,88.4,58.15,80.76,66.96,C,Yes,No,Bachelor's,Medium,5,11.7
S1974,Maria,Lee,student974@university.com,Female,22,Computer Science,75.23,69.72,78.18,80.84,40.81,31.34,54.33,59.2,D,No,No,Bachelor's,Medium,3,3.8
S1975,Maria,Lee,student975@university.com,Male,20,Business,68.63,66.85,47.17,65.95,99.48,66.9,85.32,71.95,C,Yes,Yes,High School,High,2,18.8
S1976,John,Lee,student976@university.com,Female,20,Engineering,72.1,91.62,96.85,64.6,59.54,50.5,43.84,67.83,C,No,No,Bachelor's,High,0,19.6
S1977,Ahmed,Ahmed,student977@university.com,Female,24,Computer Science,75.59,47.25,48.26,40.96,42.73,44.64,56.11,46.66,F,No,Yes,Bachelor's,High,2,12.4
S1978,Liam,Brown,student978@university.com,Male,18,Mathematics,66.22,52.36,50.53,81.7,31.95,36.94,42.72,49.37,F,Yes,No,High School,Low,0,2.7
S1979,Liam,Clark,student979@university.com,Male,23,Engineering,78.16,87.53,98.29,31.36,52.1,50.09,50.36,61.62,D,No,Yes,Master's,Low,4,9.3
S1980,Ayesha,Lee,student980@university.com,Female,25,Engineering,71.45,43.92,37.34,61.56,93.02,45.15,63.69,57.45,D,No,Yes,Master's,High,1,8.7
S1981,Ahmed,Ahmed,student981@university.com,Female,18,Physics,80.9,80.89,69.11,59.21,61.57,80.1,30.5,63.56,D,Yes,No,Bachelor's,High,8,14.1
S1982,Ahmed,Jones,student982@university.com,Male,20,Physics,94.65,79.57,68.68,67.79,68.71,55.27,67.47,67.92,C,No,No,High School,Low,0,6.9
S1983,Maria,Lee,student983@university.com,Male,23,Mathematics,93.23,38.45,93.82,59.12,45.73,44.76,35.27,52.86,D,No,Yes,High School,Low,2,2.5
S1984,Ali,Taylor,student984@university.com,Female,21,Business,96.53,63.99,38.87,35.97,43.55,78.42,54.49,52.55,D,Yes,Yes,Master's,Low,0,2.9
S1985,Sara,Wilson,student985@university.com,Male,21,Engineering,72.14,51.89,85.92,33.72,87.65,76.66,72.53,68.06,C,Yes,Yes,Master's,High,6,1.9
S1986,Maria,Jones,student986@university.com,Female,24,Mathematics,96.94,62.66,86.01,40.28,88.81,95.7,46.71,70.03,C,No,Yes,Master's,Medium,1,19.4
S1987,Ayesha,Lee,student987@university.com,Male,21,Physics,66.07,84.95,35.42,50.22,55.74,37.14,86.62,58.35,D,Yes,No,Master's,Low,4,2.8
S1988,Ayesha,Williams,student988@university.com,Male,20,Computer Science,60.44,76.98,72.57,66.83,46.94,50.12,50.61,60.68,D,No,Yes,Bachelor's,High,4,17.2
S1989,Ahmed,Brown,student989@university.com,Male,22,Business,99.1,58.89,96.14,91.98,77.91,76.83,52.39,75.69,B,Yes,No,High School,Medium,0,17.1
S1990,Ayesha,Lee,student990@university.com,Female,23,Mathematics,79.08,64.07,56.0,56.86,89.51,89.55,74.2,71.7,C,Yes,Yes,Bachelor's,High,7,2.4
S1991,Ali,Williams,student991@university.com,Male,24,Physics,91.51,90.1,53.27,46.99,79.07,35.88,85.95,65.21,C,Yes,Yes,Master's,High,8,8.8
S1992,Noah,Taylor,student992@university.com,Female,23,Physics,69.92,80.24,47.72,92.6,33.9,39.1,79.77,62.22,D,No,No,High School,High,7,19.1
S1993,Ali,Lee,student993@university.com,Male,19,Business,91.39,46.27,63.53,79.77,97.54,62.91,78.46,71.41,C,Yes,Yes,High School,Low,6,1.4
S1994,John,Jones,student994@university.com,Male,25,Computer Science,86.98,41.67,54.85,66.88,76.92,91.91,64.92,66.19,C,No,No,High School,Medium,10,10.6
S1995,Emma,Brown,student995@university.com,Female,18,Mathematics,80.99,49.94,50.05,99.85,92.59,60.13,65.15,69.62,C,Yes,No,Master's,Low,9,1.7
S1996,Maria,Lee,student996@university.com,Male,19,Computer Science,61.39,57.27,88.08,64.12,68.58,80.55,85.0,73.93,C,No,Yes,High School,Low,10,13.7
S1997,Ayesha,Smith,student997@university.com,Female,20,Business,79.64,78.39,50.16,87.74,70.35,47.54,92.6,71.13,C,No,Yes,Master's,Low,8,4.8
S1998,Ayesha,Taylor,student998@university.com,Male,24,Engineering,90.17,50.24,74.83,42.33,97.26,54.56,34.98,59.03,D,No,No,High School,Low,2,4.9
S1999,Ahmed,Smith,student999@university.com,Male,19,Physics,83.64,91.17,60.32,44.47,93.18,36.05,71.76,66.16,C,No,Yes,Master's,High,1,11.9
S2000,Emma,Williams,student1000@university.com,Female,25,Computer Science,71.99,75.9,55.92,53.67,53.89,61.55,71.42,62.06,D,Yes,Yes,High School,Medium,9,9.6
S2001,Sara,Ahmed,student1001@university.com,Male,24,Computer Science,98.96,40.17,50.41,85.99,68.12,74.58,53.76,62.17,D,Yes,No,Master's,Low,3,7.5
S2002,Emma,Clark,student1002@university.com,Female,24,Computer Science,82.47,91.98,81.41,49.9,67.28,55.68,90.9,72.86,C,Yes,Yes,Bachelor's,Medium,10,12.5
S2003,Ali,Clark,student1003@university.com,Male,24,Mathematics,77.27,44.94,88.4,46.42,83.01,80.49,60.51,67.3,C,Yes,No,Master's,Low,7,11.8
S2004,Emma,Brown,student1004@university.com,Male,21,Business,93.55,50.41,91.4,81.17,54.48,64.35,92.06,72.31,C,Yes,Yes,Bachelor's,High,8,6.8
S2005,Omar,Khan,student1005@university.com,Female,23,Mathematics,83.79,33.47,80.96,49.49,56.82,94.2,48.82,60.63,D,No,No,High School,Medium,5,7.5
S2006,Omar,Ahmed,student1006@university.com,Female,18,Computer Science,75.26,63.44,58.93,87.86,41.01,57.92,97.12,67.71,C,No,No,Bachelor's,Medium,7,17.8
S2007,Omar,Taylor,student1007@university.com,Male,22,Mathematics,90.42,95.04,82.8,95.03,55.97,33.83,81.99,74.11,C,Yes,No,Bachelor's,Low,5,13.5
S2008,Maria,Williams,student1008@university.com,Male,24,Computer Science,80.43,92.95,60.88,77.85,32.55,47.04,94.05,67.55,C,No,No,Master's,High,3,8.7
S2009,Noah,Taylor,student1009@university.com,Female,19,Mathematics,82.78,78.26,54.51,38.74,59.5,72.14,93.07,66.04,C,No,No,Bachelor's,Medium,1,13.5
S2010,Sara,Wilson,student1010@university.com,Male,18,Business,84.34,81.25,75.3,44.34,79.82,68.08,41.66,65.08,C,No,Yes,Master's,Low,10,6.6
S2011,Emma,Smith,student1011@university.com,Female,24,Computer Science,74.69,59.89,51.41,95.0,46.77,43.05,70.97,61.18,D,No,Yes,High School,Low,3,13.2
S2012,Omar,Wilson,student1012@university.com,Female,23,Physics,75.74,49.42,83.32,97.99,91.92,69.27,78.9,78.47,B,Yes,Yes,Master's,High,10,16.8
S2013,Noah,Lee,student1013@university.com,Male,21,Engineering,90.47,82.67,53.61,41.49,90.66,49.02,61.28,63.12,D,No,No,High School,Medium,9,1.7
S2014,Noah,Lee,student1014@university.com,Female,18,Business,87.45,56.54,64.26,60.37,36.4,88.74,79.02,64.22,D,Yes,Yes,High School,Medium,0,16.4
S2015,Liam,Ahmed,student1015@university.com,Female,23,Mathematics,61.31,64.92,50.11,68.47,64.74,87.45,86.15,70.31,C,Yes,Yes,High School,Medium,7,5.8
S2016,Ahmed,Ahmed,student1016@university.com,Female,18,Business,65.98,74.09,40.95,41.33,69.52,80.71,92.97,66.59,C,Yes,No,Master's,High,9,2.9
S2017,Ahmed,Khan,student1017@university.com,Male,19,Engineering,91.76,77.19,33.63,46.87,92.13,65.41,71.92,64.53,D,No,Yes,Bachelor's,High,4,8.2
S2018,Noah,Brown,student1018@university.com,Male,24,Business,67.44,87.65,30.75,42.67,96.34,43.8,64.58,60.96,D,Yes,Yes,Bachelor's,High,5,5.2
S2019,Ahmed,Clark,student1019@university.com,Female,18,Mathematics,81.42,58.77,34.14,34.21,63.5,60.6,58.21,51.57,D,No,Yes,Bachelor's,High,4,4.5
S2020,Maria,Smith,student1020@university.com,Female,19,Business,70.79,94.43,83.92,98.86,77.02,48.16,41.95,74.06,C,Yes,Yes,Bachelor's,Medium,0,7.0
S2021,Noah,Clark,student1021@university.com,Female,25,Engineering,76.76,86.92,79.27,35.75,39.58,60.63,93.56,65.95,C,Yes,Yes,Bachelor's,Medium,10,8.3
S2022,Liam,Clark,student1022@university.com,Male,21,Business,87.39,96.45,79.23,99.71,87.2,38.53,82.58,80.62,B,No,Yes,Master's,High,6,15.7
S2023,Liam,Williams,student1023@university.com,Male,25,Business,66.31,43.28,55.62,43.56,61.66,48.86,93.15,57.69,D,Yes,Yes,Master's,Medium,6,1.8
S2024,Sara,Khan,student1024@university.com,Male,24,Mathematics,70.15,82.19,95.57,32.3,91.1,47.52,42.02,65.12,C,Yes,No,Master's,High,5,7.7
S2025,Noah,Khan,student1025@university.com,Male,22,Physics,63.41,74.91,78.05,51.41,39.18,48.44,69.83,60.3,D,Yes,No,Bachelor's,High,9,12.6
S2026,Emma,Clark,student1026@university.com,Female,21,Mathematics,82.77,62.77,82.29,96.17,95.53,87.48,43.83,78.01,B,Yes,No,Master's,High,2,13.2
S2027,Ahmed,Jones,student1027@university.com,Male,25,Business,91.61,69.06,48.21,79.95,39.33,98.81,41.46,62.8,D,No,Yes,Bachelor's,High,3,5.0
S2028,Ayesha,Williams,student1028@university.com,Male,18,Mathematics,71.51,82.6,37.55,47.1,65.41,72.19,31.62,56.08,D,Yes,No,Bachelor's,Low,3,14.1
S2029,Maria,Brown,student1029@university.com,Male,20,Computer Science,83.76,90.69,30.78,89.11,98.84,99.05,33.95,73.74,C,Yes,No,High School,High,4,6.7
S2030,Maria,Ahmed,student1030@university.com,Female,24,Computer Science,79.4,33.59,83.6,54.69,94.85,35.35,32.44,55.75,D,No,No,Bachelor's,Low,5,5.4
S2031,Liam,Jones,student1031@university.com,Female,20,Computer Science,86.09,37.74,34.33,35.53,31.78,43.01,30.33,35.45,F,No,Yes,High School,High,9,8.1
S2032,Maria,Smith,student1032@university.com,Female,20,Business,91.96,98.98,72.73,47.73,71.4,35.03,35.85,60.29,D,No,No,Master's,Low,4,4.5
S2033,Ali,Brown,student1033@university.com,Male,21,Computer Science,90.38,42.67,85.55,31.7,31.53,62.71,72.04,54.37,D,No,Yes,Bachelor's,Medium,10,7.6
S2034,Emma,Brown,student1034@university.com,Female,24,Physics,67.09,59.76,86.96,79.0,43.11,95.14,55.72,69.95,C,Yes,Yes,High School,Medium,3,8.5
S2035,Ayesha,Wilson,student1035@university.com,Female,24,Business,99.28,71.25,35.4,80.14,67.66,49.07,36.19,56.62,D,No,No,High School,Medium,5,7.1
S2036,Sara,Wilson,student1036@university.com,Female,24,Business,80.7,86.84,33.99,36.2,39.47,42.41,78.92,52.97,D,Yes,No,Master's,Low,6,19.3
S2037,Ayesha,Williams,student1037@university.com,Female,24,Physics,62.03,90.8,88.92,76.3,69.39,67.29,67.13,76.64,B,No,No,High School,Medium,7,8.1
S2038,Ali,Jones,student1038@university.com,Male,19,Business,96.39,58.58,60.47,67.13,78.87,35.01,76.25,62.72,D,No,Yes,Master's,Medium,3,19.5
S2039,Emma,Ahmed,student1039@university.com,Female,23,Engineering,91.88,49.19,59.65,71.09,60.9,41.96,73.67,59.41,D,No,No,High School,High,1,2.1
S2040,Sara,Jones,student1040@university.com,Male,25,Business,95.64,30.36,35.74,62.36,77.39,99.94,71.98,62.96,D,Yes,No,High School,Medium,1,8.1
S2041,Ayesha,Brown,student1041@university.com,Female,25,Computer Science,68.82,40.95,40.53,61.75,36.3,67.55,79.98,54.51,D,No,Yes,Bachelor's,Low,7,1.3
S2042,Ali,Khan,student1042@university.com,Female,18,Business,95.37,78.63,40.28,85.82,53.43,97.0,74.99,71.69,C,No,Yes,High School,High,10,5.1
S2043,Maria,Ahmed,student1043@university.com,Male,21,Mathematics,63.6,95.86,36.39,65.88,81.28,39.35,66.25,64.17,D,No,No,Bachelor's,Medium,0,6.5
S2044,Liam,Lee,student1044@university.com,Female,24,Engineering,67.55,68.03,30.35,79.28,45.8,78.44,42.39,57.38,D,Yes,No,Bachelor's,Low,7,3.3
S2045,Noah,Lee,student1045@university.com,Female,25,Business,72.43,49.4,48.8,63.71,78.83,83.13,72.96,66.14,C,No,No,Master's,High,7,11.2
S2046,Maria,Ahmed,student1046@university.com,Male,25,Engineering,76.43,38.2,62.15,81.45,92.22,76.91,32.85,63.96,D,Yes,No,Master's,High,5,9.9
S2047,John,Ahmed,student1047@university.com,Male,20,Computer Science,89.55,83.55,81.78,33.59,42.25,76.38,48.17,60.95,D,No,Yes,Master's,Low,9,16.5
S2048,Ayesha,Smith,student1048@university.com,Male,25,Engineering,70.72,30.95,63.77,91.08,60.91,61.29,60.69,61.45,D,No,Yes,Master's,Medium,3,11.5
S2049,Sara,Ahmed,student1049@university.com,Male,20,Computer Science,90.56,99.28,48.94,88.95,93.16,64.79,77.28,78.73,B,Yes,No,High School,Medium,0,2.5
S2050,Liam,Williams,student1050@university.com,Male,18,Business,96.16,87.18,70.96,82.77,72.23,62.74,63.97,73.31,C,No,Yes,High School,Low,9,15.2
S2051,Ali,Smith,student1051@university.com,Male,19,Business,92.31,87.78,67.7,60.96,62.69,60.59,34.13,62.31,D,Yes,Yes,High School,Medium,3,2.5
S2052,Maria,Clark,student1052@university.com,Male,23,Physics,78.75,46.43,86.7,51.99,51.26,85.26,75.51,66.19,C,Yes,Yes,High School,Low,7,14.7
S2053,Maria,Brown,student1053@university.com,Female,23,Physics,92.82,34.22,81.46,75.93,34.11,40.32,98.86,60.82,D,Yes,Yes,Bachelor's,Medium,4,10.1
S2054,Ayesha,Ahmed,student1054@university.com,Male,21,Business,91.8,57.1,34.96,31.15,95.67,73.64,30.75,53.88,D,Yes,Yes,Bachelor's,Low,5,15.6
S2055,Liam,Lee,student1055@university.com,Female,24,Mathematics,60.66,34.96,73.16,50.01,64.62,98.29,48.04,61.51,D,No,No,Bachelor's,Low,3,18.9
S2056,Ali,Jones,student1056@university.com,Female,25,Physics,81.13,83.45,75.01,99.71,44.48,77.8,42.39,70.47,C,Yes,Yes,Master's,Low,7,14.5
S2057,Ahmed,Smith,student1057@university.com,Female,25,Mathematics,71.06,74.27,34.77,85.82,37.07,98.24,45.96,62.69,D,Yes,Yes,Master's,High,9,2.7
S2058,Ali,Khan,student1058@university.com,Male,25,Engineering,88.92,49.8,50.37,37.97,31.41,99.78,95.93,60.88,D,Yes,No,Master's,High,1,10.4
S2059,Noah,Jones,student1059@university.com,Female,25,Business,88.52,34.88,86.49,52.22,90.23,76.41,78.36,69.77,C,Yes,Yes,High School,Medium,3,17.4
S2060,Liam,Brown,student1060@university.com,Female,25,Engineering,68.35,72.16,76.68,93.63,96.89,85.34,61.81,81.09,B,No,No,High School,Medium,4,7.7
S2061,Sara,Smith,student1061@university.com,Female,21,Business,93.11,99.96,32.94,54.87,76.98,83.07,60.75,68.09,C,Yes,Yes,High School,Medium,10,5.5
S2062,Ayesha,Khan,student1062@university.com,Male,21,Engineering,99.4,32.61,36.17,75.22,61.49,75.11,92.87,62.25,D,Yes,No,High School,Low,9,8.3
S2063,Emma,Clark,student1063@university.com,Male,18,Business,97.89,69.34,42.94,94.34,35.79,47.49,62.4,58.72,D,No,Yes,High School,Low,7,7.2
S2064,Emma,Wilson,student1064@university.com,Male,18,Physics,78.62,90.06,93.66,98.47,56.4,80.25,97.81,86.11,A,Yes,No,High School,High,4,8.5
S2065,Omar,Wilson,student1065@university.com,Male,21,Engineering,70.98,61.18,43.1,39.39,62.01,69.76,98.48,62.32,D,No,No,High School,High,4,17.8
S2066,John,Lee,student1066@university.com,Male,21,Computer Science,88.97,44.82,96.68,90.79,67.55,40.38,36.75,62.83,D,Yes,No,High School,Low,5,16.7
S2067,Ayesha,Clark,student1067@university.com,Female,19,Engineering,97.46,84.54,94.39,43.32,45.63,89.47,43.91,66.88,C,Yes,Yes,Bachelor's,High,6,18.1
S2068,Noah,Williams,student1068@university.com,Female,24,Engineering,70.42,47.18,73.29,75.23,34.34,35.33,96.99,60.39,D,Yes,Yes,High School,Low,1,10.5
S2069,Noah,Khan,student1069@university.com,Female,18,Physics,82.54,36.7,80.47,62.12,95.23,74.11,73.3,70.32,C,Yes,No,Bachelor's,Medium,4,1.6
S2070,Noah,Brown,student1070@university.com,Female,19,Mathematics,63.69,40.4,84.64,75.66,88.94,65.87,69.48,70.83,C,Yes,No,Bachelor's,High,8,13.3
S2071,John,Khan,student1071@university.com,Female,23,Engineering,80.38,33.43,63.34,33.52,96.26,83.12,85.96,65.94,C,Yes,No,Master's,High,9,17.1
S2072,Ahmed,Brown,student1072@university.com,Female,25,Business,92.26,81.4,75.93,44.45,35.08,95.45,66.22,66.42,C,Yes,Yes,Master's,Low,7,7.9
S2073,Liam,Khan,student1073@university.com,Male,21,Business,92.72,36.66,37.69,89.67,82.81,56.2,51.5,59.09,D,Yes,No,High School,Medium,9,4.6
S2074,Ali,Taylor,student1074@university.com,Male,20,Business,71.58,43.24,90.13,51.58,32.3,73.0,44.37,55.77,D,No,No,Bachelor's,Low,9,15.7
S2075,John,Williams,student1075@university.com,Female,18,Mathematics,93.2,75.7,62.72,36.49,32.24,40.06,88.04,55.88,D,Yes,No,Bachelor's,Medium,10,18.5
S2076,Ahmed,Khan,student1076@university.com,Male,20,Engineering,85.06,58.18,74.4,81.77,38.21,64.87,96.11,68.92,C,Yes,No,High School,Medium,1,1.4
S2077,Omar,Williams,student1077@university.com,Female,21,Mathematics,76.69,76.13,50.62,57.98,72.81,45.95,98.64,67.02,C,Yes,Yes,Bachelor's,Low,6,9.1
S2078,Ahmed,Clark,student1078@university.com,Male,21,Mathematics,65.74,98.58,59.27,30.13,72.35,31.44,53.72,57.58,D,No,No,Master's,High,1,2.4
S2079,Sara,Jones,student1079@university.com,Male,24,Physics,86.33,80.04,34.11,75.0,70.56,31.05,81.05,61.97,D,No,Yes,High School,Low,6,16.2
S2080,Sara,Taylor,student1080@university.com,Male,20,Engineering,93.44,52.14,90.4,40.36,61.06,99.35,94.92,73.04,C,No,No,Master's,High,7,3.1
S2081,John,Wilson,student1081@university.com,Male,18,Business,78.74,76.87,45.21,69.93,41.21,35.49,40.72,51.57,D,Yes,Yes,Master's,High,1,4.6
S2082,Sara,Jones,student1082@university.com,Female,20,Engineering,71.95,80.96,68.47,44.5,68.89,85.66,55.28,67.29,C,No,No,Bachelor's,High,8,5.4
S2083,Liam,Brown,student1083@university.com,Male,19,Mathematics,69.49,91.64,62.04,91.74,71.27,93.97,96.85,84.58,B,Yes,Yes,High School,Medium,0,4.4
S2084,Maria,Khan,student1084@university.com,Female,24,Physics,67.19,52.14,32.67,78.17,82.14,33.54,79.26,59.65,D,No,No,Bachelor's,Low,7,1.1
S2085,Emma,Ahmed,student1085@university.com,Male,21,Engineering,81.12,32.96,76.54,67.42,37.8,61.88,40.14,52.79,D,Yes,No,Master's,Low,9,2.5
S2086,Ayesha,Taylor,student1086@university.com,Female,21,Mathematics,84.05,63.59,60.22,40.92,75.94,38.91,45.49,54.18,D,Yes,Yes,Bachelor's,Medium,4,3.3
S2087,Emma,Ahmed,student1087@university.com,Male,25,Business,65.73,80.4,35.59,44.83,47.89,56.64,61.78,54.52,D,No,Yes,High School,Low,9,2.9
S2088,Liam,Khan,student1088@university.com,Male,24,Mathematics,61.86,59.18,34.42,98.15,73.01,56.01,51.18,61.99,D,No,No,High School,Low,5,16.3
S2089,Omar,Lee,student1089@university.com,Female,23,Mathematics,60.99,55.73,72.64,62.6,71.21,92.33,74.79,71.55,C,No,No,High School,Low,3,20.0
S2090,Ayesha,Khan,student1090@university.com,Male,21,Engineering,96.69,76.06,48.58,34.69,95.23,56.32,50.93,60.3,D,Yes,Yes,Bachelor's,Low,7,10.9
S2091,Liam,Lee,student1091@university.com,Male,21,Computer Science,85.31,65.98,50.88,93.72,46.8,94.44,89.41,73.54,C,No,No,Bachelor's,High,3,9.3
S2092,Ahmed,Wilson,student1092@university.com,Male,23,Business,76.43,39.86,76.55,46.57,88.88,76.68,81.37,68.32,C,Yes,Yes,Bachelor's,Low,5,14.0
S2093,Ali,Jones,student1093@university.com,Male,21,Mathematics,89.53,83.93,63.95,37.06,93.55,78.28,74.05,71.8,C,Yes,No,Bachelor's,Medium,1,18.6
S2094,Emma,Khan,student1094@university.com,Female,25,Mathematics,81.53,91.56,65.9,90.03,36.34,54.69,37.85,62.73,D,Yes,Yes,High School,High,3,10.5
S2095,Maria,Taylor,student1095@university.com,Male,20,Computer Science,84.96,34.11,65.28,61.92,42.19,96.01,71.95,61.91,D,Yes,Yes,Bachelor's,Medium,1,6.0
S2096,Ayesha,Clark,student1096@university.com,Male,22,Computer Science,75.72,96.41,50.36,92.51,43.15,83.44,92.83,76.45,B,No,No,Master's,Medium,10,18.9
S2097,Omar,Taylor,student1097@university.com,Male,23,Physics,66.24,36.65,48.62,93.52,74.93,56.79,63.62,62.35,D,Yes,No,Master's,High,6,15.7
S2098,Maria,Williams,student1098@university.com,Female,23,Mathematics,95.59,86.42,60.11,45.25,55.93,45.55,33.4,54.44,D,Yes,Yes,High School,Low,6,12.4
S2099,Ahmed,Clark,student1099@university.com,Female,20,Physics,74.55,46.19,45.31,32.36,81.58,33.5,43.38,47.05,F,Yes,Yes,Bachelor's,High,5,15.3
S2100,Ayesha,Jones,student1100@university.com,Male,18,Physics,67.39,95.15,82.23,74.46,81.03,70.32,97.48,83.45,B,No,Yes,High School,Medium,9,6.6
S2101,Ahmed,Khan,student1101@university.com,Female,23,Computer Science,93.24,72.35,64.91,40.87,45.9,53.56,94.77,62.06,D,No,No,Master's,High,5,14.5
S2102,Maria,Khan,student1102@university.com,Female,25,Computer Science,69.03,74.05,47.4,99.89,33.24,62.6,93.99,68.53,C,Yes,No,High School,High,7,19.0
S2103,Omar,Taylor,student1103@university.com,Female,25,Computer Science,80.86,45.54,31.85,38.14,49.51,43.03,43.43,41.92,F,No,No,Master's,Low,3,12.6
S2104,Liam,Taylor,student1104@university.com,Male,25,Engineering,83.68,50.05,65.77,72.12,80.08,57.4,30.65,59.34,D,No,No,Bachelor's,Medium,7,7.6
S2105,Ali,Wilson,student1105@university.com,Male,19,Physics,70.13,91.29,70.99,50.9,73.07,55.64,37.14,63.17,D,Yes,No,High School,Medium,2,4.5
S2106,Ali,Taylor,student1106@university.com,Female,20,Business,61.4,72.22,33.56,46.59,51.26,68.11,50.66,53.73,D,Yes,No,Bachelor's,Medium,5,1.4
S2107,Ali,Taylor,student1107@university.com,Female,19,Mathematics,66.62,46.93,72.19,88.65,87.61,52.02,69.61,69.5,C,No,No,Bachelor's,High,8,11.7
S2108,John,Khan,student1108@university.com,Female,24,Business,63.39,33.42,89.29,85.71,72.72,67.32,74.54,70.5,C,Yes,No,Bachelor's,Medium,9,12.8
S2109,Noah,Ahmed,student1109@university.com,Male,25,Business,71.07,90.12,42.42,66.47,84.76,40.14,95.87,69.96,C,Yes,Yes,Master's,Medium,6,12.5
S2110,John,Lee,student1110@university.com,Male,19,Business,80.82,84.95,91.38,63.45,62.41,76.62,85.95,77.46,B,No,No,High School,High,1,5.1
S2111,Omar,Ahmed,student1111@university.com,Female,21,Computer Science,63.87,69.14,94.21,44.2,35.46,57.16,75.1,62.54,D,No,No,Master's,Medium,2,9.7
S2112,Ahmed,Wilson,student1112@university.com,Male,22,Physics,99.03,80.14,73.13,54.61,83.38,66.2,72.75,71.7,C,Yes,No,Master's,Medium,0,2.6
S2113,John,Taylor,student1113@university.com,Female,20,Physics,72.91,68.62,73.91,72.98,66.8,41.87,90.35,69.09,C,Yes,No,Bachelor's,Low,6,15.6
S2114,Ahmed,Lee,student1114@university.com,Male,20,Mathematics,88.65,95.84,69.52,41.69,40.48,93.07,48.49,64.85,D,No,Yes,Bachelor's,Medium,8,6.5
S2115,Noah,Khan,student1115@university.com,Female,19,Computer Science,88.56,59.41,96.38,79.02,61.64,76.86,32.53,67.64,C,No,Yes,Bachelor's,High,5,9.9
S2116,Ali,Ahmed,student1116@university.com,Male,22,Business,79.88,87.25,82.05,42.32,90.2,36.36,71.24,68.24,C,No,No,High School,Low,6,12.4
S2117,Sara,Lee,student1117@university.com,Female,22,Mathematics,74.22,71.66,42.46,80.45,43.9,45.0,61.46,57.49,D,Yes,Yes,Master's,Medium,1,8.1
S2118,Maria,Wilson,student1118@university.com,Male,23,Computer Science,65.18,83.09,44.56,32.85,81.13,45.75,90.81,63.03,D,No,No,High School,High,8,7.7
S2119,Sara,Wilson,student1119@university.com,Female,19,Engineering,69.94,38.7,30.74,42.32,60.99,97.9,54.41,54.18,D,No,No,Bachelor's,Medium,9,17.4
S2120,John,Ahmed,student1120@university.com,Female,24,Physics,71.61,98.22,52.48,85.25,35.56,99.42,92.37,77.22,B,No,No,Bachelor's,High,2,11.3
S2121,Maria,Khan,student1121@university.com,Male,23,Physics,75.63,63.38,71.72,39.08,70.94,81.83,87.54,69.08,C,No,No,High School,High,9,6.0
S2122,Noah,Jones,student1122@university.com,Female,18,Computer Science,86.95,59.12,36.35,76.37,32.86,63.63,72.48,56.8,D,Yes,No,Bachelor's,Medium,2,8.5
S2123,Omar,Brown,student1123@university.com,Male,25,Mathematics,83.23,88.84,94.33,52.63,73.94,82.44,30.43,70.44,C,Yes,Yes,Master's,Low,7,4.8
S2124,John,Williams,student1124@university.com,Female,18,Computer Science,97.87,41.53,85.62,67.97,87.15,66.86,89.46,73.1,C,No,Yes,Bachelor's,Medium,9,13.7
S2125,Ayesha,Taylor,student1125@university.com,Female,20,Engineering,82.48,77.2,50.16,98.62,32.24,43.46,52.9,59.1,D,Yes,Yes,Bachelor's,Low,5,3.2
S2126,John,Wilson,student1126@university.com,Male,22,Mathematics,94.59,36.35,93.77,38.55,60.65,44.56,65.45,56.55,D,No,Yes,High School,Low,2,14.8
S2127,John,Ahmed,student1127@university.com,Female,19,Physics,61.53,68.03,72.6,74.25,42.73,65.37,89.85,68.81,C,No,No,High School,High,1,18.9
S2128,Ayesha,Williams,student1128@university.com,Male,24,Business,67.02,39.54,75.68,49.43,73.83,95.01,75.33,68.14,C,Yes,No,High School,Low,0,5.6
S2129,Maria,Williams,student1129@university.com,Female,19,Business,63.17,87.14,96.71,43.17,94.65,50.51,68.58,73.46,C,Yes,Yes,Bachelor's,Medium,4,13.3
S2130,Emma,Williams,student1130@university.com,Female,25,Business,81.32,66.75,32.29,61.68,87.83,78.1,93.24,69.98,C,Yes,No,High School,Medium,5,12.1
S2131,Noah,Brown,student1131@university.com,Male,20,Engineering,75.46,50.34,75.98,93.87,72.49,66.28,58.69,69.61,C,No,No,Bachelor's,High,8,1.9
S2132,Liam,Clark,student1132@university.com,Male,22,Computer Science,90.29,44.95,83.1,53.69,82.87,63.5,34.36,60.41,D,Yes,Yes,Master's,Low,9,11.2
S2133,Liam,Wilson,student1133@university.com,Male,21,Engineering,60.49,50.54,92.84,52.67,51.96,38.28,75.89,60.36,D,Yes,Yes,High School,Low,10,5.3
S2134,Ahmed,Jones,student1134@university.com,Female,20,Mathematics,83.71,97.97,30.89,85.81,99.32,32.1,94.02,73.35,C,Yes,Yes,Bachelor's,Medium,5,5.1
S2135,John,Smith,student1135@university.com,Female,23,Mathematics,92.33,35.43,30.55,64.47,53.31,94.6,75.97,59.06,D,Yes,No,High School,Medium,3,17.5
S2136,Emma,Smith,student1136@university.com,Female,20,Computer Science,92.85,79.33,49.17,54.28,95.37,57.81,65.69,66.94,C,No,No,Bachelor's,Low,3,8.6
S2137,John,Williams,student1137@university.com,Male,20,Mathematics,63.45,51.4,43.47,36.24,34.68,41.6,79.27,47.78,F,No,Yes,Bachelor's,Medium,7,3.4
S2138,Ayesha,Smith,student1138@university.com,Male,24,Mathematics,75.5,32.12,69.98,57.16,99.6,42.16,70.36,61.9,D,No,Yes,Master's,High,1,9.8
S2139,Noah,Williams,student1139@university.com,Male,24,Business,87.5,45.25,72.51,77.71,47.22,47.16,33.07,53.82,D,Yes,No,Master's,Low,8,9.2
S2140,Sara,Ahmed,student1140@university.com,Female,22,Engineering,92.14,39.23,35.58,57.09,43.14,58.08,38.33,45.24,F,Yes,Yes,Master's,Low,8,3.5
S2141,Ali,Brown,student1141@university.com,Female,19,Business,67.34,78.15,68.39,63.11,97.03,66.92,34.56,68.03,C,No,Yes,Bachelor's,High,9,7.9
S2142,Emma,Williams,student1142@university.com,Male,18,Mathematics,95.97,56.22,85.98,65.08,81.48,73.62,68.39,71.8,C,Yes,Yes,Bachelor's,High,0,9.5
S2143,Noah,Smith,student1143@university.com,Female,24,Computer Science,64.38,44.85,82.15,36.53,94.25,76.98,32.67,61.24,D,No,No,Bachelor's,Low,1,9.2
S2144,Emma,Jones,student1144@university.com,Male,25,Business,86.31,59.36,32.48,91.17,46.67,61.15,36.97,54.63,D,No,No,Master's,Medium,2,19.4
S2145,John,Lee,student1145@university.com,Female,25,Computer Science,77.12,69.62,66.66,49.83,51.3,44.5,80.35,60.38,D,No,Yes,Master's,Low,3,19.3
S2146,John,Brown,student1146@university.com,Female,24,Physics,78.14,90.68,41.4,77.05,96.31,98.34,39.39,73.86,C,Yes,Yes,Bachelor's,Low,5,3.5
S2147,Maria,Wilson,student1147@university.com,Female,18,Physics,97.06,63.99,51.98,48.64,98.41,60.07,88.77,68.64,C,Yes,Yes,Master's,Low,2,3.2
S2148,Ayesha,Brown,student1148@university.com,Male,21,Physics,87.45,95.64,70.47,58.24,86.71,35.03,74.34,70.07,C,Yes,Yes,High School,Low,6,8.7
S2149,Emma,Clark,student1149@university.com,Male,19,Computer Science,67.15,85.06,54.89,90.3,92.0,82.07,37.68,73.67,C,No,Yes,Bachelor's,High,2,6.6
S2150,John,Brown,student1150@university.com,Female,24,Business,85.34,68.6,37.98,38.94,57.17,45.54,44.85,48.85,F,No,Yes,Master's,High,5,18.8
S2151,Maria,Jones,student1151@university.com,Female,19,Mathematics,75.91,82.31,57.26,58.36,50.81,44.47,64.26,59.58,D,Yes,Yes,Master's,High,3,18.5
S2152,Ayesha,Ahmed,student1152@university.com,Female,19,Mathematics,72.03,87.21,44.1,73.57,80.06,55.46,50.26,65.11,C,No,Yes,High School,Medium,2,1.8
S2153,Ayesha,Williams,student1153@university.com,Male,20,Business,76.4,74.35,35.14,85.51,70.9,84.57,45.97,66.07,C,Yes,No,High School,Medium,6,16.8
S2154,Maria,Lee,student1154@university.com,Male,23,Computer Science,70.56,90.98,83.86,31.42,60.01,33.99,59.81,60.01,D,Yes,Yes,Bachelor's,Medium,2,16.9
S2155,Noah,Smith,student1155@university.com,Female,24,Computer Science,88.63,44.4,99.86,63.65,83.06,87.46,34.94,68.89,C,Yes,Yes,High School,Medium,4,18.6
S2156,Emma,Brown,student1156@university.com,Female,18,Business,98.91,93.29,62.96,97.56,73.23,67.94,96.81,81.97,B,No,Yes,Bachelor's,Medium,5,13.2
S2157,Maria,Smith,student1157@university.com,Male,19,Engineering,65.77,84.21,33.89,32.47,46.08,52.06,34.17,47.15,F,No,No,High School,Low,4,8.3
S2158,John,Lee,student1158@university.com,Female,20,Mathematics,73.3,63.47,44.75,32.59,42.14,63.79,90.25,56.16,D,Yes,No,Master's,Low,1,10.4
S2159,Omar,Lee,student1159@university.com,Female,22,Business,69.71,53.82,87.53,91.99,38.65,75.02,97.69,74.12,C,No,No,Bachelor's,Medium,1,14.4
S2160,Ahmed,Smith,student1160@university.com,Male,25,Computer Science,70.45,94.92,38.16,92.87,38.5,40.14,90.85,65.91,C,Yes,No,Master's,High,10,1.6
S2161,Omar,Khan,student1161@university.com,Male,22,Mathematics,77.14,50.56,49.76,73.18,47.09,40.05,95.89,59.42,D,No,Yes,Bachelor's,Low,9,10.1
S2162,Sara,Clark,student1162@university.com,Male,24,Engineering,65.52,57.01,49.35,46.87,54.12,90.89,42.52,56.79,D,No,Yes,Master's,High,1,17.5
S2163,Noah,Jones,student1163@university.com,Male,24,Physics,83.88,67.42,37.79,61.87,76.37,40.94,45.2,54.93,D,No,No,High School,Medium,6,6.2
S2164,Ali,Williams,student1164@university.com,Male,19,Mathematics,60.87,67.16,44.45,75.06,85.86,78.87,67.69,69.85,C,No,Yes,Master's,High,4,6.2
S2165,Liam,Wilson,student1165@university.com,Male,19,Computer Science,95.49,51.76,50.11,67.65,77.22,43.09,70.62,60.08,D,No,Yes,Master's,High,2,14.6
S2166,Sara,Williams,student1166@university.com,Male,21,Physics,85.86,57.96,99.18,51.5,46.31,35.66,93.46,64.01,D,No,No,Master's,Low,8,7.1
S2167,Omar,Wilson,student1167@university.com,Male,25,Engineering,83.53,35.54,53.24,49.02,75.19,82.09,67.64,60.45,D,Yes,Yes,Bachelor's,High,0,14.7
S2168,Omar,Taylor,student1168@university.com,Female,20,Business,81.48,60.86,64.06,69.6,85.46,75.4,47.72,67.18,C,No,No,High School,Medium,0,9.7
S2169,Omar,Wilson,student1169@university.com,Male,22,Physics,81.68,53.27,75.88,36.07,45.85,47.52,74.8,55.56,D,No,No,Master's,High,5,13.5
S2170,Maria,Brown,student1170@university.com,Female,20,Physics,61.11,34.75,65.72,59.85,43.38,41.28,91.95,56.16,D,Yes,No,Master's,High,2,1.7
S2171,Ayesha,Taylor,student1171@university.com,Male,22,Computer Science,89.41,89.43,41.6,70.74,63.18,91.11,57.16,68.87,C,Yes,No,High School,Medium,7,10.7
S2172,Omar,Smith,student1172@university.com,Female,20,Engineering,77.09,56.16,60.16,92.05,44.88,65.23,90.15,68.11,C,Yes,Yes,High School,High,5,7.0
S2173,Ahmed,Williams,student1173@university.com,Female,24,Computer Science,92.89,68.89,35.34,87.35,62.91,59.57,90.55,67.44,C,Yes,Yes,Master's,Medium,5,18.5
S2174,Ahmed,Clark,student1174@university.com,Female,20,Mathematics,64.96,67.87,66.39,96.22,32.56,42.74,30.29,56.01,D,No,No,Bachelor's,High,2,18.2
S2175,Ayesha,Lee,student1175@university.com,Male,20,Physics,76.86,87.16,66.61,79.19,73.74,91.69,85.67,80.68,B,No,Yes,High School,Medium,7,12.9
S2176,Noah,Lee,student1176@university.com,Female,19,Business,76.72,72.61,50.02,74.8,32.01,32.55,87.27,58.21,D,Yes,Yes,High School,Medium,1,19.7
S2177,Maria,Brown,student1177@university.com,Female,18,Engineering,70.72,31.93,72.36,30.78,52.26,90.34,87.83,60.92,D,Yes,Yes,Master's,High,7,1.4
S2178,Ali,Taylor,student1178@university.com,Male,22,Physics,60.65,51.23,38.71,84.05,33.34,91.24,91.95,65.09,C,Yes,No,High School,Low,9,9.6
S2179,Ayesha,Wilson,student1179@university.com,Male,22,Computer Science,83.76,44.54,67.41,83.72,73.82,94.63,80.7,74.14,C,Yes,No,Master's,Low,1,17.3
S2180,Ahmed,Lee,student1180@university.com,Female,21,Engineering,63.29,79.1,86.46,85.95,75.54,84.02,35.64,74.45,C,No,No,High School,Medium,10,5.3
S2181,Maria,Taylor,student1181@university.com,Female,24,Business,88.0,99.35,85.0,31.75,77.55,91.57,92.16,79.56,B,No,Yes,Bachelor's,Medium,9,6.8
S2182,Sara,Taylor,student1182@university.com,Male,25,Physics,98.35,97.53,64.23,94.01,53.55,71.62,48.73,71.61,C,Yes,Yes,Master's,Medium,0,14.1
S2183,Ali,Lee,student1183@university.com,Male,24,Physics,68.97,97.52,93.73,64.61,76.05,74.99,79.19,81.02,B,Yes,No,High School,Medium,6,5.6
S2184,Emma,Lee,student1184@university.com,Male,22,Mathematics,60.63,99.03,58.48,36.14,86.98,99.23,94.99,79.14,B,No,No,Bachelor's,Medium,6,8.3
S2185,John,Taylor,student1185@university.com,Male,22,Business,77.76,70.51,95.32,54.43,70.53,62.58,38.13,65.25,C,Yes,Yes,Bachelor's,Medium,6,11.1
S2186,Noah,Jones,student1186@university.com,Male,25,Computer Science,64.4,72.67,84.19,40.25,45.16,89.14,49.74,63.53,D,Yes,No,High School,Medium,10,4.7
S2187,Noah,Lee,student1187@university.com,Male,24,Mathematics,69.96,32.52,83.3,53.89,67.93,37.68,82.57,59.65,D,Yes,Yes,Master's,High,7,16.3
S2188,Emma,Brown,student1188@university.com,Female,23,Business,82.96,99.1,40.87,76.82,45.32,39.56,52.42,59.02,D,No,Yes,Bachelor's,High,9,19.7
S2189,John,Wilson,student1189@university.com,Female,22,Business,97.91,81.38,95.76,31.69,33.75,83.25,34.05,59.98,D,No,No,Master's,High,10,13.0
S2190,Emma,Jones,student1190@university.com,Female,23,Physics,98.29,32.54,72.85,67.29,71.21,41.57,75.25,60.12,D,No,Yes,Master's,Medium,0,17.2
S2191,Noah,Taylor,student1191@university.com,Male,19,Physics,70.43,30.3,32.18,39.94,80.26,94.26,65.06,57.0,D,Yes,No,Bachelor's,High,1,8.5
S2192,Noah,Smith,student1192@university.com,Female,21,Mathematics,73.55,41.8,83.51,60.71,56.45,36.9,62.98,57.06,D,No,Yes,Master's,Medium,4,6.6
S2193,John,Khan,student1193@university.com,Female,21,Mathematics,78.64,40.12,33.88,34.97,57.53,58.75,58.48,47.29,F,Yes,Yes,Bachelor's,Medium,10,12.1
S2194,Ali,Williams,student1194@university.com,Male,24,Business,88.16,92.47,47.26,50.45,55.0,86.48,79.47,68.52,C,No,Yes,High School,High,3,9.0
S2195,Sara,Smith,student1195@university.com,Male,23,Mathematics,63.82,92.77,74.23,94.87,50.5,36.67,70.87,69.98,C,Yes,No,Master's,High,5,10.3
S2196,Emma,Brown,student1196@university.com,Male,20,Computer Science,86.61,55.63,69.09,69.59,69.37,60.04,53.88,62.93,D,Yes,No,Master's,Medium,9,2.9
S2197,Ali,Smith,student1197@university.com,Female,25,Computer Science,70.5,57.23,44.44,89.33,50.14,73.19,44.73,59.84,D,Yes,No,High School,Medium,0,11.2
S2198,Sara,Khan,student1198@university.com,Female,19,Engineering,82.77,35.68,55.74,72.42,83.53,75.07,89.39,68.64,C,Yes,Yes,Bachelor's,Low,6,10.7
S2199,Emma,Smith,student1199@university.com,Female,23,Business,86.61,41.61,67.47,72.28,52.8,51.1,88.69,62.33,D,No,Yes,Master's,Low,9,8.8
S2200,Omar,Clark,student1200@university.com,Female,19,Physics,93.41,39.26,32.58,68.47,63.85,59.1,33.73,49.5,F,No,No,Master's,Medium,1,5.4
S2201,Emma,Smith,student1201@university.com,Male,25,Business,90.93,95.04,63.51,99.13,91.55,45.47,72.05,77.79,B,No,Yes,Master's,Medium,2,14.3
S2202,Maria,Williams,student1202@university.com,Male,20,Physics,76.3,91.53,30.7,38.44,52.74,92.7,63.92,61.67,D,Yes,No,Master's,High,5,8.5
S2203,Noah,Williams,student1203@university.com,Male,20,Computer Science,63.84,58.06,34.08,39.08,53.82,79.51,97.69,60.37,D,Yes,No,Master's,Medium,3,18.8
S2204,Sara,Brown,student1204@university.com,Female,19,Computer Science,71.21,69.32,78.72,70.94,83.77,63.7,60.36,71.14,C,Yes,Yes,Master's,Medium,0,13.9
S2205,Liam,Wilson,student1205@university.com,Male,23,Mathematics,78.36,45.97,92.34,71.6,91.44,30.03,57.7,64.85,D,Yes,No,Master's,High,4,17.2
S2206,Emma,Ahmed,student1206@university.com,Male,22,Physics,85.26,64.34,51.72,81.35,93.49,79.33,56.79,71.17,C,No,No,Master's,Low,6,14.0
S2207,Omar,Taylor,student1207@university.com,Female,24,Business,78.37,78.23,64.42,53.49,80.71,30.62,41.63,58.18,D,No,No,High School,Low,0,10.6
S2208,Noah,Smith,student1208@university.com,Male,25,Business,60.59,68.27,40.06,71.35,92.48,46.21,32.88,58.54,D,No,No,Master's,Low,2,2.9
S2209,Maria,Clark,student1209@university.com,Male,25,Mathematics,73.05,40.92,81.25,75.62,75.18,67.19,71.84,68.67,C,Yes,Yes,High School,High,6,8.3
S2210,Ali,Smith,student1210@university.com,Male,23,Mathematics,95.24,52.02,42.89,85.39,57.37,85.35,47.78,61.8,D,No,No,High School,Medium,10,8.4
S2211,Omar,Jones,student1211@university.com,Male,24,Business,79.06,98.04,43.14,94.03,55.34,71.2,45.67,67.9,C,No,No,Master's,Medium,2,16.6
S2212,Omar,Brown,student1212@university.com,Female,24,Mathematics,89.32,69.26,79.67,96.73,99.95,35.89,46.27,71.3,C,Yes,Yes,High School,Low,3,11.9
S2213,Ayesha,Lee,student1213@university.com,Male,23,Business,82.45,62.12,82.9,77.66,64.78,85.81,40.03,68.88,C,No,Yes,Bachelor's,Low,3,1.2
S2214,Ali,Brown,student1214@university.com,Female,21,Physics,96.44,42.17,63.31,55.74,48.48,49.28,92.63,58.6,D,No,No,Master's,High,0,4.9
S2215,Ahmed,Khan,student1215@university.com,Female,21,Business,83.55,56.73,30.78,59.92,43.57,81.58,50.81,53.9,D,Yes,No,Master's,Low,5,2.3
S2216,Liam,Khan,student1216@university.com,Male,18,Computer Science,73.59,89.77,63.38,60.59,40.47,80.58,64.63,66.57,C,No,Yes,Bachelor's,Low,8,11.2
S2217,Noah,Smith,student1217@university.com,Female,19,Computer Science,84.47,33.1,69.33,44.74,39.95,56.64,97.38,56.86,D,Yes,No,Master's,Medium,4,2.0
S2218,Emma,Smith,student1218@university.com,Female,24,Physics,88.04,92.75,77.69,49.46,57.26,97.17,91.5,77.64,B,No,No,Bachelor's,High,2,9.4
S2219,Liam,Khan,student1219@university.com,Female,19,Mathematics,87.06,63.47,59.94,36.93,73.6,56.94,30.72,53.6,D,Yes,Yes,High School,Low,7,5.5
S2220,Sara,Smith,student1220@university.com,Female,20,Mathematics,69.57,79.69,41.34,37.31,65.88,99.85,90.3,69.06,C,No,No,Bachelor's,Medium,7,1.0
S2221,John,Taylor,student1221@university.com,Male,25,Computer Science,73.9,72.62,71.09,77.79,57.89,32.43,86.46,66.38,C,Yes,Yes,Master's,High,10,19.7
S2222,Omar,Ahmed,student1222@university.com,Male,18,Engineering,87.96,79.49,76.81,32.11,53.15,41.49,76.3,59.89,D,No,Yes,Bachelor's,Medium,5,16.7
S2223,Noah,Taylor,student1223@university.com,Male,22,Computer Science,88.15,66.4,61.71,84.44,80.74,82.86,39.96,69.35,C,No,Yes,High School,High,1,7.4
S2224,Maria,Khan,student1224@university.com,Female,20,Engineering,99.12,87.32,46.7,60.57,80.52,34.58,89.85,66.59,C,No,No,Bachelor's,Low,0,10.8
S2225,Omar,Taylor,student1225@university.com,Female,20,Mathematics,73.95,77.32,51.23,81.51,52.65,48.33,46.98,59.67,D,No,Yes,Bachelor's,Medium,5,2.9
S2226,Noah,Khan,student1226@university.com,Male,22,Physics,97.4,68.01,68.61,79.53,96.75,40.33,44.66,66.31,C,Yes,No,Bachelor's,High,10,15.5
S2227,Liam,Khan,student1227@university.com,Female,25,Physics,76.03,42.79,84.38,69.04,51.95,34.62,61.83,57.43,D,No,Yes,High School,Low,1,13.3
S2228,Ali,Khan,student1228@university.com,Female,18,Business,73.26,42.31,37.55,54.37,61.6,50.8,45.67,48.72,F,No,No,Bachelor's,High,2,19.4
S2229,John,Brown,student1229@university.com,Male,18,Computer Science,96.93,65.63,77.0,51.88,49.32,37.12,64.3,57.54,D,Yes,Yes,High School,Medium,2,1.6
S2230,Emma,Khan,student1230@university.com,Male,24,Business,79.44,75.23,58.59,79.19,85.75,87.56,46.43,72.12,C,Yes,Yes,High School,Medium,5,18.6
S2231,Ali,Wilson,student1231@university.com,Female,24,Business,73.36,46.97,43.3,36.13,52.82,75.05,40.64,49.15,F,No,Yes,Bachelor's,Medium,0,11.5
S2232,Ali,Jones,student1232@university.com,Male,25,Computer Science,91.61,43.91,30.63,56.3,48.77,31.01,65.81,46.07,F,Yes,No,Master's,Medium,8,15.7
S2233,Liam,Taylor,student1233@university.com,Female,20,Engineering,92.62,53.36,65.73,65.38,81.34,50.17,58.23,62.37,D,No,Yes,High School,Low,4,19.0
S2234,Ali,Khan,student1234@university.com,Male,25,Engineering,61.81,75.37,75.07,83.3,95.34,95.55,48.79,78.9,B,Yes,Yes,Bachelor's,High,5,17.9
S2235,Omar,Brown,student1235@university.com,Male,22,Engineering,75.42,79.46,34.74,71.89,59.64,67.43,33.01,57.69,D,No,No,High School,Low,4,15.5
S2236,Ahmed,Jones,student1236@university.com,Female,20,Mathematics,73.96,36.36,57.3,95.67,49.09,55.5,94.03,64.66,D,No,No,Master's,High,5,10.2
S2237,Ayesha,Wilson,student1237@university.com,Male,21,Physics,89.57,87.68,88.29,34.36,35.2,90.24,75.43,68.53,C,Yes,Yes,Master's,High,0,3.1
S2238,Liam,Brown,student1238@university.com,Male,18,Mathematics,64.75,57.92,66.23,56.26,84.52,68.69,79.2,68.8,C,No,Yes,Bachelor's,High,8,19.9
S2239,Maria,Ahmed,student1239@university.com,Female,21,Mathematics,61.22,43.79,30.33,39.37,98.05,88.82,95.81,66.03,C,Yes,No,Master's,Low,9,1.8
S2240,Noah,Khan,student1240@university.com,Female,25,Mathematics,81.36,35.82,59.91,51.01,31.3,79.16,66.21,53.9,D,No,Yes,Master's,High,6,5.9
S2241,Ayesha,Jones,student1241@university.com,Female,21,Physics,92.27,85.37,57.72,50.92,61.28,32.12,79.66,61.18,D,No,No,High School,Low,7,6.0
S2242,John,Khan,student1242@university.com,Male,24,Business,85.37,88.74,67.26,64.9,57.32,32.33,94.88,67.57,C,Yes,Yes,Master's,High,4,14.2
S2243,John,Smith,student1243@university.com,Female,23,Engineering,70.45,88.67,97.23,37.73,86.45,31.87,68.06,68.33,C,No,No,High School,Low,7,17.0
S2244,Ahmed,Lee,student1244@university.com,Female,21,Engineering,61.76,57.94,70.39,50.54,77.98,94.78,68.84,70.08,C,No,Yes,High School,Low,3,17.5
S2245,Sara,Jones,student1245@university.com,Female,22,Mathematics,86.38,93.55,68.43,61.26,37.09,87.7,41.05,64.85,D,No,Yes,Bachelor's,High,8,4.9
S2246,Omar,Khan,student1246@university.com,Male,23,Mathematics,73.9,81.23,42.13,66.73,78.51,61.18,38.77,61.43,D,Yes,Yes,Master's,High,7,1.8
S2247,Ali,Ahmed,student1247@university.com,Male,24,Business,67.81,45.27,49.23,87.47,47.27,65.37,43.2,56.3,D,Yes,No,Bachelor's,Low,8,3.6
S2248,Emma,Smith,student1248@university.com,Male,18,Physics,82.07,62.65,93.5,51.27,59.49,34.6,65.13,61.11,D,No,Yes,Master's,Medium,1,1.6
S2249,Maria,Khan,student1249@university.com,Male,20,Mathematics,76.69,66.86,36.04,86.88,64.02,70.36,49.98,62.36,D,Yes,No,High School,High,1,9.4
S2250,Noah,Clark,student1250@university.com,Female,22,Computer Science,74.26,94.54,68.48,41.31,67.91,84.83,97.95,75.84,B,Yes,No,High School,Medium,6,19.2
S2251,Maria,Brown,student1251@university.com,Female,22,Physics,87.43,89.5,34.65,51.55,51.33,90.6,34.25,58.65,D,Yes,Yes,Bachelor's,Low,9,2.6
S2252,Ayesha,Wilson,student1252@university.com,Female,23,Mathematics,77.9,83.58,95.9,37.85,79.16,86.91,70.75,75.69,B,Yes,Yes,High School,Low,7,13.9
S2253,Maria,Khan,student1253@university.com,Male,20,Computer Science,96.25,34.28,95.09,95.5,49.7,87.73,97.5,76.63,B,Yes,No,Bachelor's,High,5,17.6
S2254,Ali,Brown,student1254@university.com,Male,18,Engineering,86.08,94.72,96.42,37.42,55.08,41.25,31.01,59.32,D,Yes,Yes,Master's,High,7,10.3
S2255,Ali,Williams,student1255@university.com,Female,22,Business,86.4,31.7,81.38,53.97,40.6,43.3,93.53,57.41,D,Yes,No,Bachelor's,Low,10,14.2
S2256,Emma,Ahmed,student1256@university.com,Female,22,Mathematics,79.59,79.14,40.54,50.54,62.17,73.75,88.74,65.81,C,Yes,No,High School,Medium,6,4.8
S2257,Ali,Jones,student1257@university.com,Female,20,Business,90.01,33.27,36.22,55.51,47.07,55.41,70.1,49.6,F,No,No,Bachelor's,Medium,7,12.2
S2258,Maria,Williams,student1258@university.com,Female,25,Computer Science,87.12,67.64,50.78,89.62,98.78,31.99,88.66,71.25,C,No,Yes,Master's,High,1,3.9
S2259,Omar,Jones,student1259@university.com,Male,22,Engineering,71.6,47.99,56.69,78.77,86.4,58.17,38.03,61.01,D,No,Yes,Master's,High,4,18.7
S2260,Ayesha,Khan,student1260@university.com,Female,25,Physics,72.03,47.93,97.07,37.88,48.77,58.18,53.62,57.24,D,Yes,Yes,High School,Low,6,2.1
S2261,Ahmed,Wilson,student1261@university.com,Female,21,Business,96.21,76.01,59.05,97.34,70.05,83.74,30.56,69.46,C,No,No,Master's,Medium,8,5.7
S2262,John,Smith,student1262@university.com,Male,18,Physics,97.4,89.55,78.65,31.16,50.71,75.15,50.08,62.55,D,Yes,No,High School,Low,8,9.2
S2263,Ayesha,Khan,student1263@university.com,Female,25,Mathematics,63.89,52.74,81.61,95.01,31.17,49.79,94.7,67.5,C,No,No,Bachelor's,Low,8,11.7
S2264,Noah,Taylor,student1264@university.com,Male,23,Physics,96.02,61.67,81.58,93.47,78.7,91.12,57.7,77.37,B,Yes,Yes,High School,Medium,7,19.9
S2265,Ali,Williams,student1265@university.com,Female,20,Business,96.89,77.46,34.25,54.67,70.0,56.3,56.27,58.16,D,Yes,Yes,Master's,High,8,12.3
S2266,Omar,Ahmed,student1266@university.com,Female,18,Business,65.71,39.28,58.88,53.67,83.78,40.46,77.56,58.94,D,Yes,No,Bachelor's,Medium,3,11.9
S2267,Sara,Wilson,student1267@university.com,Female,21,Business,81.15,46.23,55.35,63.9,60.67,81.91,85.7,65.63,C,Yes,Yes,Master's,High,9,8.4
S2268,Ayesha,Williams,student1268@university.com,Female,18,Engineering,95.93,60.5,71.76,30.39,39.16,87.57,73.47,60.48,D,Yes,Yes,High School,Medium,9,4.5
S2269,Emma,Jones,student1269@university.com,Female,18,Mathematics,90.31,41.92,82.62,48.25,69.99,35.68,55.29,55.63,D,Yes,Yes,Master's,Low,2,6.8
S2270,Noah,Taylor,student1270@university.com,Female,23,Physics,66.64,65.87,98.22,75.37,44.72,39.21,54.24,62.94,D,Yes,Yes,Bachelor's,High,7,3.5
S2271,Noah,Brown,student1271@university.com,Male,22,Physics,92.46,80.41,61.02,90.75,98.41,33.77,64.55,71.48,C,Yes,Yes,High School,Low,3,4.3
S2272,Maria,Williams,student1272@university.com,Female,23,Engineering,96.05,65.37,31.66,93.73,79.21,50.88,36.04,59.48,D,Yes,Yes,Bachelor's,High,8,1.5
S2273,Ayesha,Clark,student1273@university.com,Male,19,Engineering,90.28,36.74,42.43,89.44,31.75,73.4,82.92,59.45,D,Yes,Yes,Master's,High,7,15.7
S2274,Liam,Williams,student1274@university.com,Female,22,Mathematics,76.43,30.82,96.94,50.24,77.46,53.97,79.27,64.78,D,No,No,Master's,High,8,1.1
S2275,Ahmed,Smith,student1275@university.com,Female,22,Physics,96.46,41.65,39.97,66.97,85.92,46.41,39.81,53.45,D,No,Yes,Bachelor's,Medium,6,16.4
S2276,Ayesha,Smith,student1276@university.com,Male,19,Physics,79.78,79.26,45.77,47.24,46.58,83.95,32.48,55.88,D,No,No,High School,Low,1,13.1
S2277,Ayesha,Taylor,student1277@university.com,Male,20,Computer Science,70.12,78.53,51.81,96.5,61.3,31.84,78.95,66.49,C,Yes,Yes,Bachelor's,High,1,12.6
S2278,Sara,Lee,student1278@university.com,Male,20,Computer Science,75.23,38.49,52.59,55.2,69.66,75.82,40.11,55.31,D,No,Yes,Master's,Medium,2,6.7
S2279,Noah,Brown,student1279@university.com,Female,24,Mathematics,93.73,70.01,54.07,51.22,67.23,55.44,83.53,63.58,D,Yes,Yes,Bachelor's,Medium,6,15.9
S2280,Maria,Brown,student1280@university.com,Female,23,Engineering,92.22,49.97,33.3,42.83,31.27,84.09,41.57,47.17,F,No,Yes,Bachelor's,High,8,6.5
S2281,Maria,Clark,student1281@university.com,Male,25,Physics,72.25,98.08,83.19,80.3,75.33,42.69,63.88,73.91,C,No,Yes,High School,High,3,9.4
S2282,Liam,Clark,student1282@university.com,Male,24,Engineering,60.23,47.29,69.04,82.51,64.07,48.01,47.55,59.75,D,Yes,Yes,Bachelor's,Medium,1,8.3
S2283,Maria,Khan,student1283@university.com,Female,23,Mathematics,89.68,58.15,38.34,49.74,78.14,97.59,95.73,69.62,C,No,No,Bachelor's,Low,2,1.9
S2284,John,Clark,student1284@university.com,Female,18,Physics,99.4,66.67,40.01,74.95,93.93,48.81,82.52,67.81,C,No,Yes,Bachelor's,High,8,16.4
S2285,Ali,Khan,student1285@university.com,Male,24,Engineering,63.48,94.69,56.97,69.51,54.46,98.44,85.72,76.63,B,Yes,No,High School,Medium,1,19.7
S2286,Maria,Clark,student1286@university.com,Male,24,Physics,75.06,78.37,70.48,46.14,70.81,40.64,73.11,63.26,D,No,Yes,Bachelor's,Medium,2,14.9
S2287,Maria,Jones,student1287@university.com,Female,21,Physics,92.08,62.31,44.05,65.58,90.43,96.67,45.6,67.44,C,Yes,Yes,High School,Low,0,3.4
S2288,Ahmed,Smith,student1288@university.com,Female,18,Physics,61.23,42.0,31.74,80.38,78.99,78.82,93.35,67.55,C,No,Yes,High School,Medium,8,1.6
S2289,Emma,Smith,student1289@university.com,Female,22,Physics,89.2,70.91,69.85,38.42,90.99,69.45,63.93,67.26,C,Yes,Yes,Bachelor's,Low,1,13.5
S2290,Noah,Clark,student1290@university.com,Female,19,Computer Science,75.47,34.98,42.26,42.45,32.85,61.76,78.47,48.79,F,No,Yes,High School,Low,5,15.7
S2291,Maria,Brown,student1291@university.com,Female,21,Computer Science,85.89,72.19,64.01,84.24,40.49,68.94,31.41,60.21,D,No,Yes,Bachelor's,High,0,7.5
S2292,Omar,Lee,student1292@university.com,Female,24,Computer Science,98.93,61.21,46.49,72.69,78.03,54.62,97.99,68.5,C,No,No,High School,Low,9,8.2
S2293,Maria,Clark,student1293@university.com,Male,22,Computer Science,98.32,60.75,57.24,60.83,87.4,52.42,38.81,59.58,D,No,Yes,Bachelor's,Medium,7,7.4
S2294,Ali,Lee,student1294@university.com,Female,24,Mathematics,79.04,64.54,49.04,37.34,53.98,52.97,46.76,50.77,D,Yes,Yes,Master's,High,5,1.9
S2295,Noah,Clark,student1295@university.com,Male,21,Physics,69.05,68.7,86.24,35.7,58.16,53.51,55.88,59.7,D,Yes,No,High School,Low,7,6.6
S2296,Maria,Brown,student1296@university.com,Male,18,Business,96.9,90.6,91.18,73.75,83.42,82.98,77.37,83.22,B,Yes,No,Bachelor's,Low,4,13.0
S2297,Emma,Lee,student1297@university.com,Female,25,Mathematics,94.01,60.32,69.75,82.2,80.61,93.45,42.12,71.41,C,No,No,High School,Medium,3,3.7
S2298,Ayesha,Taylor,student1298@university.com,Female,20,Physics,77.67,86.23,32.06,92.35,58.36,95.63,87.04,75.28,B,No,Yes,Master's,Medium,2,7.4
S2299,Omar,Jones,student1299@university.com,Male,18,Physics,86.01,47.23,47.96,91.86,37.84,64.75,77.32,61.16,D,Yes,No,Bachelor's,Medium,1,18.5
S2300,Emma,Ahmed,student1300@university.com,Female,19,Physics,63.6,85.19,33.87,81.81,54.49,34.95,34.93,54.21,D,No,Yes,Bachelor's,Medium,5,19.1
S2301,Liam,Brown,student1301@university.com,Female,24,Computer Science,86.1,95.37,77.19,35.24,67.36,52.33,54.03,63.59,D,Yes,No,High School,Low,3,8.9
S2302,Ali,Clark,student1302@university.com,Male,18,Engineering,85.27,82.11,95.29,50.54,57.2,62.81,44.36,65.39,C,No,No,Master's,High,10,9.3
S2303,John,Lee,student1303@university.com,Male,22,Business,80.93,30.69,30.63,60.7,39.37,98.75,97.4,59.59,D,Yes,No,Bachelor's,High,5,9.3
S2304,Omar,Clark,student1304@university.com,Male,24,Business,82.33,69.67,50.45,44.46,92.71,46.46,59.47,60.54,D,Yes,Yes,High School,Medium,1,11.3
S2305,Ali,Williams,student1305@university.com,Female,21,Engineering,60.12,71.29,61.22,79.99,90.85,50.58,99.81,75.62,B,No,No,High School,High,9,13.4
S2306,Ayesha,Lee,student1306@university.com,Male,18,Business,66.04,37.45,97.03,87.19,30.57,93.92,79.03,70.87,C,Yes,No,Bachelor's,Low,7,15.9
S2307,Ayesha,Wilson,student1307@university.com,Male,21,Physics,67.67,95.0,41.27,55.07,90.64,65.61,38.52,64.35,D,No,No,Bachelor's,Low,7,19.4
S2308,Liam,Khan,student1308@university.com,Female,21,Physics,63.69,66.45,34.42,42.56,71.25,30.81,70.43,52.65,D,No,Yes,Bachelor's,High,7,19.3
S2309,Omar,Jones,student1309@university.com,Male,25,Physics,63.54,70.75,46.9,35.35,48.26,62.72,71.18,55.86,D,No,Yes,Master's,High,0,10.4
S2310,Ahmed,Ahmed,student1310@university.com,Male,20,Physics,87.39,93.65,90.03,77.59,39.05,85.63,87.84,78.96,B,No,No,Master's,Low,10,18.7
S2311,Noah,Brown,student1311@university.com,Female,23,Physics,89.42,73.41,41.42,48.95,80.04,45.62,31.7,53.52,D,No,No,Bachelor's,Medium,6,13.3
S2312,Ali,Ahmed,student1312@university.com,Male,24,Physics,92.22,97.0,64.64,93.85,85.37,56.58,30.19,71.27,C,Yes,No,Master's,Low,1,15.0
S2313,Omar,Jones,student1313@university.com,Male,25,Computer Science,67.24,36.55,63.02,77.53,39.26,50.2,70.55,56.19,D,No,Yes,Bachelor's,High,2,19.6
S2314,John,Lee,student1314@university.com,Female,19,Engineering,88.59,95.39,72.14,46.35,52.11,94.98,54.63,69.27,C,Yes,No,High School,High,3,18.3
S2315,Noah,Jones,student1315@university.com,Female,24,Engineering,71.07,33.96,56.14,33.91,34.67,94.99,41.5,49.2,F,No,Yes,High School,Medium,7,13.8
S2316,Maria,Brown,student1316@university.com,Female,18,Physics,99.84,56.23,47.01,37.81,99.65,36.12,50.78,54.6,D,Yes,Yes,Master's,Low,4,1.1
S2317,Ali,Jones,student1317@university.com,Female,20,Engineering,65.5,62.55,87.59,94.6,96.87,31.43,94.41,77.91,B,Yes,Yes,High School,Low,8,19.7
S2318,Noah,Wilson,student1318@university.com,Male,18,Business,95.24,65.18,41.46,70.1,96.54,41.4,92.83,67.92,C,No,Yes,Master's,High,6,15.8
S2319,Noah,Clark,student1319@university.com,Female,24,Mathematics,92.32,59.88,88.08,80.44,99.99,40.86,50.42,69.95,C,Yes,Yes,Master's,Low,4,9.4
S2320,Noah,Wilson,student1320@university.com,Male,24,Business,89.91,63.22,32.94,84.82,80.53,51.06,49.01,60.26,D,Yes,Yes,High School,High,2,15.5
S2321,Ahmed,Lee,student1321@university.com,Male,23,Business,89.65,58.49,60.92,90.57,39.6,86.99,94.35,71.82,C,Yes,Yes,High School,Medium,2,18.8
S2322,Omar,Clark,student1322@university.com,Male,22,Mathematics,60.24,60.64,35.76,47.06,35.09,98.15,95.61,62.05,D,No,Yes,Master's,Low,8,3.3
S2323,Omar,Ahmed,student1323@university.com,Male,23,Engineering,76.47,68.0,99.82,40.93,89.28,30.73,54.32,63.85,D,No,Yes,Bachelor's,Low,10,11.2
S2324,Emma,Wilson,student1324@university.com,Female,18,Computer Science,92.96,94.14,99.79,32.27,76.73,76.63,88.83,78.06,B,No,No,High School,Low,3,2.2
S2325,Emma,Ahmed,student1325@university.com,Male,25,Engineering,87.43,73.38,31.58,73.15,38.95,45.79,57.43,53.38,D,Yes,Yes,High School,Medium,1,13.2
S2326,Noah,Brown,student1326@university.com,Male,25,Business,89.14,43.67,34.9,71.67,95.62,78.04,61.95,64.31,D,Yes,Yes,High School,High,3,19.0
S2327,Noah,Jones,student1327@university.com,Male,24,Computer Science,72.4,70.45,36.37,54.55,74.44,57.61,62.51,59.32,D,Yes,Yes,High School,Medium,10,9.0
S2328,Omar,Jones,student1328@university.com,Male,21,Computer Science,63.95,86.86,41.78,63.02,62.37,93.31,87.23,72.43,C,Yes,Yes,Master's,High,2,18.8
S2329,John,Taylor,student1329@university.com,Female,22,Physics,81.98,79.36,69.96,97.8,44.29,70.57,51.25,68.87,C,Yes,Yes,High School,Low,10,12.8
S2330,Noah,Taylor,student1330@university.com,Female,22,Physics,80.89,78.72,49.06,95.44,46.36,37.65,75.43,63.78,D,No,No,Master's,Low,2,19.4
S2331,Ahmed,Williams,student1331@university.com,Male,25,Mathematics,84.06,45.75,75.91,32.77,58.92,81.73,63.94,59.84,D,No,No,High School,Low,6,2.6
S2332,Sara,Brown,student1332@university.com,Female,22,Business,92.17,59.49,79.47,79.03,37.77,32.74,55.95,57.41,D,Yes,No,Master's,High,8,15.2
S2333,Ayesha,Taylor,student1333@university.com,Female,18,Business,63.77,86.82,40.98,63.43,71.82,72.97,97.01,72.17,C,Yes,Yes,Master's,High,0,12.7
S2334,Ayesha,Khan,student1334@university.com,Female,22,Physics,65.16,48.34,76.86,79.23,96.93,46.31,76.11,70.63,C,No,No,Master's,Medium,5,1.8
S2335,Liam,Lee,student1335@university.com,Male,18,Business,92.35,66.6,53.73,97.58,51.13,77.48,53.24,66.63,C,Yes,No,High School,High,6,9.6
S2336,Noah,Williams,student1336@university.com,Male,24,Physics,68.5,83.66,50.04,32.24,39.41,74.43,60.72,56.75,D,Yes,No,High School,Medium,6,16.5
S2337,Maria,Clark,student1337@university.com,Male,24,Mathematics,72.19,78.28,57.96,66.58,62.61,84.58,55.94,67.66,C,Yes,No,Bachelor's,High,9,10.6
S2338,Ayesha,Lee,student1338@university.com,Male,25,Engineering,79.63,90.58,60.56,87.62,55.78,52.18,33.37,63.35,D,Yes,No,Master's,High,9,17.5
S2339,Maria,Wilson,student1339@university.com,Male,24,Computer Science,71.98,44.54,70.14,69.1,38.01,98.98,87.68,68.08,C,No,Yes,Bachelor's,Low,2,13.7
S2340,Noah,Smith,student1340@university.com,Male,20,Mathematics,73.25,98.79,58.21,55.56,59.97,90.21,89.18,75.32,B,No,No,Bachelor's,Medium,8,14.7
S2341,Sara,Brown,student1341@university.com,Female,24,Physics,85.42,81.01,40.56,52.86,41.93,55.28,66.27,56.32,D,Yes,No,High School,Low,8,5.6
S2342,Liam,Jones,student1342@university.com,Male,21,Computer Science,61.51,89.13,83.76,44.16,32.18,61.94,36.13,57.88,D,No,No,Master's,Medium,0,18.1
S2343,Emma,Ahmed,student1343@university.com,Male,24,Computer Science,75.22,74.19,91.65,52.49,89.32,85.19,49.9,73.79,C,No,Yes,High School,Medium,10,9.3
S2344,Maria,Williams,student1344@university.com,Male,22,Physics,99.8,54.08,64.84,78.83,91.83,89.74,37.96,69.55,C,No,Yes,Master's,High,4,5.9
S2345,Ali,Smith,student1345@university.com,Female,23,Engineering,81.7,41.72,80.59,58.16,38.01,38.21,37.65,49.06,F,No,Yes,High School,Low,7,1.5
S2346,Maria,Ahmed,student1346@university.com,Female,23,Physics,86.79,31.59,92.65,65.01,51.14,72.24,57.58,61.7,D,Yes,No,High School,Low,3,16.3
S2347,Liam,Smith,student1347@university.com,Male,24,Mathematics,77.41,34.24,81.53,73.3,98.78,48.68,58.57,65.85,C,No,No,High School,Low,3,12.3
S2348,Omar,Taylor,student1348@university.com,Female,20,Business,69.08,69.02,33.41,83.81,34.68,54.34,91.09,61.06,D,Yes,Yes,Bachelor's,Medium,9,14.4
S2349,Ayesha,Williams,student1349@university.com,Female,22,Engineering,94.94,39.3,48.59,52.47,73.57,60.02,39.02,52.16,D,Yes,Yes,High School,Low,6,7.3
S2350,Liam,Khan,student1350@university.com,Male,24,Engineering,73.98,61.36,48.35,41.66,79.24,90.41,70.81,65.3,C,Yes,Yes,Master's,Low,1,8.6
S2351,Emma,Smith,student1351@university.com,Female,21,Engineering,69.42,81.73,98.23,31.31,87.26,37.83,46.94,63.88,D,No,No,Bachelor's,Low,0,10.9
S2352,Noah,Clark,student1352@university.com,Male,23,Engineering,60.3,80.96,74.78,83.8,39.78,47.52,82.69,68.26,C,No,No,High School,Low,2,8.4
S2353,Ali,Wilson,student1353@university.com,Male,25,Physics,82.56,87.03,61.29,40.67,81.64,77.88,78.13,71.11,C,No,No,Master's,Medium,0,3.5
S2354,Ahmed,Taylor,student1354@university.com,Male,25,Mathematics,80.02,31.77,72.03,70.48,83.86,57.04,76.69,65.31,C,No,Yes,Master's,Low,7,8.5
S2355,Ahmed,Ahmed,student1355@university.com,Female,22,Business,91.05,66.78,41.0,88.75,75.71,72.54,95.04,73.3,C,Yes,No,Master's,High,4,4.7
S2356,Omar,Brown,student1356@university.com,Female,23,Physics,97.92,38.88,57.26,87.37,99.23,72.89,41.79,66.24,C,Yes,Yes,Bachelor's,Medium,5,8.3
S2357,Sara,Lee,student1357@university.com,Male,18,Physics,94.76,52.32,67.18,31.9,49.42,56.97,53.92,51.95,D,No,Yes,High School,Low,8,16.4
S2358,Noah,Taylor,student1358@university.com,Male,18,Physics,73.87,96.94,51.87,84.27,84.46,39.07,95.42,75.34,B,Yes,No,Master's,Low,3,19.9
S2359,Maria,Jones,student1359@university.com,Male,24,Engineering,76.96,96.1,96.51,87.19,40.19,61.65,66.24,74.65,C,No,Yes,Bachelor's,Low,2,15.9
S2360,Emma,Taylor,student1360@university.com,Female,20,Physics,61.42,76.73,45.53,83.21,60.08,86.29,66.89,69.79,C,No,Yes,Master's,Medium,1,15.1
S2361,Emma,Brown,student1361@university.com,Male,20,Computer Science,73.03,70.32,31.03,82.69,46.78,81.58,87.55,66.66,C,Yes,Yes,Master's,High,1,14.8
S2362,Maria,Jones,student1362@university.com,Male,23,Business,61.87,62.17,60.4,43.65,49.01,98.39,43.72,59.56,D,Yes,Yes,Bachelor's,High,4,17.4
S2363,Ayesha,Williams,student1363@university.com,Female,20,Engineering,99.0,65.18,54.61,79.52,55.75,43.77,96.1,65.82,C,Yes,Yes,High School,Medium,2,12.6
S2364,Ahmed,Williams,student1364@university.com,Male,23,Engineering,68.58,74.97,89.07,82.06,93.76,41.53,59.9,73.55,C,Yes,Yes,Master's,Low,8,8.8
S2365,Ayesha,Jones,student1365@university.com,Female,22,Business,61.26,45.91,79.17,39.52,40.57,92.64,80.13,62.99,D,Yes,No,Bachelor's,Medium,3,8.9
S2366,Liam,Ahmed,student1366@university.com,Male,24,Computer Science,76.35,58.4,83.94,36.39,53.01,68.19,78.48,63.07,D,No,Yes,High School,High,1,19.5
S2367,Ayesha,Taylor,student1367@university.com,Female,20,Engineering,62.3,50.35,83.44,69.19,88.23,43.62,43.74,63.09,D,Yes,No,Master's,High,2,7.1
S2368,Liam,Ahmed,student1368@university.com,Female,22,Engineering,89.23,50.22,46.17,89.29,68.55,38.59,38.07,55.15,D,No,Yes,Bachelor's,Low,10,3.0
S2369,Sara,Williams,student1369@university.com,Male,18,Computer Science,63.24,52.25,56.35,53.19,44.88,49.85,66.98,53.92,D,No,No,Master's,High,2,13.4
S2370,Ayesha,Clark,student1370@university.com,Male,23,Engineering,88.41,64.2,52.81,91.16,59.99,47.4,82.89,66.41,C,No,Yes,High School,High,4,19.0
S2371,Ahmed,Taylor,student1371@university.com,Female,18,Mathematics,65.36,57.88,84.05,58.82,75.3,97.04,67.6,73.45,C,Yes,Yes,High School,Low,2,11.7
S2372,John,Brown,student1372@university.com,Male,23,Engineering,61.86,88.08,83.14,61.19,30.09,53.04,32.14,57.95,D,Yes,No,Bachelor's,Medium,1,1.1
S2373,John,Brown,student1373@university.com,Female,22,Mathematics,80.28,38.47,31.37,47.76,34.26,89.93,43.22,47.5,F,Yes,No,High School,Low,5,13.7
S2374,Ali,Wilson,student1374@university.com,Male,23,Physics,68.14,71.93,36.93,80.41,31.59,42.17,46.2,51.54,D,Yes,No,Master's,High,10,16.2
S2375,John,Brown,student1375@university.com,Male,21,Business,66.38,52.29,43.56,48.95,76.95,69.05,43.94,55.79,D,Yes,Yes,High School,Medium,8,3.5
S2376,Ali,Lee,student1376@university.com,Male,25,Mathematics,72.51,49.79,41.2,81.06,67.58,46.64,90.06,62.72,D,Yes,No,Master's,Low,3,1.5
S2377,Sara,Taylor,student1377@university.com,Male,23,Engineering,87.28,44.77,43.39,60.38,69.17,35.11,38.92,48.62,F,Yes,Yes,High School,High,4,4.4
S2378,Noah,Jones,student1378@university.com,Female,20,Physics,98.23,59.87,74.03,69.31,71.48,86.68,38.71,66.68,C,Yes,Yes,Bachelor's,High,0,17.9
S2379,John,Clark,student1379@university.com,Male,25,Mathematics,61.71,65.73,38.61,77.29,44.68,75.98,71.97,62.38,D,Yes,No,Bachelor's,Low,2,14.9
S2380,Emma,Ahmed,student1380@university.com,Male,24,Physics,65.55,68.61,32.32,52.02,94.18,97.26,63.21,67.93,C,Yes,No,Master's,High,3,8.1
S2381,Ayesha,Khan,student1381@university.com,Female,20,Mathematics,99.68,95.36,46.4,54.88,62.19,96.01,66.91,70.29,C,Yes,No,Master's,Low,7,19.6
S2382,Omar,Smith,student1382@university.com,Male,24,Business,64.92,39.46,58.36,35.6,51.46,88.59,70.2,57.28,D,Yes,No,Master's,Medium,3,9.7
S2383,Ahmed,Williams,student1383@university.com,Female,24,Engineering,84.27,35.09,89.45,90.92,74.93,43.75,35.4,61.59,D,Yes,Yes,Master's,Low,0,7.6
S2384,Emma,Ahmed,student1384@university.com,Male,18,Physics,93.79,35.36,73.8,52.87,69.66,64.9,81.06,62.94,D,No,No,Bachelor's,Low,8,13.9
S2385,John,Clark,student1385@university.com,Male,24,Mathematics,85.68,95.35,54.41,89.23,84.12,45.36,40.78,68.21,C,No,Yes,Bachelor's,High,5,9.7
S2386,Maria,Wilson,student1386@university.com,Female,24,Mathematics,88.52,86.64,35.1,39.55,58.75,41.76,51.75,52.26,D,Yes,Yes,Master's,Low,9,19.9
S2387,Ahmed,Jones,student1387@university.com,Female,22,Computer Science,69.06,95.48,67.36,79.36,64.03,39.51,69.97,69.29,C,No,Yes,Bachelor's,Medium,8,6.9
S2388,Ahmed,Taylor,student1388@university.com,Male,20,Business,85.49,78.74,72.64,39.3,97.71,72.65,41.9,67.16,C,Yes,No,Bachelor's,Low,1,5.3
S2389,Liam,Clark,student1389@university.com,Female,24,Business,62.44,54.57,51.46,81.55,59.93,77.27,61.82,64.43,D,No,Yes,Master's,Low,2,4.7
S2390,Ali,Jones,student1390@university.com,Male,22,Engineering,73.68,46.84,77.35,74.65,90.5,59.61,39.75,64.78,D,Yes,Yes,Bachelor's,Medium,2,4.7
S2391,Ali,Lee,student1391@university.com,Female,22,Engineering,60.64,58.1,89.71,88.87,86.96,97.85,87.5,84.83,B,No,No,High School,Medium,8,19.8
S2392,Omar,Khan,student1392@university.com,Male,24,Mathematics,79.43,88.0,56.89,36.79,42.06,62.17,32.89,53.13,D,No,No,Master's,Low,5,19.0
S2393,Omar,Williams,student1393@university.com,Male,21,Mathematics,74.01,99.82,96.15,90.85,57.76,63.78,45.48,75.64,B,No,No,High School,High,10,10.0
S2394,Emma,Brown,student1394@university.com,Female,23,Physics,63.82,70.28,66.47,48.11,68.35,80.03,59.32,65.43,C,No,No,Bachelor's,Medium,5,12.3
S2395,Noah,Jones,student1395@university.com,Male,23,Business,80.56,85.31,71.77,82.52,33.5,59.54,34.62,61.21,D,Yes,No,Master's,High,8,9.2
S2396,Liam,Taylor,student1396@university.com,Female,18,Business,70.23,81.3,88.74,89.31,67.69,54.9,30.66,68.77,C,Yes,No,High School,Medium,1,13.5
S2397,Maria,Taylor,student1397@university.com,Male,23,Business,93.11,92.22,41.82,35.91,46.94,75.3,57.83,58.34,D,Yes,No,Bachelor's,High,4,6.3
S2398,Emma,Clark,student1398@university.com,Male,25,Physics,78.18,80.9,64.95,82.99,44.4,82.59,64.11,69.99,C,Yes,Yes,Bachelor's,High,3,5.9
S2399,Omar,Taylor,student1399@university.com,Male,19,Engineering,93.12,61.53,65.65,31.08,38.07,35.5,96.06,54.65,D,No,No,High School,Medium,6,12.2
S2400,Ali,Clark,student1400@university.com,Female,20,Business,95.86,97.51,42.84,67.31,82.05,73.72,78.66,73.68,C,Yes,No,High School,Low,0,15.8
S2401,Ali,Brown,student1401@university.com,Female,22,Mathematics,98.1,93.47,81.78,48.02,86.77,30.94,60.69,66.95,C,Yes,Yes,Bachelor's,Medium,10,17.9
S2402,John,Clark,student1402@university.com,Female,19,Engineering,80.96,30.82,34.58,66.94,65.38,50.17,65.52,52.23,D,No,No,Master's,High,9,7.9
S2403,Ali,Jones,student1403@university.com,Female,21,Engineering,88.47,48.47,68.75,60.39,44.88,40.0,45.83,51.39,D,No,No,Master's,High,2,13.2
S2404,Noah,Williams,student1404@university.com,Male,21,Engineering,97.52,70.55,87.85,30.0,58.07,49.08,84.67,63.37,D,No,Yes,Master's,Low,4,13.6
S2405,Ali,Khan,student1405@university.com,Female,20,Physics,63.84,77.07,86.88,90.64,74.22,35.76,62.11,71.11,C,No,No,Bachelor's,Low,5,13.8
S2406,Sara,Wilson,student1406@university.com,Male,22,Mathematics,70.49,36.27,53.72,89.16,68.22,47.83,32.44,54.61,D,Yes,Yes,High School,Medium,4,4.7
S2407,Noah,Taylor,student1407@university.com,Female,24,Computer Science,84.34,39.34,69.03,59.77,43.91,57.39,54.13,53.93,D,No,Yes,Bachelor's,Medium,0,10.6
S2408,Liam,Lee,student1408@university.com,Female,23,Computer Science,63.39,43.7,75.97,56.05,74.87,98.22,81.78,71.77,C,No,No,Bachelor's,High,5,16.0
S2409,Liam,Lee,student1409@university.com,Female,21,Business,82.25,72.28,43.93,95.23,46.48,67.67,49.29,62.48,D,Yes,No,Master's,Low,0,10.0
S2410,Noah,Clark,student1410@university.com,Female,20,Physics,73.83,67.81,96.12,81.0,34.29,74.96,61.62,69.3,C,Yes,No,Bachelor's,Medium,6,11.3
S2411,Emma,Clark,student1411@university.com,Female,23,Computer Science,96.31,40.32,62.19,83.31,74.4,75.45,63.98,66.61,C,No,No,High School,Low,10,3.9
S2412,Emma,Wilson,student1412@university.com,Male,23,Engineering,85.67,30.2,46.4,37.39,36.69,45.03,64.16,43.31,F,No,No,High School,High,3,4.2
S2413,Ahmed,Taylor,student1413@university.com,Male,23,Engineering,68.39,49.13,78.03,54.84,79.0,79.79,81.01,70.3,C,Yes,Yes,High School,Low,3,14.5
S2414,John,Smith,student1414@university.com,Male,23,Business,87.26,66.14,86.75,70.15,89.69,90.74,94.93,83.07,B,Yes,Yes,High School,Medium,4,12.5
S2415,Noah,Taylor,student1415@university.com,Male,23,Physics,64.2,54.63,73.79,88.33,44.6,55.73,95.32,68.73,C,Yes,No,High School,Medium,3,12.2
S2416,Ali,Khan,student1416@university.com,Male,20,Engineering,75.45,39.25,51.01,83.63,69.95,92.55,95.28,71.94,C,No,No,Master's,Medium,7,4.6
S2417,Ayesha,Wilson,student1417@university.com,Female,19,Mathematics,67.41,38.79,99.68,61.65,33.12,97.92,40.07,61.87,D,No,Yes,Master's,High,4,8.3
S2418,Ali,Khan,student1418@university.com,Female,25,Computer Science,73.54,30.06,45.21,55.25,47.38,49.16,36.09,43.86,F,Yes,No,Master's,Low,8,5.8
S2419,Ahmed,Ahmed,student1419@university.com,Female,25,Mathematics,87.76,33.83,65.18,54.7,93.96,46.29,50.8,57.46,D,Yes,No,Master's,Medium,1,13.9
S2420,Maria,Taylor,student1420@university.com,Male,20,Physics,87.19,68.55,63.07,60.96,70.94,64.38,40.46,61.39,D,Yes,Yes,High School,Medium,6,1.1
S2421,Omar,Taylor,student1421@university.com,Female,22,Engineering,98.0,37.31,64.28,64.11,69.7,81.56,31.4,58.06,D,No,Yes,Master's,Medium,2,13.6
S2422,Omar,Lee,student1422@university.com,Male,21,Computer Science,76.45,87.86,75.59,38.72,81.65,83.62,76.85,74.05,C,Yes,Yes,Bachelor's,High,10,8.5
S2423,Noah,Brown,student1423@university.com,Female,18,Business,73.93,54.58,32.92,39.66,58.91,64.38,49.2,49.94,F,No,No,Bachelor's,High,8,15.4
S2424,Ali,Jones,student1424@university.com,Male,22,Business,68.74,71.67,60.42,69.26,94.37,84.53,47.71,71.33,C,Yes,No,Master's,High,1,18.0
S2425,Omar,Brown,student1425@university.com,Male,20,Physics,77.64,73.36,93.24,66.92,41.04,88.11,47.32,68.33,C,No,Yes,Master's,High,10,19.2
S2426,John,Clark,student1426@university.com,Female,21,Business,60.1,76.21,39.24,64.75,79.19,33.81,54.4,57.93,D,No,Yes,High School,High,8,8.9
S2427,Emma,Jones,student1427@university.com,Female,18,Business,62.23,69.64,68.2,97.2,42.16,33.43,80.02,65.11,C,Yes,No,Master's,Medium,7,4.2
S2428,John,Khan,student1428@university.com,Male,19,Business,92.26,52.51,96.0,37.75,44.14,95.78,56.15,63.72,D,Yes,Yes,Master's,High,8,8.1
S2429,Ali,Lee,student1429@university.com,Male,21,Computer Science,60.25,82.91,83.03,84.01,66.09,97.49,78.91,82.07,B,Yes,No,High School,Medium,2,16.9
S2430,Emma,Clark,student1430@university.com,Male,18,Computer Science,90.47,31.67,96.98,30.95,82.24,83.8,79.64,67.55,C,No,Yes,Master's,Low,8,16.1
S2431,Ahmed,Williams,student1431@university.com,Female,18,Physics,74.58,96.12,90.33,35.86,94.54,31.16,94.07,73.68,C,Yes,Yes,High School,Low,4,16.8
S2432,Liam,Wilson,student1432@university.com,Female,21,Mathematics,63.48,37.46,63.9,78.32,75.01,52.52,30.8,56.34,D,No,No,High School,Medium,5,12.1
S2433,Sara,Smith,student1433@university.com,Female,20,Physics,82.82,71.54,40.83,33.59,64.23,86.9,97.58,65.78,C,No,Yes,Bachelor's,Low,4,12.5
S2434,Emma,Smith,student1434@university.com,Male,19,Mathematics,62.18,56.0,53.01,44.96,82.73,72.24,94.39,67.22,C,No,No,Master's,Medium,9,2.1
S2435,Omar,Williams,student1435@university.com,Male,25,Computer Science,60.3,85.63,39.48,54.91,80.85,40.58,40.66,57.02,D,No,Yes,Bachelor's,Low,2,18.4
S2436,Omar,Williams,student1436@university.com,Male,18,Computer Science,79.07,50.95,94.21,72.03,83.26,94.4,91.08,80.99,B,No,No,Bachelor's,Low,6,2.8
S2437,Ayesha,Smith,student1437@university.com,Male,21,Computer Science,89.73,53.02,71.13,31.62,78.71,89.43,69.57,65.58,C,No,No,Bachelor's,Medium,6,3.1
S2438,John,Brown,student1438@university.com,Female,19,Engineering,93.81,30.45,63.35,89.43,66.54,76.04,57.89,63.95,D,No,Yes,Master's,Medium,4,5.5
S2439,Emma,Taylor,student1439@university.com,Female,18,Engineering,87.1,30.3,81.73,93.67,37.92,45.77,45.28,55.78,D,No,No,Bachelor's,Medium,2,19.7
S2440,Ahmed,Lee,student1440@university.com,Female,23,Engineering,77.6,43.28,87.21,80.01,42.89,58.79,72.49,64.11,D,No,No,High School,Low,2,11.9
S2441,Emma,Clark,student1441@university.com,Male,22,Mathematics,95.79,76.69,45.3,90.3,85.49,42.61,91.16,71.92,C,Yes,Yes,Bachelor's,Low,9,12.2
S2442,Sara,Smith,student1442@university.com,Male,19,Computer Science,76.69,89.14,30.17,97.73,38.48,53.37,37.57,57.74,D,Yes,Yes,Master's,Low,8,15.3
S2443,Maria,Ahmed,student1443@university.com,Female,21,Business,85.62,59.3,42.26,34.46,56.69,98.08,33.96,54.12,D,Yes,No,Master's,Medium,1,7.3
S2444,John,Ahmed,student1444@university.com,Male,23,Physics,99.16,57.39,56.56,60.48,53.1,39.65,92.31,59.91,D,Yes,No,High School,High,2,8.4
S2445,Noah,Taylor,student1445@university.com,Female,22,Mathematics,76.81,36.3,77.76,37.38,48.77,41.72,55.48,49.57,F,No,No,Bachelor's,Low,7,14.1
S2446,Sara,Ahmed,student1446@university.com,Female,24,Engineering,62.41,54.23,97.4,53.33,51.29,54.04,60.23,61.75,D,No,Yes,Master's,Low,7,9.6
S2447,Ali,Khan,student1447@university.com,Female,20,Engineering,91.03,57.1,46.04,65.95,48.29,38.8,41.96,49.69,F,Yes,Yes,Master's,Low,10,12.1
S2448,Maria,Taylor,student1448@university.com,Female,22,Engineering,94.43,47.17,38.52,81.63,71.53,70.18,51.39,60.07,D,No,No,Bachelor's,Low,2,3.3
S2449,Sara,Smith,student1449@university.com,Female,25,Mathematics,95.24,30.01,52.96,66.62,50.15,77.12,31.72,51.43,D,Yes,No,Master's,Low,9,1.3
S2450,Liam,Smith,student1450@university.com,Male,19,Mathematics,91.44,37.36,83.15,76.01,66.79,42.79,90.12,66.04,C,No,No,Master's,Medium,7,15.1
S2451,Noah,Khan,student1451@university.com,Female,21,Engineering,78.55,58.4,82.78,77.27,76.83,59.56,71.26,71.02,C,No,No,Master's,Low,0,16.9
S2452,Ali,Ahmed,student1452@university.com,Male,23,Mathematics,88.57,83.39,69.34,59.17,32.87,49.78,45.51,56.68,D,Yes,Yes,High School,Medium,2,3.8
S2453,Emma,Smith,student1453@university.com,Female,24,Mathematics,86.2,82.44,63.31,39.65,67.78,82.21,67.38,67.13,C,No,No,High School,High,9,10.6
S2454,Maria,Brown,student1454@university.com,Female,20,Physics,89.57,97.08,85.6,44.08,39.77,58.46,60.19,64.2,D,Yes,Yes,Bachelor's,Low,0,11.8
S2455,Emma,Williams,student1455@university.com,Male,19,Business,87.69,71.3,96.75,90.52,72.46,44.8,31.12,67.83,C,No,No,Master's,Medium,9,13.5
S2456,Noah,Taylor,student1456@university.com,Male,18,Mathematics,86.05,61.84,91.71,60.08,58.76,66.93,76.46,69.3,C,No,No,Bachelor's,High,1,15.8
S2457,Ahmed,Brown,student1457@university.com,Male,18,Computer Science,61.67,45.7,30.32,71.29,74.36,73.92,37.48,55.51,D,No,No,Master's,High,1,9.5
S2458,Noah,Williams,student1458@university.com,Female,24,Physics,94.44,98.16,54.82,99.14,50.34,65.72,60.85,71.51,C,No,No,Master's,High,9,4.4
S2459,Noah,Williams,student1459@university.com,Male,20,Business,89.36,42.46,40.62,99.71,79.23,72.1,48.6,63.79,D,No,Yes,High School,Low,9,14.9
S2460,John,Lee,student1460@university.com,Female,18,Mathematics,60.78,63.94,99.61,62.15,86.14,36.42,31.73,63.33,D,Yes,Yes,Bachelor's,Medium,6,15.4
S2461,Noah,Williams,student1461@university.com,Female,23,Computer Science,63.03,60.68,96.22,97.73,75.39,51.64,39.3,70.16,C,Yes,No,Bachelor's,Low,10,19.2
S2462,Noah,Taylor,student1462@university.com,Male,22,Computer Science,84.79,38.9,83.71,81.22,59.52,71.72,77.54,68.77,C,Yes,No,High School,Medium,0,8.8
S2463,John,Wilson,student1463@university.com,Male,18,Physics,80.76,46.67,61.49,90.01,57.61,99.24,92.78,74.63,C,No,Yes,High School,Low,5,9.5
S2464,Maria,Brown,student1464@university.com,Female,21,Physics,83.16,55.51,56.84,81.6,47.76,67.44,58.92,61.34,D,Yes,Yes,Bachelor's,Medium,1,7.7
S2465,John,Taylor,student1465@university.com,Female,20,Mathematics,81.24,55.13,63.45,33.72,73.49,90.29,90.98,67.84,C,Yes,No,Master's,Low,1,11.0
S2466,Sara,Ahmed,student1466@university.com,Male,20,Physics,91.33,61.5,30.31,37.9,98.25,97.68,57.4,63.84,D,Yes,Yes,High School,Low,10,7.4
S2467,Ali,Lee,student1467@university.com,Female,18,Mathematics,66.78,82.0,72.38,39.18,76.98,83.38,93.96,74.65,C,No,No,High School,Medium,2,11.4
S2468,Ayesha,Wilson,student1468@university.com,Female,21,Computer Science,62.43,71.84,87.39,44.9,58.24,70.68,56.43,64.91,D,No,No,High School,Low,10,4.1
S2469,Ahmed,Smith,student1469@university.com,Female,22,Physics,91.73,33.24,44.76,32.77,43.99,68.9,76.02,49.95,F,No,No,High School,Low,8,4.1
S2470,Sara,Taylor,student1470@university.com,Male,20,Computer Science,90.87,78.73,80.11,42.65,81.62,42.54,89.38,69.17,C,Yes,Yes,High School,Medium,3,8.0
S2471,John,Lee,student1471@university.com,Male,24,Mathematics,74.36,38.29,67.26,62.81,30.6,85.18,49.92,55.68,D,No,Yes,High School,Low,7,2.6
S2472,Ayesha,Clark,student1472@university.com,Female,25,Engineering,90.6,46.57,66.04,76.22,82.67,43.46,52.38,61.22,D,No,Yes,Bachelor's,High,1,11.9
S2473,Ahmed,Brown,student1473@university.com,Male,21,Mathematics,87.74,37.34,55.71,97.93,31.18,30.09,83.09,55.89,D,Yes,Yes,High School,High,4,4.4
S2474,Liam,Jones,student1474@university.com,Male,21,Engineering,87.78,59.44,89.95,99.81,81.54,48.12,76.99,75.98,B,No,No,High School,Low,6,9.2
S2475,Omar,Wilson,student1475@university.com,Male,23,Business,89.42,35.48,39.74,81.51,72.12,82.09,41.12,58.68,D,Yes,No,Master's,High,10,12.9
S2476,Ayesha,Lee,student1476@university.com,Female,19,Mathematics,82.74,62.04,41.33,46.14,36.54,69.01,52.47,51.25,D,No,Yes,High School,Medium,5,4.4
S2477,Ali,Lee,student1477@university.com,Male,18,Engineering,83.96,72.07,99.94,47.9,96.25,38.01,77.26,71.9,C,Yes,Yes,Bachelor's,Low,10,9.9
S2478,John,Wilson,student1478@university.com,Male,25,Mathematics,84.95,83.52,89.66,62.15,37.84,43.63,42.72,59.92,D,No,Yes,High School,High,5,8.8
S2479,Ahmed,Clark,student1479@university.com,Female,21,Physics,80.27,41.75,59.83,34.87,49.14,33.85,76.17,49.27,F,Yes,Yes,Master's,Medium,1,5.3
S2480,Noah,Jones,student1480@university.com,Male,20,Physics,88.02,31.07,48.42,88.47,35.33,60.03,33.12,49.41,F,No,No,Bachelor's,High,2,18.1
S2481,John,Brown,student1481@university.com,Male,25,Mathematics,96.83,79.46,89.85,40.69,80.2,84.69,39.78,69.11,C,No,Yes,Bachelor's,Medium,3,9.2
S2482,Noah,Williams,student1482@university.com,Male,18,Engineering,63.67,40.18,37.5,38.79,99.4,51.69,85.12,58.78,D,No,No,High School,Low,0,12.1
S2483,Ali,Smith,student1483@university.com,Female,19,Business,66.71,89.96,65.58,43.39,35.73,71.2,81.69,64.59,D,No,Yes,Bachelor's,Medium,2,10.9
S2484,Ahmed,Clark,student1484@university.com,Female,22,Computer Science,99.3,68.55,95.51,33.39,70.41,61.92,76.38,67.69,C,No,Yes,Master's,High,7,13.6
S2485,Omar,Clark,student1485@university.com,Male,24,Mathematics,93.66,88.48,37.54,98.44,77.9,31.08,61.21,65.77,C,No,Yes,Master's,Medium,5,12.4
S2486,Maria,Taylor,student1486@university.com,Male,24,Physics,87.38,47.21,61.35,75.84,85.83,85.34,59.92,69.25,C,No,No,Master's,Low,10,3.4
S2487,Omar,Brown,student1487@university.com,Female,24,Computer Science,66.05,73.29,70.27,56.08,73.42,80.03,59.81,68.82,C,No,No,High School,Low,9,4.7
S2488,Omar,Smith,student1488@university.com,Male,23,Engineering,66.91,54.96,31.04,84.27,84.18,71.45,39.72,60.94,D,No,Yes,High School,Medium,4,6.3
S2489,Noah,Ahmed,student1489@university.com,Female,24,Business,67.78,50.92,75.32,70.86,45.91,64.12,61.46,61.43,D,No,No,Bachelor's,High,10,17.4
S2490,Ali,Ahmed,student1490@university.com,Male,24,Mathematics,97.16,82.79,46.83,40.33,42.78,90.44,35.29,56.41,D,No,Yes,High School,Medium,9,18.7
S2491,Sara,Williams,student1491@university.com,Male,21,Computer Science,96.64,31.84,82.87,72.31,60.75,58.46,90.06,66.05,C,No,No,High School,Low,1,10.7
S2492,Sara,Williams,student1492@university.com,Female,25,Physics,66.14,71.11,91.14,65.6,55.03,51.84,41.01,62.62,D,No,No,Master's,High,8,16.1
S2493,Liam,Ahmed,student1493@university.com,Female,25,Business,81.87,32.89,37.44,85.33,95.52,63.63,43.84,59.77,D,No,Yes,Master's,Low,7,2.5
S2494,Maria,Smith,student1494@university.com,Female,22,Business,71.37,40.5,91.71,32.94,84.49,81.01,75.07,67.62,C,No,Yes,High School,Low,6,11.6
S2495,Noah,Jones,student1495@university.com,Female,24,Mathematics,76.08,42.36,64.14,44.64,97.96,68.45,52.42,61.66,D,No,Yes,Master's,High,1,7.1
S2496,John,Williams,student1496@university.com,Female,22,Business,81.21,30.78,42.64,83.72,36.72,32.04,76.11,50.34,D,Yes,Yes,Bachelor's,Low,8,6.2
S2497,Emma,Smith,student1497@university.com,Female,25,Computer Science,78.6,73.5,88.26,75.11,30.33,93.55,72.22,72.16,C,No,No,High School,Medium,8,15.1
S2498,Liam,Jones,student1498@university.com,Female,18,Computer Science,80.4,34.84,95.52,95.32,35.48,92.17,63.67,69.5,C,No,Yes,Master's,Medium,3,4.9
S2499,John,Wilson,student1499@university.com,Male,19,Computer Science,87.52,53.96,61.36,82.89,44.85,95.15,82.71,70.15,C,Yes,Yes,Master's,High,4,10.0
S2500,Omar,Brown,student1500@university.com,Male,25,Mathematics,67.73,67.19,57.03,42.01,72.21,33.91,46.37,53.12,D,Yes,No,Bachelor's,Medium,1,6.7
S2501,Ali,Taylor,student1501@university.com,Male,21,Business,85.45,56.82,58.12,79.46,71.89,89.99,49.62,67.65,C,Yes,Yes,Master's,High,5,18.8
S2502,Ali,Williams,student1502@university.com,Female,20,Engineering,63.03,57.33,32.32,32.11,74.41,63.71,68.9,54.8,D,No,Yes,Master's,Low,10,17.3
S2503,Omar,Lee,student1503@university.com,Female,23,Engineering,71.72,76.86,35.71,48.74,43.59,32.94,38.39,46.04,F,No,No,High School,Low,3,12.0
S2504,Maria,Jones,student1504@university.com,Female,23,Computer Science,86.05,84.03,77.92,47.12,78.1,52.89,41.89,63.66,D,No,No,High School,High,1,6.5
S2505,John,Lee,student1505@university.com,Male,18,Engineering,76.2,50.48,43.1,46.82,50.25,64.11,49.3,50.68,D,Yes,Yes,Bachelor's,High,6,1.3
S2506,Ayesha,Taylor,student1506@university.com,Male,25,Business,94.5,35.43,51.88,56.19,33.59,44.51,89.03,51.77,D,Yes,Yes,Bachelor's,High,3,18.7
S2507,Ali,Khan,student1507@university.com,Male,19,Business,61.58,46.94,63.27,43.82,44.46,93.38,53.61,57.58,D,No,Yes,Bachelor's,High,3,9.3
S2508,Omar,Lee,student1508@university.com,Female,21,Computer Science,87.19,39.24,91.19,61.65,55.3,86.04,84.65,69.68,C,Yes,No,Master's,Low,9,9.2
S2509,Maria,Wilson,student1509@university.com,Female,24,Business,60.63,84.85,31.55,36.11,45.71,95.47,73.4,61.18,D,Yes,No,Bachelor's,Low,6,19.1
S2510,Sara,Khan,student1510@university.com,Female,21,Physics,93.0,75.06,97.55,95.38,74.3,30.55,65.63,73.08,C,No,No,Master's,High,8,7.4
S2511,Omar,Wilson,student1511@university.com,Female,25,Mathematics,98.26,64.53,52.74,60.92,80.68,36.55,61.42,59.47,D,Yes,Yes,High School,Medium,0,4.9
S2512,John,Ahmed,student1512@university.com,Female,20,Computer Science,86.5,54.67,31.59,62.24,80.26,32.51,77.35,56.44,D,Yes,No,Bachelor's,Low,8,9.2
S2513,Omar,Smith,student1513@university.com,Female,24,Engineering,85.18,38.34,47.1,96.46,86.54,76.24,43.34,64.67,D,No,No,High School,Medium,9,13.7
S2514,Sara,Smith,student1514@university.com,Female,21,Business,85.94,59.4,88.27,84.87,85.01,69.48,83.59,78.44,B,Yes,Yes,High School,Medium,3,10.0
S2515,Ahmed,Jones,student1515@university.com,Female,25,Engineering,83.21,98.12,46.52,51.47,75.68,89.72,46.32,67.97,C,Yes,No,Master's,High,0,7.9
S2516,Maria,Williams,student1516@university.com,Male,24,Physics,80.84,47.36,35.61,79.42,59.15,52.53,75.47,58.26,D,No,Yes,High School,High,0,8.2
S2517,Noah,Smith,student1517@university.com,Female,24,Mathematics,64.94,80.57,96.73,82.29,89.52,52.63,91.14,82.15,B,No,No,Bachelor's,Low,9,5.9
S2518,Emma,Jones,student1518@university.com,Male,19,Engineering,74.21,31.98,86.63,57.61,70.02,95.13,51.46,65.47,C,Yes,No,High School,High,2,5.9
S2519,Maria,Brown,student1519@university.com,Female,23,Engineering,96.81,54.66,55.09,79.53,67.89,82.65,60.55,66.73,C,Yes,No,Master's,High,8,18.8
S2520,Maria,Khan,student1520@university.com,Male,20,Engineering,66.33,77.18,94.97,98.31,63.75,85.27,42.19,76.95,B,No,No,Bachelor's,High,10,14.5
S2521,Ahmed,Brown,student1521@university.com,Male,25,Computer Science,82.28,34.72,52.25,64.95,85.86,52.2,86.15,62.69,D,No,No,Master's,Medium,6,9.3
S2522,John,Jones,student1522@university.com,Male,21,Mathematics,71.72,81.84,88.15,45.98,54.54,81.24,86.27,73.0,C,No,No,Master's,High,8,15.9
S2523,John,Williams,student1523@university.com,Male,20,Mathematics,93.66,78.82,85.75,60.65,56.6,77.93,72.91,72.11,C,Yes,Yes,Master's,High,4,6.8
S2524,Maria,Wilson,student1524@university.com,Male,18,Business,99.74,66.98,78.51,84.63,77.06,72.25,33.02,68.74,C,Yes,Yes,High School,Low,2,17.1
S2525,Maria,Jones,student1525@university.com,Female,20,Mathematics,95.89,44.76,91.28,38.82,97.47,85.75,48.45,67.75,C,Yes,No,Master's,Medium,6,14.6
S2526,Liam,Williams,student1526@university.com,Female,24,Mathematics,60.81,76.07,84.92,38.63,96.52,76.0,99.46,78.6,B,Yes,Yes,High School,High,4,3.1
S2527,Ahmed,Khan,student1527@university.com,Female,22,Engineering,71.06,96.57,53.94,53.56,33.18,72.79,77.74,64.63,D,No,No,Bachelor's,Low,10,14.1
S2528,Ali,Smith,student1528@university.com,Female,18,Physics,92.65,74.31,32.72,80.64,64.09,75.69,52.95,63.4,D,No,No,Bachelor's,Medium,8,4.8
S2529,Liam,Wilson,student1529@university.com,Male,19,Computer Science,68.99,80.18,45.31,48.81,50.79,90.49,63.35,63.16,D,No,Yes,Bachelor's,High,1,4.0
S2530,John,Clark,student1530@university.com,Female,21,Business,69.75,88.45,86.49,82.42,53.42,74.34,63.71,74.8,C,No,Yes,High School,Low,6,5.4
S2531,Ahmed,Brown,student1531@university.com,Female,25,Business,74.0,80.05,99.82,69.99,60.95,59.57,50.58,70.16,C,No,No,High School,High,6,4.9
S2532,Ali,Smith,student1532@university.com,Male,23,Business,81.31,79.15,63.67,58.37,63.25,75.45,42.69,63.76,D,Yes,Yes,Bachelor's,Low,5,10.1
S2533,Sara,Williams,student1533@university.com,Female,24,Mathematics,94.72,48.83,89.57,34.29,73.75,89.58,63.82,66.64,C,Yes,Yes,Bachelor's,High,4,5.8
S2534,Maria,Brown,student1534@university.com,Male,19,Engineering,85.04,64.14,33.71,37.81,83.6,86.91,62.17,61.39,D,No,No,Bachelor's,Medium,8,15.0
S2535,Ahmed,Williams,student1535@university.com,Female,19,Computer Science,69.6,72.21,86.1,50.29,80.02,89.39,64.05,73.68,C,No,No,Bachelor's,Medium,3,12.7
S2536,Ahmed,Lee,student1536@university.com,Female,21,Computer Science,97.09,33.25,44.08,72.73,66.74,65.89,48.25,55.16,D,Yes,Yes,Master's,Medium,10,14.1
S2537,Ali,Ahmed,student1537@university.com,Male,25,Mathematics,75.58,49.48,57.44,33.65,79.98,84.17,91.86,66.1,C,No,No,High School,Low,7,7.6
S2538,Omar,Williams,student1538@university.com,Male,20,Mathematics,95.26,80.1,55.61,63.23,33.66,85.15,73.24,65.17,C,No,Yes,Master's,High,2,1.2
S2539,Ayesha,Lee,student1539@university.com,Male,21,Business,63.28,84.07,78.93,62.77,77.11,92.86,73.54,78.21,B,No,No,High School,Low,6,10.2
S2540,Ali,Taylor,student1540@university.com,Male,18,Computer Science,76.66,82.6,76.87,80.77,36.45,66.04,91.12,72.31,C,No,Yes,High School,Medium,4,17.7
S2541,Maria,Brown,student1541@university.com,Female,20,Physics,87.94,99.15,81.24,80.94,33.55,79.96,50.56,70.9,C,No,No,Master's,Low,4,7.3
S2542,Noah,Jones,student1542@university.com,Female,24,Physics,87.29,54.91,56.5,65.93,73.47,63.28,32.0,57.68,D,Yes,Yes,Master's,High,9,6.1
S2543,Omar,Smith,student1543@university.com,Male,21,Business,92.39,87.4,73.45,34.84,43.62,31.35,75.36,57.67,D,No,No,Master's,High,5,12.8
S2544,Ahmed,Williams,student1544@university.com,Male,19,Computer Science,82.24,88.61,90.28,82.67,83.09,89.09,31.57,77.55,B,No,No,Master's,High,5,4.9
S2545,Ali,Brown,student1545@university.com,Male,20,Physics,68.97,81.77,51.99,31.94,84.08,63.76,34.15,57.95,D,Yes,Yes,Master's,High,3,11.9
S2546,Noah,Taylor,student1546@university.com,Female,22,Physics,90.89,63.22,32.45,91.8,78.71,63.32,84.73,69.04,C,No,Yes,Master's,Low,0,12.2
S2547,Emma,Clark,student1547@university.com,Female,23,Business,61.71,60.0,45.69,90.17,44.21,38.08,83.86,60.34,D,Yes,No,High School,High,1,15.5
S2548,Liam,Wilson,student1548@university.com,Female,23,Mathematics,79.75,42.24,67.41,37.29,52.16,77.96,86.11,60.53,D,Yes,No,Master's,Low,6,7.2
S2549,Ali,Jones,student1549@university.com,Female,23,Computer Science,82.12,73.92,39.41,82.24,70.38,32.78,82.86,63.6,D,No,Yes,Bachelor's,High,2,17.8
S2550,Ayesha,Ahmed,student1550@university.com,Male,19,Physics,99.42,60.22,92.59,73.61,36.53,69.49,33.99,61.07,D,No,Yes,Bachelor's,Low,9,5.6
S2551,Liam,Jones,student1551@university.com,Female,24,Engineering,64.94,80.19,82.14,44.61,65.73,41.65,96.64,68.49,C,No,No,High School,Low,2,17.2
S2552,Omar,Brown,student1552@university.com,Male,21,Business,92.56,34.23,39.55,30.04,94.41,51.25,53.22,50.45,D,No,No,Bachelor's,High,0,11.4
S2553,Noah,Clark,student1553@university.com,Female,24,Physics,85.08,83.23,96.82,97.25,87.87,30.95,78.96,79.18,B,No,No,Master's,Medium,8,7.6
S2554,Maria,Taylor,student1554@university.com,Male,23,Business,72.12,87.73,50.11,76.09,78.7,55.47,48.47,66.1,C,No,No,High School,High,3,1.2
S2555,Liam,Clark,student1555@university.com,Female,24,Computer Science,85.13,98.45,43.63,39.35,67.34,96.03,44.42,64.87,D,No,No,High School,Medium,8,18.0
S2556,Ayesha,Wilson,student1556@university.com,Female,25,Engineering,97.78,53.11,32.93,39.1,44.18,36.27,81.36,47.82,F,Yes,No,Master's,Low,5,7.8
S2557,Maria,Clark,student1557@university.com,Male,22,Business,94.3,68.41,96.71,41.21,39.67,35.36,90.71,62.01,D,Yes,Yes,High School,Medium,1,10.8
S2558,Noah,Taylor,student1558@university.com,Female,24,Mathematics,73.96,42.95,96.02,53.86,72.76,54.78,33.78,59.02,D,Yes,Yes,Master's,Low,5,10.8
S2559,Sara,Lee,student1559@university.com,Female,21,Physics,83.53,81.22,65.27,41.89,31.39,75.48,66.55,60.3,D,No,Yes,High School,Low,9,19.0
S2560,Ali,Brown,student1560@university.com,Male,23,Business,76.37,31.05,48.9,87.76,56.34,43.04,56.42,53.92,D,No,No,High School,Low,10,11.9
S2561,John,Brown,student1561@university.com,Male,25,Physics,79.46,46.93,38.8,98.17,83.57,48.67,62.46,63.1,D,No,No,Bachelor's,Low,8,6.4
S2562,Emma,Wilson,student1562@university.com,Female,22,Engineering,72.84,35.88,51.86,93.39,62.62,95.48,83.63,70.48,C,No,No,Bachelor's,Low,2,13.3
S2563,Emma,Ahmed,student1563@university.com,Female,22,Mathematics,85.95,71.63,66.57,50.26,96.41,72.34,51.78,68.17,C,No,Yes,High School,High,7,16.3
S2564,Emma,Brown,student1564@university.com,Female,24,Mathematics,77.41,73.92,33.83,81.0,40.01,60.76,54.73,57.38,D,Yes,Yes,High School,Medium,1,9.5
S2565,Ali,Jones,student1565@university.com,Female,23,Mathematics,95.8,52.15,32.07,43.84,56.98,75.63,68.98,54.94,D,Yes,No,Master's,High,3,8.2
S2566,Liam,Smith,student1566@university.com,Female,21,Physics,64.14,92.84,38.66,77.69,99.74,61.41,95.92,77.71,B,Yes,Yes,Bachelor's,Medium,9,10.2
S2567,Liam,Lee,student1567@university.com,Male,20,Mathematics,78.19,81.19,89.56,71.58,44.38,45.1,76.56,68.06,C,No,No,Master's,High,10,16.0
S2568,Omar,Williams,student1568@university.com,Female,24,Computer Science,83.63,34.83,79.63,42.63,82.14,41.41,33.54,52.36,D,No,No,High School,Low,0,2.7
S2569,Ali,Taylor,student1569@university.com,Male,24,Engineering,71.59,68.05,36.26,38.87,42.64,38.85,60.19,47.48,F,No,No,Master's,Medium,6,19.1
S2570,Omar,Clark,student1570@university.com,Female,21,Business,68.17,85.37,67.54,79.07,61.94,59.19,35.74,64.81,D,No,No,Bachelor's,Medium,5,3.8
S2571,Noah,Taylor,student1571@university.com,Female,23,Business,88.03,31.62,76.88,54.68,95.87,70.0,49.27,63.05,D,Yes,No,High School,Low,0,4.2
S2572,Liam,Khan,student1572@university.com,Male,21,Engineering,92.84,88.72,98.79,68.64,78.4,70.06,40.29,74.15,C,No,Yes,Bachelor's,Low,8,9.4
S2573,Noah,Lee,student1573@university.com,Female,23,Engineering,72.6,88.25,66.7,51.94,77.23,44.78,67.48,66.06,C,No,Yes,Bachelor's,Medium,10,7.8
S2574,Omar,Ahmed,student1574@university.com,Male,18,Computer Science,60.73,31.23,58.39,95.83,81.06,65.57,48.01,63.35,D,No,No,Bachelor's,Medium,2,12.3
S2575,Omar,Jones,student1575@university.com,Male,22,Mathematics,73.7,51.9,81.63,93.22,74.12,73.84,85.7,76.73,B,Yes,No,Bachelor's,High,3,5.7
S2576,Emma,Brown,student1576@university.com,Male,20,Business,97.65,74.93,37.87,77.06,90.97,84.25,41.1,67.7,C,Yes,Yes,Master's,High,6,4.0
S2577,Maria,Ahmed,student1577@university.com,Female,21,Mathematics,75.91,65.58,97.77,66.69,93.15,88.93,73.45,80.93,B,No,No,Master's,High,5,10.8
S2578,Emma,Taylor,student1578@university.com,Female,19,Computer Science,60.96,30.57,85.95,96.66,60.22,71.8,90.73,72.66,C,Yes,Yes,Master's,Low,9,1.6
S2579,Liam,Jones,student1579@university.com,Female,18,Engineering,75.52,34.01,73.89,80.36,88.31,83.95,75.9,72.74,C,Yes,Yes,Bachelor's,High,1,6.1
S2580,Noah,Khan,student1580@university.com,Male,21,Computer Science,90.15,62.3,37.25,67.55,53.91,95.57,40.17,59.46,D,No,No,Bachelor's,Medium,5,6.5
S2581,Ali,Clark,student1581@university.com,Male,23,Physics,99.55,79.41,33.71,47.32,97.62,38.77,64.19,60.17,D,Yes,No,Bachelor's,Medium,2,19.3
S2582,Ali,Jones,student1582@university.com,Male,21,Business,74.04,60.41,77.35,53.94,86.07,40.61,53.89,62.04,D,Yes,No,Master's,High,3,7.0
S2583,Noah,Lee,student1583@university.com,Male,25,Mathematics,98.65,61.35,76.81,39.26,71.4,82.88,77.34,68.17,C,No,No,Bachelor's,Low,1,5.3
S2584,Noah,Jones,student1584@university.com,Female,22,Mathematics,98.73,72.27,69.13,74.01,72.88,39.31,37.05,60.77,D,Yes,No,Master's,Low,8,17.6
S2585,Maria,Jones,student1585@university.com,Male,23,Mathematics,83.65,36.09,42.79,33.92,56.33,91.65,69.93,55.12,D,Yes,No,High School,High,9,11.7
S2586,Liam,Brown,student1586@university.com,Female,20,Business,81.22,69.4,99.39,86.41,70.26,41.32,73.65,73.41,C,No,No,Master's,Low,5,14.5
S2587,Ali,Clark,student1587@university.com,Male,25,Computer Science,96.6,31.63,74.2,85.43,91.89,32.62,95.84,68.6,C,Yes,No,Master's,Medium,4,14.1
S2588,Emma,Ahmed,student1588@university.com,Male,24,Mathematics,78.8,64.07,92.08,95.53,83.23,48.46,67.21,75.1,B,Yes,Yes,Master's,High,0,15.7
S2589,Sara,Ahmed,student1589@university.com,Female,24,Mathematics,65.23,68.57,99.5,77.17,85.56,33.32,61.79,70.98,C,Yes,Yes,Bachelor's,Low,10,14.2
S2590,Ali,Brown,student1590@university.com,Male,21,Business,94.48,91.31,76.99,89.83,97.64,80.71,65.94,83.74,B,Yes,No,Master's,High,9,5.1
S2591,Ali,Khan,student1591@university.com,Male,21,Computer Science,80.08,61.89,56.22,44.36,92.88,91.95,58.24,67.59,C,No,No,High School,High,10,6.1
S2592,John,Khan,student1592@university.com,Male,19,Computer Science,67.85,33.06,79.12,30.0,32.36,38.98,44.79,43.05,F,Yes,Yes,Bachelor's,Medium,8,19.5
S2593,Liam,Ahmed,student1593@university.com,Male,20,Mathematics,66.57,86.52,51.56,42.55,70.43,50.25,68.26,61.59,D,No,No,Bachelor's,Medium,0,14.8
S2594,Ali,Lee,student1594@university.com,Female,18,Physics,76.26,71.81,57.83,32.57,86.49,61.46,44.77,59.15,D,No,Yes,Master's,Medium,6,2.0
S2595,Ali,Williams,student1595@university.com,Female,21,Mathematics,73.85,84.76,43.21,87.55,83.59,51.33,40.62,65.18,C,No,No,Master's,Medium,8,4.0
S2596,Noah,Wilson,student1596@university.com,Female,25,Computer Science,97.64,80.82,40.26,55.37,70.95,87.43,86.87,70.28,C,No,No,Bachelor's,Low,9,17.7
S2597,Ahmed,Lee,student1597@university.com,Male,19,Physics,80.73,37.72,84.39,88.8,58.64,70.56,62.82,67.16,C,Yes,Yes,Bachelor's,Low,4,9.3
S2598,Sara,Jones,student1598@university.com,Male,24,Mathematics,99.11,75.56,64.43,77.93,88.95,87.38,84.63,79.81,B,Yes,Yes,Master's,Medium,8,13.4
S2599,Sara,Lee,student1599@university.com,Female,24,Computer Science,92.39,49.3,68.04,51.76,40.6,75.55,39.88,54.19,D,Yes,No,Bachelor's,Medium,3,4.4
S2600,Ahmed,Ahmed,student1600@university.com,Female,22,Mathematics,71.91,43.2,79.56,34.97,52.54,79.97,38.0,54.71,D,Yes,Yes,Master's,Low,7,4.7
S2601,Ali,Jones,student1601@university.com,Male,18,Engineering,90.38,36.83,56.02,67.23,95.15,70.07,51.66,62.83,D,Yes,Yes,Master's,High,8,1.6
S2602,Omar,Williams,student1602@university.com,Male,23,Physics,60.8,68.65,85.92,59.46,87.97,83.28,91.41,79.45,B,Yes,No,Bachelor's,Medium,7,16.2
S2603,John,Jones,student1603@university.com,Female,18,Business,70.57,50.49,94.75,62.42,46.06,62.07,84.74,66.76,C,No,Yes,Bachelor's,High,4,2.8
S2604,Sara,Clark,student1604@university.com,Female,20,Computer Science,97.09,45.73,31.25,85.98,90.97,61.96,73.49,64.9,D,Yes,No,High School,Medium,9,3.6
S2605,Liam,Jones,student1605@university.com,Female,19,Mathematics,76.43,80.22,81.37,58.22,60.05,87.42,78.89,74.36,C,Yes,No,Master's,Medium,4,11.1
S2606,Noah,Clark,student1606@university.com,Female,20,Computer Science,84.66,65.58,90.68,51.16,94.92,42.65,44.04,64.84,D,No,Yes,Bachelor's,High,9,19.5
S2607,Maria,Taylor,student1607@university.com,Male,20,Business,60.28,47.11,55.58,47.21,37.02,58.9,81.42,54.54,D,No,Yes,Master's,Low,9,14.4
S2608,Ali,Taylor,student1608@university.com,Male,24,Computer Science,81.5,70.56,83.79,41.24,86.35,63.22,60.91,67.68,C,Yes,No,High School,Medium,0,15.7
S2609,Noah,Brown,student1609@university.com,Male,23,Computer Science,90.55,84.02,45.55,55.33,84.81,30.22,74.25,62.36,D,No,No,Bachelor's,High,7,2.6
S2610,Emma,Brown,student1610@university.com,Male,20,Computer Science,70.98,84.23,48.55,46.82,62.51,59.74,97.91,66.63,C,No,No,Master's,Medium,5,2.3
S2611,Ayesha,Taylor,student1611@university.com,Female,20,Business,98.08,79.26,45.52,80.58,97.92,88.34,57.8,74.9,C,Yes,Yes,Master's,Low,3,2.9
S2612,Noah,Khan,student1612@university.com,Male,21,Business,85.38,38.17,32.32,32.01,69.79,73.33,73.14,53.13,D,Yes,No,Master's,Low,0,13.4
S2613,Emma,Williams,student1613@university.com,Male,25,Business,64.92,52.07,51.2,68.79,37.46,42.64,51.52,50.61,D,No,Yes,High School,Medium,3,2.7
S2614,Maria,Clark,student1614@university.com,Male,20,Business,83.73,50.84,58.64,43.04,30.48,82.72,80.45,57.7,D,Yes,No,Master's,Medium,4,11.3
S2615,Noah,Smith,student1615@university.com,Male,22,Mathematics,79.56,50.22,92.99,41.1,60.42,36.92,40.94,53.76,D,Yes,Yes,Bachelor's,Medium,7,9.3
S2616,Maria,Clark,student1616@university.com,Female,23,Engineering,80.21,98.15,52.36,72.15,63.72,80.95,38.62,67.66,C,No,No,Master's,High,10,3.5
S2617,Noah,Clark,student1617@university.com,Male,18,Computer Science,66.21,48.6,69.22,65.88,91.37,56.68,51.06,63.8,D,Yes,No,Master's,Medium,9,8.4
S2618,Ayesha,Khan,student1618@university.com,Male,25,Business,91.77,66.68,34.8,62.4,90.49,45.09,78.24,62.95,D,No,No,High School,Medium,4,13.9
S2619,Liam,Clark,student1619@university.com,Female,23,Physics,65.43,66.28,86.13,48.14,97.75,65.45,96.55,76.72,B,Yes,Yes,Master's,Low,8,18.8
S2620,Ayesha,Brown,student1620@university.com,Female,21,Mathematics,62.34,59.98,96.73,61.72,56.75,62.63,90.83,71.44,C,Yes,Yes,Master's,Low,8,8.5
S2621,Ali,Jones,student1621@university.com,Male,24,Business,99.86,67.22,97.59,62.08,70.19,98.04,33.7,71.47,C,Yes,No,Bachelor's,Medium,6,12.5
S2622,Omar,Ahmed,student1622@university.com,Male,21,Computer Science,62.01,87.45,61.79,41.56,40.41,96.18,41.62,61.5,D,No,No,High School,Low,5,9.6
S2623,Liam,Smith,student1623@university.com,Female,25,Computer Science,98.38,72.72,41.39,40.56,47.47,34.97,42.84,46.66,F,Yes,Yes,Bachelor's,High,6,5.5
S2624,Ali,Ahmed,student1624@university.com,Female,19,Mathematics,74.28,88.14,86.38,84.68,33.06,57.74,67.17,69.53,C,Yes,Yes,Master's,Low,10,10.2
S2625,Omar,Lee,student1625@university.com,Male,23,Mathematics,70.94,82.67,30.84,91.45,33.76,98.71,39.59,62.84,D,Yes,No,High School,High,1,13.3
S2626,Ayesha,Ahmed,student1626@university.com,Male,23,Physics,97.63,37.48,39.79,55.98,76.38,45.09,43.08,49.63,F,No,Yes,Bachelor's,Low,6,10.0
S2627,Noah,Taylor,student1627@university.com,Female,24,Computer Science,99.42,64.68,44.52,44.78,69.16,58.35,81.02,60.42,D,Yes,No,Bachelor's,Low,0,10.1
S2628,John,Williams,student1628@university.com,Male,18,Engineering,92.46,31.03,93.1,95.38,63.24,78.28,34.23,65.88,C,Yes,Yes,Bachelor's,Low,3,13.9
S2629,Ayesha,Taylor,student1629@university.com,Male,23,Business,61.35,65.22,94.16,33.27,90.6,70.31,58.76,68.72,C,No,Yes,Bachelor's,High,9,6.1
S2630,Liam,Brown,student1630@university.com,Male,19,Mathematics,74.23,34.5,54.24,39.82,53.22,78.34,42.65,50.46,D,No,Yes,Bachelor's,Medium,0,2.8
S2631,Liam,Williams,student1631@university.com,Female,21,Mathematics,85.65,32.58,31.14,59.77,46.75,96.36,89.18,59.3,D,Yes,Yes,High School,Low,3,4.8
S2632,Emma,Brown,student1632@university.com,Female,23,Physics,85.5,43.08,97.59,95.88,36.0,44.5,83.55,66.77,C,No,No,High School,Low,5,6.5
S2633,Liam,Wilson,student1633@university.com,Female,20,Business,87.86,91.69,43.87,69.01,57.58,38.54,54.99,59.28,D,No,Yes,Master's,Medium,4,2.2
S2634,Ahmed,Taylor,student1634@university.com,Female,24,Engineering,98.0,35.69,97.03,84.38,83.2,57.69,65.63,70.6,C,Yes,Yes,Master's,High,3,16.2
S2635,Maria,Brown,student1635@university.com,Female,24,Engineering,98.62,39.95,70.88,32.54,83.55,41.29,46.59,52.47,D,Yes,Yes,Master's,Medium,1,10.0
S2636,Ayesha,Lee,student1636@university.com,Male,22,Mathematics,87.8,31.52,40.19,34.47,72.43,46.7,69.88,49.2,F,No,Yes,Master's,Medium,9,2.7
S2637,Ali,Taylor,student1637@university.com,Male,18,Computer Science,78.97,73.56,88.82,32.36,76.43,68.21,66.48,67.64,C,No,Yes,High School,High,2,1.3
S2638,Ahmed,Smith,student1638@university.com,Female,18,Engineering,75.26,45.76,35.08,74.15,61.12,80.09,44.01,56.7,D,Yes,No,Master's,Low,7,4.5
S2639,Maria,Taylor,student1639@university.com,Female,21,Mathematics,70.33,85.8,68.59,51.79,71.48,35.09,61.22,62.33,D,Yes,Yes,Bachelor's,High,8,10.2
S2640,Ayesha,Williams,student1640@university.com,Male,21,Business,92.85,83.25,83.72,97.01,79.21,74.05,62.35,79.93,B,Yes,No,Bachelor's,High,5,15.6
S2641,Ahmed,Smith,student1641@university.com,Female,24,Engineering,88.97,73.57,52.03,54.14,60.99,73.52,60.58,62.47,D,Yes,Yes,Master's,Medium,9,11.6
S2642,Noah,Smith,student1642@university.com,Female,18,Mathematics,94.79,84.56,41.74,56.44,75.58,77.84,58.52,65.78,C,No,No,High School,Medium,3,1.6
S2643,Liam,Smith,student1643@university.com,Female,20,Physics,67.37,75.25,62.42,49.25,80.28,93.68,53.15,69.01,C,No,Yes,Bachelor's,Low,0,11.1
S2644,Maria,Ahmed,student1644@university.com,Male,25,Engineering,86.43,34.92,40.43,36.44,56.45,93.38,52.57,52.37,D,No,Yes,Master's,High,5,14.9
S2645,Liam,Lee,student1645@university.com,Male,21,Mathematics,87.09,77.35,88.84,33.19,50.4,43.44,46.33,56.59,D,Yes,No,Bachelor's,Medium,2,1.4
S2646,Ahmed,Khan,student1646@university.com,Female,18,Engineering,82.97,35.12,68.63,55.92,91.18,79.39,65.36,65.93,C,No,Yes,Bachelor's,Medium,10,2.6
S2647,Noah,Lee,student1647@university.com,Male,25,Engineering,78.52,56.75,73.95,59.43,97.67,60.3,99.81,74.65,C,Yes,Yes,Bachelor's,Medium,1,6.3
S2648,Emma,Khan,student1648@university.com,Male,23,Physics,94.6,31.29,35.88,38.52,73.39,80.45,60.13,53.28,D,Yes,No,High School,Low,0,5.8
S2649,Noah,Clark,student1649@university.com,Female,18,Physics,76.33,41.63,32.58,31.56,66.98,40.37,90.96,50.68,D,Yes,No,Bachelor's,Medium,2,2.9
S2650,Ayesha,Wilson,student1650@university.com,Male,25,Business,72.42,80.82,36.17,79.88,89.47,60.21,45.88,65.41,C,No,No,Bachelor's,Medium,6,9.3
S2651,Ali,Clark,student1651@university.com,Male,24,Business,71.74,84.67,53.92,90.62,70.81,48.08,96.1,74.03,C,Yes,No,High School,High,7,2.4
S2652,Noah,Brown,student1652@university.com,Male,25,Physics,80.48,95.49,92.54,42.91,53.01,48.42,78.38,68.46,C,Yes,Yes,High School,Low,10,19.8
S2653,Maria,Ahmed,student1653@university.com,Female,24,Mathematics,92.5,98.77,57.79,48.88,93.71,54.37,78.35,71.98,C,Yes,Yes,Master's,High,4,2.6
S2654,Noah,Wilson,student1654@university.com,Female,18,Engineering,63.08,97.68,98.94,91.1,52.11,41.86,83.1,77.47,B,No,Yes,Master's,Medium,3,15.6
S2655,Maria,Clark,student1655@university.com,Male,25,Engineering,98.08,95.5,68.89,56.05,60.8,37.2,90.74,68.2,C,Yes,No,High School,Low,7,15.7
S2656,John,Williams,student1656@university.com,Male,20,Mathematics,73.8,49.98,57.42,38.11,54.31,60.51,38.32,49.77,F,No,Yes,Master's,Low,3,10.7
S2657,Sara,Taylor,student1657@university.com,Male,22,Physics,66.28,31.08,92.18,41.05,30.32,87.3,50.14,55.34,D,Yes,Yes,High School,Medium,7,6.4
S2658,Liam,Clark,student1658@university.com,Male,20,Engineering,84.59,46.31,35.85,53.83,36.07,43.19,42.46,42.95,F,Yes,No,Bachelor's,Medium,8,7.1
S2659,Ahmed,Smith,student1659@university.com,Female,22,Business,66.76,92.51,35.36,89.72,90.5,70.68,51.76,71.76,C,Yes,Yes,High School,Medium,10,9.9
S2660,Liam,Brown,student1660@university.com,Male,19,Physics,82.93,88.42,36.39,91.46,85.52,91.74,99.55,82.18,B,Yes,Yes,Master's,Medium,1,3.6
S2661,Ahmed,Lee,student1661@university.com,Female,19,Computer Science,62.54,97.08,91.0,51.03,76.64,42.57,45.43,67.29,C,Yes,Yes,Bachelor's,Medium,0,10.4
S2662,Maria,Ahmed,student1662@university.com,Female,22,Computer Science,79.52,87.04,43.14,52.17,90.81,75.76,40.62,64.92,D,No,No,Master's,High,9,7.6
S2663,John,Khan,student1663@university.com,Male,25,Engineering,87.72,94.73,61.21,56.86,55.62,49.32,69.84,64.6,D,Yes,No,Bachelor's,Medium,2,8.1
S2664,Maria,Brown,student1664@university.com,Male,25,Computer Science,96.17,38.22,41.17,66.18,55.17,90.88,95.03,64.44,D,No,No,High School,Medium,4,15.0
S2665,Ali,Taylor,student1665@university.com,Male,25,Engineering,84.26,67.48,55.12,97.6,58.09,88.3,31.6,66.36,C,No,No,Master's,Medium,3,18.4
S2666,Omar,Taylor,student1666@university.com,Male,23,Computer Science,73.7,75.47,83.82,38.15,60.67,94.4,36.73,64.87,D,Yes,Yes,Master's,Low,10,2.9
S2667,Sara,Taylor,student1667@university.com,Female,24,Business,97.41,47.41,42.33,88.77,51.58,75.52,31.07,56.11,D,Yes,Yes,High School,Medium,1,10.9
S2668,Omar,Jones,student1668@university.com,Male,24,Computer Science,61.82,80.91,39.14,81.13,59.4,68.19,87.04,69.3,C,No,Yes,Bachelor's,High,3,14.7
S2669,John,Williams,student1669@university.com,Male,23,Physics,65.19,45.87,88.38,50.36,45.04,94.7,51.96,62.72,D,Yes,Yes,High School,Low,8,16.9
S2670,Maria,Lee,student1670@university.com,Female,18,Mathematics,85.37,53.57,69.86,93.16,88.44,44.32,72.22,70.26,C,No,Yes,High School,Low,4,2.5
S2671,Emma,Smith,student1671@university.com,Female,18,Physics,79.25,68.31,49.78,32.98,44.02,71.45,90.04,59.43,D,Yes,Yes,High School,High,3,6.4
S2672,Emma,Taylor,student1672@university.com,Female,22,Physics,78.0,89.82,45.69,61.58,68.94,62.44,47.08,62.59,D,Yes,Yes,Bachelor's,Medium,6,3.3
S2673,Sara,Smith,student1673@university.com,Male,24,Computer Science,68.19,69.38,60.44,40.7,38.9,79.8,35.28,54.08,D,No,No,High School,High,0,8.1
S2674,Maria,Brown,student1674@university.com,Female,23,Computer Science,86.53,46.2,85.64,41.3,81.14,77.79,48.3,63.4,D,No,Yes,Bachelor's,Medium,9,13.2
S2675,Ayesha,Williams,student1675@university.com,Female,18,Computer Science,90.54,94.11,53.29,66.57,59.49,64.7,57.73,65.98,C,Yes,Yes,Master's,High,7,13.5
S2676,Ahmed,Taylor,student1676@university.com,Male,21,Physics,82.55,82.52,30.46,63.28,79.9,41.86,32.42,55.07,D,Yes,Yes,High School,Medium,8,16.4
S2677,Emma,Williams,student1677@university.com,Female,21,Business,75.97,81.43,79.34,38.44,51.19,30.04,68.64,58.18,D,No,No,Bachelor's,High,2,12.1
S2678,Sara,Smith,student1678@university.com,Male,22,Business,80.48,68.66,89.04,94.3,66.94,82.39,30.46,71.96,C,No,No,Master's,Medium,5,10.6
S2679,Noah,Wilson,student1679@university.com,Female,18,Mathematics,67.11,56.34,70.47,87.54,63.36,30.03,39.22,57.83,D,Yes,No,Master's,Low,5,7.4
S2680,Liam,Smith,student1680@university.com,Male,22,Physics,76.66,37.47,31.51,32.02,48.32,79.71,65.33,49.06,F,No,Yes,Bachelor's,High,9,11.3
S2681,Liam,Wilson,student1681@university.com,Male,20,Physics,60.32,60.6,82.21,33.88,96.16,93.87,90.86,76.26,B,Yes,No,Master's,High,4,9.9
S2682,Ahmed,Smith,student1682@university.com,Female,19,Physics,76.96,34.95,80.1,38.91,93.61,78.4,35.44,60.24,D,No,No,High School,High,9,18.6
S2683,Emma,Ahmed,student1683@university.com,Male,21,Business,82.92,55.63,67.62,71.69,40.03,97.62,91.03,70.6,C,Yes,No,Bachelor's,Medium,3,7.5
S2684,Omar,Ahmed,student1684@university.com,Female,24,Computer Science,86.03,81.83,49.5,48.5,55.95,79.35,51.17,61.05,D,No,Yes,Master's,Low,2,17.2
S2685,Ayesha,Williams,student1685@university.com,Male,23,Computer Science,63.9,79.73,64.39,64.61,80.72,48.82,72.74,68.5,C,Yes,Yes,Bachelor's,High,1,7.1
S2686,Emma,Taylor,student1686@university.com,Male,19,Mathematics,87.53,44.88,83.16,83.37,68.44,49.91,94.78,70.76,C,No,No,Master's,Low,8,16.7
S2687,John,Williams,student1687@university.com,Female,19,Physics,75.59,70.0,45.83,59.27,77.0,76.97,33.87,60.49,D,Yes,No,Master's,Low,9,18.4
S2688,Ayesha,Clark,student1688@university.com,Female,25,Physics,62.95,82.28,36.02,79.4,56.04,88.94,75.0,69.61,C,Yes,No,Master's,Low,1,6.9
S2689,Liam,Khan,student1689@university.com,Female,25,Physics,85.84,65.03,30.62,39.6,52.67,94.56,52.85,55.89,D,Yes,No,Bachelor's,Medium,10,9.5
S2690,Noah,Smith,student1690@university.com,Female,19,Engineering,78.42,49.79,40.37,96.2,76.18,90.67,46.89,66.68,C,No,Yes,High School,High,8,1.9
S2691,Ayesha,Taylor,student1691@university.com,Male,22,Engineering,74.71,83.22,34.47,37.41,37.58,88.1,95.66,62.74,D,Yes,No,Bachelor's,Low,9,6.3
S2692,Liam,Lee,student1692@university.com,Female,20,Engineering,72.32,59.11,86.77,96.88,59.79,59.89,85.71,74.69,C,Yes,No,High School,Low,7,15.2
S2693,Liam,Smith,student1693@university.com,Female,21,Mathematics,91.53,62.94,78.6,60.49,41.32,45.18,48.93,56.24,D,Yes,No,High School,Low,8,14.6
S2694,John,Williams,student1694@university.com,Female,21,Engineering,97.7,41.16,98.73,56.8,96.48,32.03,88.24,68.91,C,No,No,Bachelor's,Low,3,16.8
S2695,Ali,Williams,student1695@university.com,Male,23,Engineering,99.48,85.29,41.5,46.35,92.59,79.76,72.38,69.64,C,No,No,High School,Low,0,8.7
S2696,Ahmed,Lee,student1696@university.com,Female,18,Mathematics,96.84,90.52,69.36,77.83,35.63,64.87,49.95,64.69,D,No,No,Bachelor's,High,4,7.4
S2697,Liam,Taylor,student1697@university.com,Female,20,Engineering,98.62,96.67,31.05,79.87,69.23,86.87,95.49,76.53,B,Yes,Yes,Bachelor's,Medium,8,15.7
S2698,Ali,Ahmed,student1698@university.com,Female,23,Computer Science,80.73,92.96,49.8,60.45,31.18,71.09,35.2,56.78,D,Yes,No,Bachelor's,High,6,7.8
S2699,Noah,Clark,student1699@university.com,Male,19,Physics,99.61,42.49,82.02,78.55,32.11,48.05,56.28,56.58,D,Yes,Yes,Master's,Medium,5,1.2
S2700,Noah,Williams,student1700@university.com,Male,21,Engineering,95.21,41.91,30.77,60.98,80.7,52.86,41.09,51.39,D,Yes,No,Bachelor's,Low,9,4.4
S2701,Sara,Taylor,student1701@university.com,Female,25,Computer Science,71.42,84.68,55.3,30.54,68.07,41.07,92.95,62.1,D,Yes,No,High School,Medium,10,18.9
S2702,Ayesha,Taylor,student1702@university.com,Male,23,Engineering,88.95,38.86,75.32,43.77,80.55,78.54,85.2,67.04,C,No,Yes,Master's,High,3,4.5
S2703,Emma,Williams,student1703@university.com,Female,19,Physics,81.53,61.07,36.94,77.34,63.8,88.2,90.75,69.68,C,Yes,Yes,High School,High,6,11.8
S2704,John,Brown,student1704@university.com,Female,25,Physics,77.63,94.48,85.18,87.19,92.46,42.78,85.19,81.21,B,Yes,No,High School,High,7,18.5
S2705,Ali,Brown,student1705@university.com,Male,18,Computer Science,71.01,78.38,31.24,58.93,85.3,67.9,81.19,67.16,C,Yes,No,High School,Medium,2,8.0
S2706,Sara,Ahmed,student1706@university.com,Male,23,Business,85.79,82.42,72.43,99.17,60.78,46.24,33.8,65.81,C,Yes,Yes,High School,Medium,6,17.7
S2707,Omar,Clark,student1707@university.com,Female,24,Business,99.87,66.23,90.24,71.93,70.34,57.95,94.58,75.21,B,Yes,Yes,Bachelor's,High,9,11.1
S2708,Sara,Jones,student1708@university.com,Male,22,Business,87.68,87.54,99.64,67.0,88.25,97.93,44.44,80.8,B,Yes,No,Master's,Medium,1,10.2
S2709,Emma,Ahmed,student1709@university.com,Male,24,Physics,73.18,38.73,97.63,80.32,38.94,72.95,41.84,61.73,D,Yes,Yes,Master's,Low,4,1.4
S2710,Omar,Taylor,student1710@university.com,Female,22,Engineering,84.5,89.55,84.03,74.2,60.22,36.79,78.84,70.61,C,No,No,High School,High,0,3.4
S2711,Ahmed,Khan,student1711@university.com,Male,21,Business,71.37,61.42,88.4,48.82,30.94,84.79,83.04,66.23,C,No,Yes,Bachelor's,High,4,19.3
S2712,John,Taylor,student1712@university.com,Female,21,Engineering,90.07,53.86,32.33,60.81,98.6,60.25,44.91,58.46,D,No,No,Master's,High,1,13.0
S2713,Maria,Taylor,student1713@university.com,Male,23,Mathematics,76.57,34.69,91.74,57.48,39.46,46.31,37.29,51.16,D,No,No,Bachelor's,Low,5,4.5
S2714,Maria,Clark,student1714@university.com,Female,22,Computer Science,61.33,99.77,59.88,43.06,53.91,31.09,60.42,58.02,D,Yes,No,Bachelor's,High,0,1.9
S2715,Maria,Wilson,student1715@university.com,Female,24,Computer Science,61.32,50.42,82.54,49.39,30.86,46.72,57.5,52.91,D,No,Yes,High School,High,2,17.6
S2716,Ali,Ahmed,student1716@university.com,Female,18,Mathematics,92.15,43.48,59.53,54.15,44.95,46.93,39.3,48.06,F,Yes,No,Master's,Low,0,13.5
S2717,Emma,Smith,student1717@university.com,Female,21,Engineering,88.63,75.4,69.98,89.93,69.17,72.73,78.76,76.0,B,No,Yes,Bachelor's,Medium,1,17.6
S2718,Maria,Jones,student1718@university.com,Female,20,Mathematics,65.32,36.81,98.2,43.85,34.94,97.99,89.08,66.81,C,No,No,High School,Low,7,9.0
S2719,Emma,Brown,student1719@university.com,Male,23,Mathematics,96.45,81.49,94.27,75.22,90.45,80.41,43.81,77.61,B,No,No,High School,High,8,18.9
S2720,Noah,Wilson,student1720@university.com,Male,20,Business,89.18,42.75,95.57,73.31,69.33,47.41,62.75,65.19,C,No,Yes,Bachelor's,High,0,9.3
S2721,Emma,Taylor,student1721@university.com,Male,19,Physics,61.62,72.82,86.04,78.43,43.59,67.23,75.4,70.58,C,No,No,Master's,Low,9,5.9
S2722,Sara,Clark,student1722@university.com,Female,20,Engineering,75.09,90.73,96.57,50.26,34.17,76.89,49.19,66.3,C,Yes,No,Master's,Low,7,16.1
S2723,Liam,Clark,student1723@university.com,Male,18,Business,68.65,53.76,84.07,34.48,55.92,93.54,83.52,67.55,C,Yes,No,Bachelor's,Low,5,15.4
S2724,Omar,Williams,student1724@university.com,Male,23,Physics,99.68,85.91,57.3,74.24,49.5,77.87,96.47,73.55,C,No,No,Bachelor's,High,4,2.7
S2725,Maria,Clark,student1725@university.com,Female,20,Physics,81.18,80.78,61.93,94.21,80.4,44.06,97.38,76.46,B,Yes,No,Master's,High,4,11.1
S2726,Omar,Clark,student1726@university.com,Male,20,Business,67.13,75.31,61.97,51.31,44.23,75.87,59.62,61.38,D,Yes,Yes,High School,Medium,8,1.8
S2727,John,Clark,student1727@university.com,Female,24,Business,81.89,53.43,57.58,58.68,58.6,99.08,58.63,64.33,D,No,No,Bachelor's,Medium,0,8.7
S2728,John,Williams,student1728@university.com,Female,25,Computer Science,88.12,69.29,46.44,46.91,45.04,64.38,39.2,51.88,D,Yes,No,Master's,Medium,6,13.1
S2729,Liam,Khan,student1729@university.com,Female,21,Mathematics,76.11,85.63,51.88,91.88,54.59,49.14,62.74,65.98,C,Yes,Yes,High School,High,4,9.2
S2730,Liam,Ahmed,student1730@university.com,Female,25,Computer Science,75.71,64.45,78.02,35.43,69.78,85.64,92.06,70.9,C,No,No,High School,Low,0,18.3
S2731,Emma,Lee,student1731@university.com,Female,22,Business,88.17,55.76,81.52,54.29,46.28,43.75,69.48,58.51,D,Yes,Yes,Bachelor's,Medium,8,3.2
S2732,Ali,Brown,student1732@university.com,Male,20,Business,91.35,97.86,64.34,35.39,86.2,99.51,60.77,74.01,C,No,No,Master's,Low,6,11.6
S2733,Maria,Ahmed,student1733@university.com,Male,23,Computer Science,70.73,94.35,93.5,77.86,77.79,83.92,60.5,81.32,B,Yes,No,Master's,Low,1,18.9
S2734,Emma,Clark,student1734@university.com,Male,18,Engineering,62.44,70.75,55.1,89.66,55.69,74.64,82.02,71.31,C,No,Yes,High School,Medium,0,10.1
S2735,Ali,Lee,student1735@university.com,Female,23,Physics,96.36,75.04,63.29,31.8,63.51,63.83,32.08,54.93,D,No,Yes,Bachelor's,High,3,13.4
S2736,Liam,Khan,student1736@university.com,Female,21,Computer Science,77.93,70.41,84.34,63.4,65.1,96.53,93.33,78.85,B,No,Yes,Master's,Low,0,4.7
S2737,Ahmed,Lee,student1737@university.com,Female,21,Computer Science,76.86,60.46,39.27,41.77,73.12,81.72,34.63,55.16,D,No,Yes,Bachelor's,High,5,19.8
S2738,Omar,Clark,student1738@university.com,Female,20,Mathematics,96.84,59.18,77.38,89.63,56.68,76.69,45.89,67.58,C,No,Yes,Bachelor's,Low,9,13.2
S2739,Liam,Smith,student1739@university.com,Female,21,Business,80.11,68.6,33.68,92.4,78.03,66.12,35.28,62.35,D,Yes,No,High School,High,5,17.8
S2740,Omar,Smith,student1740@university.com,Male,24,Computer Science,81.57,91.51,92.56,85.36,82.13,91.68,43.74,81.16,B,Yes,No,Bachelor's,High,0,8.5
S2741,Noah,Brown,student1741@university.com,Male,23,Business,62.95,57.91,97.89,47.14,73.15,76.4,97.38,74.98,C,Yes,No,Master's,Low,10,11.8
S2742,Emma,Khan,student1742@university.com,Female,22,Physics,65.85,34.26,57.56,86.1,89.54,36.04,79.6,63.85,D,No,No,Bachelor's,Medium,10,18.9
S2743,Ayesha,Lee,student1743@university.com,Female,25,Computer Science,77.5,98.38,64.65,57.48,47.16,74.35,73.85,69.31,C,No,No,Master's,Low,8,19.5
S2744,Maria,Khan,student1744@university.com,Female,23,Computer Science,86.26,38.47,36.84,80.59,98.12,37.72,97.41,64.86,D,No,Yes,Bachelor's,Low,3,13.2
S2745,Omar,Lee,student1745@university.com,Female,25,Business,82.67,78.81,63.62,42.56,39.26,97.65,60.7,63.77,D,No,No,Bachelor's,Low,6,18.9
S2746,Ayesha,Wilson,student1746@university.com,Female,25,Computer Science,88.39,66.59,84.87,58.5,46.0,83.74,90.31,71.67,C,Yes,No,Master's,Low,4,16.2
S2747,Sara,Taylor,student1747@university.com,Female,21,Engineering,97.65,53.85,89.08,74.46,82.01,31.65,97.53,71.43,C,No,No,High School,Medium,2,14.6
S2748,John,Smith,student1748@university.com,Female,23,Computer Science,71.39,44.87,61.13,89.64,85.69,36.49,62.33,63.36,D,No,Yes,Bachelor's,High,10,7.6
S2749,Noah,Clark,student1749@university.com,Male,21,Mathematics,66.1,83.99,58.75,72.36,58.63,38.41,88.24,66.73,C,Yes,Yes,Master's,Low,5,8.8
S2750,Emma,Williams,student1750@university.com,Female,20,Engineering,74.46,46.3,71.01,30.78,76.96,84.83,42.83,58.78,D,Yes,Yes,Master's,Medium,5,11.0
S2751,Ayesha,Ahmed,student1751@university.com,Male,21,Physics,87.74,67.2,47.9,45.31,98.41,75.78,37.83,62.07,D,No,Yes,High School,High,2,16.9
S2752,Sara,Lee,student1752@university.com,Female,18,Computer Science,86.6,72.52,42.26,87.4,85.48,70.94,97.31,75.98,B,Yes,Yes,Bachelor's,High,4,5.0
S2753,Emma,Wilson,student1753@university.com,Female,21,Computer Science,78.59,33.8,60.97,70.24,44.53,57.89,96.73,60.69,D,No,No,Bachelor's,High,8,1.5
S2754,Sara,Ahmed,student1754@university.com,Female,24,Engineering,63.68,47.84,39.16,40.02,87.45,92.55,48.03,59.18,D,Yes,Yes,Bachelor's,High,10,3.1
S2755,Liam,Smith,student1755@university.com,Male,21,Physics,93.98,76.66,85.69,92.52,41.51,57.57,58.76,68.78,C,No,No,Bachelor's,High,10,10.3
S2756,Ahmed,Jones,student1756@university.com,Male,23,Business,99.25,58.32,37.26,93.46,66.52,84.22,34.64,62.4,D,No,No,Bachelor's,Low,8,5.1
S2757,Maria,Wilson,student1757@university.com,Male,18,Business,87.59,65.17,62.29,51.3,33.93,55.2,50.48,53.06,D,No,Yes,Master's,High,3,14.9
S2758,John,Taylor,student1758@university.com,Male,18,Business,89.14,32.17,49.39,37.37,74.22,62.91,45.18,50.21,D,Yes,No,Bachelor's,High,0,4.0
S2759,Sara,Wilson,student1759@university.com,Female,23,Mathematics,79.23,99.26,48.63,66.83,91.47,61.9,82.78,75.14,B,Yes,Yes,Bachelor's,High,2,10.7
S2760,Emma,Jones,student1760@university.com,Female,19,Engineering,88.63,49.96,77.69,67.07,48.57,47.57,80.87,61.96,D,Yes,No,High School,Medium,0,19.5
S2761,Ayesha,Taylor,student1761@university.com,Female,23,Mathematics,95.12,79.74,35.97,32.01,50.06,89.43,55.06,57.05,D,Yes,No,High School,Medium,8,11.7
S2762,Sara,Wilson,student1762@university.com,Female,25,Business,62.0,46.75,44.51,93.2,34.94,69.22,95.68,64.05,D,Yes,No,High School,Medium,1,15.5
S2763,Omar,Williams,student1763@university.com,Male,23,Mathematics,97.82,99.5,96.1,41.33,55.21,80.98,90.85,77.33,B,Yes,No,Bachelor's,Medium,6,15.3
S2764,Ahmed,Clark,student1764@university.com,Female,19,Business,99.84,90.03,68.17,88.79,98.4,72.95,86.92,84.21,B,Yes,Yes,High School,High,8,15.9
S2765,Liam,Jones,student1765@university.com,Female,24,Mathematics,86.66,95.51,55.46,79.82,54.27,53.62,65.47,67.36,C,No,Yes,High School,Medium,6,4.9
S2766,Emma,Lee,student1766@university.com,Male,18,Business,61.67,37.63,82.04,60.81,66.55,31.9,49.63,54.76,D,Yes,No,High School,Medium,3,16.0
S2767,Liam,Wilson,student1767@university.com,Female,25,Business,86.9,59.96,83.42,91.56,99.87,71.82,97.45,84.01,B,No,No,Master's,Medium,1,16.8
S2768,Liam,Smith,student1768@university.com,Male,25,Computer Science,78.51,65.46,98.46,38.49,32.72,96.0,46.7,62.97,D,Yes,No,Master's,Low,6,15.2
S2769,Noah,Brown,student1769@university.com,Female,23,Business,83.27,93.52,69.38,64.89,37.0,58.32,75.91,66.5,C,No,Yes,Master's,Medium,9,19.6
S2770,Liam,Lee,student1770@university.com,Female,25,Engineering,98.5,72.26,38.05,37.1,81.48,78.76,42.32,58.33,D,No,No,High School,Low,8,11.2
S2771,Ali,Taylor,student1771@university.com,Male,23,Mathematics,71.24,64.52,64.14,97.93,78.91,94.07,84.2,80.63,B,No,No,Bachelor's,Medium,0,12.6
S2772,Emma,Clark,student1772@university.com,Male,18,Physics,75.04,57.69,38.34,47.0,88.05,92.6,72.12,65.97,C,No,Yes,High School,Medium,4,4.5
S2773,Emma,Lee,student1773@university.com,Male,25,Mathematics,95.14,86.3,81.01,35.42,41.41,97.29,34.51,62.66,D,Yes,Yes,Bachelor's,Low,9,11.4
S2774,Maria,Taylor,student1774@university.com,Male,18,Computer Science,83.68,61.19,34.93,68.69,42.6,59.82,91.53,59.79,D,No,Yes,Master's,Medium,8,14.5
S2775,Ali,Lee,student1775@university.com,Male,24,Computer Science,69.72,82.38,60.73,79.85,37.15,67.22,42.94,61.71,D,Yes,No,High School,Low,2,11.9
S2776,Noah,Lee,student1776@university.com,Female,18,Engineering,93.36,44.67,49.0,37.05,51.77,47.59,36.86,44.49,F,Yes,No,High School,High,4,2.1
S2777,Ahmed,Jones,student1777@university.com,Male,22,Mathematics,84.55,59.17,63.94,86.97,81.57,56.01,68.99,69.44,C,Yes,No,Master's,Medium,0,15.8
S2778,Ahmed,Ahmed,student1778@university.com,Male,23,Engineering,82.96,39.26,94.12,59.24,84.4,52.96,63.59,65.59,C,Yes,No,Bachelor's,High,2,18.8
S2779,Sara,Wilson,student1779@university.com,Female,18,Engineering,95.64,40.53,31.31,83.92,44.92,92.72,42.26,55.94,D,Yes,Yes,Master's,High,7,13.6
S2780,Sara,Taylor,student1780@university.com,Female,24,Computer Science,90.06,47.8,41.31,52.89,99.13,46.49,78.46,61.01,D,Yes,Yes,Master's,High,7,17.9
S2781,Ayesha,Wilson,student1781@university.com,Male,21,Engineering,65.45,49.51,80.14,84.56,79.6,58.43,78.0,71.71,C,Yes,Yes,High School,Low,10,19.8
S2782,John,Taylor,student1782@university.com,Male,25,Business,80.74,63.06,99.72,73.83,76.39,60.29,94.2,77.92,B,No,No,Master's,High,7,1.0
S2783,Ayesha,Smith,student1783@university.com,Male,18,Physics,77.61,72.57,63.03,81.63,90.45,95.6,76.84,80.02,B,Yes,No,High School,Low,0,8.2
S2784,Omar,Lee,student1784@university.com,Male,18,Physics,79.93,65.03,33.51,51.96,95.73,37.11,36.24,53.26,D,No,No,Bachelor's,Medium,2,17.0
S2785,Liam,Lee,student1785@university.com,Female,23,Computer Science,92.42,68.83,63.11,91.07,86.15,39.66,90.9,73.29,C,No,No,Bachelor's,Medium,6,18.5
S2786,John,Jones,student1786@university.com,Female,21,Computer Science,92.3,93.77,53.35,30.23,40.81,57.96,46.56,53.78,D,No,No,Master's,Medium,2,10.2
S2787,Omar,Wilson,student1787@university.com,Female,24,Mathematics,62.53,40.52,40.21,97.82,74.85,52.05,50.65,59.35,D,Yes,No,High School,Low,9,1.4
S2788,John,Williams,student1788@university.com,Female,21,Computer Science,94.85,51.09,31.3,77.18,40.04,34.69,63.05,49.56,F,Yes,No,Master's,High,10,5.7
S2789,Noah,Smith,student1789@university.com,Male,19,Business,87.79,91.4,85.52,44.24,66.05,66.67,88.1,73.66,C,Yes,No,Bachelor's,High,1,12.2
S2790,Ali,Clark,student1790@university.com,Male,22,Mathematics,65.06,87.3,73.28,66.11,54.06,86.2,70.61,72.93,C,No,Yes,Bachelor's,Medium,9,8.4
S2791,Ayesha,Lee,student1791@university.com,Female,24,Mathematics,74.48,97.54,74.36,56.19,53.97,79.34,57.43,69.8,C,Yes,Yes,Master's,High,5,5.0
S2792,Maria,Smith,student1792@university.com,Male,20,Mathematics,66.11,31.78,52.84,74.86,74.89,48.27,70.59,58.87,D,Yes,No,High School,High,8,7.1
S2793,Emma,Khan,student1793@university.com,Male,20,Physics,63.14,33.26,59.14,44.71,89.34,68.41,71.18,61.01,D,Yes,Yes,High School,Medium,2,1.5
S2794,Ayesha,Lee,student1794@university.com,Male,20,Business,88.73,61.68,39.9,85.48,69.52,34.36,73.94,60.81,D,No,Yes,Master's,High,0,19.0
S2795,Emma,Lee,student1795@university.com,Female,18,Computer Science,83.87,76.22,80.66,55.41,58.22,58.26,31.88,60.11,D,Yes,No,Bachelor's,Low,6,5.9
S2796,Ayesha,Lee,student1796@university.com,Male,23,Mathematics,76.85,95.43,82.15,98.12,40.63,88.19,79.94,80.74,B,No,No,Bachelor's,Medium,9,1.4
S2797,Ayesha,Lee,student1797@university.com,Female,23,Physics,97.33,67.74,34.62,61.92,47.44,68.43,69.56,58.28,D,No,Yes,High School,High,5,15.1
S2798,Maria,Taylor,student1798@university.com,Male,18,Physics,70.72,80.59,79.6,31.18,30.72,62.67,97.67,63.74,D,Yes,Yes,Bachelor's,High,4,10.1
S2799,Liam,Clark,student1799@university.com,Male,19,Engineering,60.6,81.94,51.8,87.43,68.89,50.42,82.59,70.51,C,Yes,No,High School,Medium,6,7.0
S2800,Liam,Taylor,student1800@university.com,Male,23,Engineering,89.63,30.67,61.11,99.29,57.24,58.63,73.07,63.34,D,No,No,Master's,Medium,0,6.7
S2801,Liam,Wilson,student1801@university.com,Female,24,Physics,84.23,83.69,92.85,72.02,76.81,42.22,81.57,74.86,C,Yes,Yes,Bachelor's,Medium,1,11.7
S2802,Ahmed,Taylor,student1802@university.com,Female,18,Physics,65.48,61.59,49.34,69.39,37.32,98.77,31.92,58.05,D,No,No,Bachelor's,High,0,12.6
S2803,Liam,Wilson,student1803@university.com,Female,20,Computer Science,97.29,67.41,85.87,99.14,43.54,88.01,43.74,71.29,C,No,Yes,Bachelor's,High,0,18.8
S2804,Ayesha,Williams,student1804@university.com,Male,21,Engineering,65.77,35.67,53.97,37.85,58.48,56.98,85.08,54.67,D,No,Yes,Master's,Low,9,16.2
S2805,Ali,Williams,student1805@university.com,Female,18,Engineering,97.79,48.28,54.16,45.86,85.59,82.32,63.45,63.28,D,Yes,Yes,Master's,Low,8,15.4
S2806,Emma,Jones,student1806@university.com,Female,24,Computer Science,65.97,57.12,90.33,98.0,57.73,93.72,83.19,80.02,B,No,Yes,Bachelor's,High,10,14.2
S2807,Maria,Smith,student1807@university.com,Female,23,Engineering,77.6,71.45,47.94,71.22,41.58,54.27,31.37,52.97,D,Yes,Yes,Bachelor's,High,5,7.9
S2808,Maria,Taylor,student1808@university.com,Female,23,Physics,85.08,34.78,69.91,71.91,59.67,76.49,91.62,67.4,C,Yes,Yes,Bachelor's,Medium,5,19.1
S2809,John,Smith,student1809@university.com,Female,23,Computer Science,96.27,56.48,36.45,45.82,78.79,44.99,78.37,56.82,D,No,No,High School,High,0,19.9
S2810,John,Clark,student1810@university.com,Female,23,Business,79.23,79.01,74.63,31.8,46.17,74.34,73.09,63.17,D,No,Yes,Master's,Medium,1,9.5
S2811,Liam,Wilson,student1811@university.com,Male,23,Computer Science,65.53,72.18,89.08,85.8,66.98,66.73,77.34,76.35,B,No,Yes,High School,High,10,14.5
S2812,Sara,Smith,student1812@university.com,Male,20,Physics,94.04,45.48,66.67,85.96,37.14,54.21,36.98,54.41,D,No,No,Bachelor's,Medium,9,14.4
S2813,Ahmed,Khan,student1813@university.com,Male,23,Mathematics,99.98,88.82,48.52,99.96,74.33,79.96,89.07,80.11,B,Yes,No,Bachelor's,Medium,9,3.6
S2814,Noah,Smith,student1814@university.com,Male,24,Computer Science,68.63,86.91,80.32,55.59,55.76,43.55,67.32,64.91,D,No,Yes,Bachelor's,Low,4,8.4
S2815,Ali,Ahmed,student1815@university.com,Female,21,Business,85.66,61.57,63.84,30.55,89.69,66.71,59.52,61.98,D,No,No,High School,Medium,2,7.6
S2816,Liam,Lee,student1816@university.com,Female,19,Engineering,72.67,50.71,69.05,93.41,92.18,37.15,41.47,64.0,D,No,No,High School,Low,4,3.9
S2817,Liam,Williams,student1817@university.com,Male,18,Computer Science,98.96,91.29,73.82,65.18,45.5,89.19,45.64,68.44,C,No,Yes,Master's,High,9,1.6
S2818,Ayesha,Williams,student1818@university.com,Male,21,Mathematics,62.95,95.85,37.51,86.08,36.24,73.16,44.95,62.3,D,No,Yes,High School,Low,6,2.0
S2819,Ahmed,Taylor,student1819@university.com,Female,21,Mathematics,66.03,53.55,60.55,52.79,53.91,55.76,99.66,62.7,D,Yes,Yes,High School,High,9,7.1
S2820,Omar,Ahmed,student1820@university.com,Female,19,Physics,78.98,49.27,82.57,83.42,37.77,98.51,35.51,64.51,D,No,Yes,Master's,Medium,8,11.3
S2821,Maria,Smith,student1821@university.com,Female,25,Business,79.57,90.32,78.46,48.79,52.29,75.34,32.89,63.01,D,Yes,Yes,Bachelor's,High,7,5.2
S2822,Ahmed,Smith,student1822@university.com,Male,21,Mathematics,88.65,66.58,96.05,93.34,75.49,88.58,39.69,76.62,B,Yes,Yes,Bachelor's,High,9,15.1
S2823,Emma,Wilson,student1823@university.com,Female,22,Computer Science,70.9,73.94,46.22,70.81,90.64,44.97,70.89,66.25,C,No,No,Bachelor's,High,3,7.5
S2824,Sara,Jones,student1824@university.com,Female,24,Business,87.62,84.31,30.29,52.25,93.05,67.42,36.88,60.7,D,Yes,Yes,Master's,High,5,4.7
S2825,Ali,Wilson,student1825@university.com,Female,24,Engineering,63.77,37.25,56.45,52.19,52.98,64.21,58.41,53.58,D,Yes,Yes,Master's,Low,2,9.6
S2826,John,Khan,student1826@university.com,Female,25,Engineering,90.18,91.61,73.62,62.06,68.91,55.85,68.8,70.14,C,No,Yes,Bachelor's,Low,8,3.9
S2827,Sara,Taylor,student1827@university.com,Female,23,Mathematics,78.7,32.19,78.28,75.75,43.07,94.97,62.91,64.53,D,Yes,Yes,High School,Medium,8,12.3
S2828,Ali,Wilson,student1828@university.com,Male,18,Mathematics,71.4,80.63,59.46,79.96,68.23,39.52,70.55,66.39,C,No,Yes,High School,Medium,0,17.2
S2829,Emma,Taylor,student1829@university.com,Female,25,Mathematics,89.83,82.47,68.18,62.72,32.07,87.21,83.09,69.29,C,No,No,Master's,Low,0,12.2
S2830,Ahmed,Wilson,student1830@university.com,Female,25,Computer Science,84.07,39.11,47.41,45.63,94.02,57.68,64.02,57.98,D,Yes,No,High School,Medium,10,2.1
S2831,Sara,Jones,student1831@university.com,Female,20,Business,94.79,73.55,84.59,58.66,45.06,36.79,40.5,56.53,D,Yes,Yes,High School,Medium,8,15.7
S2832,Ahmed,Taylor,student1832@university.com,Male,22,Computer Science,86.12,52.3,57.06,56.02,80.38,69.04,87.4,67.03,C,No,Yes,High School,High,5,14.8
S2833,Omar,Taylor,student1833@university.com,Female,25,Engineering,87.94,90.8,70.77,40.53,38.33,56.39,54.6,58.57,D,No,Yes,Bachelor's,Low,3,3.0
S2834,Liam,Brown,student1834@university.com,Male,25,Business,64.13,73.71,62.79,33.13,77.22,43.4,76.21,61.08,D,No,Yes,Master's,High,2,6.8
S2835,Omar,Ahmed,student1835@university.com,Male,21,Business,78.13,60.87,99.43,65.08,81.01,38.96,80.98,71.05,C,Yes,No,Master's,Low,8,12.0
S2836,Noah,Clark,student1836@university.com,Female,20,Mathematics,99.13,60.02,84.08,93.17,43.22,58.26,43.84,63.77,D,Yes,No,Master's,Medium,5,11.5
S2837,Noah,Ahmed,student1837@university.com,Female,21,Mathematics,80.05,85.04,94.83,79.69,39.57,53.83,38.59,65.26,C,Yes,Yes,High School,High,8,8.6
S2838,Ayesha,Khan,student1838@university.com,Male,22,Business,70.77,81.97,47.36,36.81,69.67,48.4,38.69,53.82,D,No,No,Master's,High,6,13.7
S2839,John,Smith,student1839@university.com,Female,22,Computer Science,85.82,57.51,72.52,82.54,49.4,32.73,90.7,64.23,D,No,No,High School,Medium,8,1.3
S2840,Sara,Williams,student1840@university.com,Female,19,Computer Science,67.12,91.21,56.04,92.4,93.04,93.01,73.03,83.12,B,No,No,Master's,High,3,16.5
S2841,Omar,Williams,student1841@university.com,Female,21,Computer Science,73.0,93.46,92.2,58.91,72.33,31.63,99.65,74.7,C,No,Yes,Bachelor's,Medium,0,17.3
S2842,Omar,Clark,student1842@university.com,Male,19,Physics,77.66,54.27,49.27,34.8,98.37,73.14,94.27,67.35,C,Yes,No,Master's,Medium,3,18.0
S2843,Omar,Khan,student1843@university.com,Female,24,Engineering,71.15,61.43,58.11,66.02,75.58,34.03,58.6,58.96,D,Yes,Yes,High School,High,2,14.3
S2844,Omar,Smith,student1844@university.com,Male,19,Physics,97.14,56.91,96.44,88.47,86.13,72.1,90.33,81.73,B,No,No,Bachelor's,Low,6,16.8
S2845,Liam,Williams,student1845@university.com,Female,25,Mathematics,69.71,48.81,84.6,74.39,74.42,72.26,42.9,66.23,C,No,Yes,Bachelor's,High,3,7.2
S2846,Liam,Khan,student1846@university.com,Male,23,Mathematics,61.92,33.62,57.74,82.8,57.48,43.13,92.92,61.28,D,Yes,Yes,Bachelor's,High,8,14.2
S2847,Emma,Clark,student1847@university.com,Female,22,Business,90.72,59.67,92.15,46.22,70.47,70.03,88.88,71.24,C,No,Yes,Master's,Medium,6,14.2
S2848,Maria,Khan,student1848@university.com,Female,19,Computer Science,72.37,33.59,79.12,38.09,79.52,31.51,80.79,57.1,D,Yes,Yes,Master's,High,0,17.9
S2849,Ayesha,Smith,student1849@university.com,Female,18,Engineering,67.56,86.36,97.32,39.92,62.75,56.45,84.67,71.25,C,No,No,Bachelor's,Low,2,13.9
S2850,Sara,Wilson,student1850@university.com,Male,22,Business,71.21,77.92,90.62,58.01,49.77,84.67,55.43,69.4,C,No,No,Bachelor's,Low,3,6.8
S2851,Ayesha,Wilson,student1851@university.com,Female,22,Business,64.46,67.7,34.65,36.1,93.42,67.86,32.14,55.31,D,Yes,Yes,Master's,Medium,9,18.5
S2852,Ali,Taylor,student1852@university.com,Female,23,Physics,92.82,70.09,49.22,35.61,49.04,32.13,62.73,49.8,F,Yes,Yes,High School,Low,10,7.3
S2853,Sara,Khan,student1853@university.com,Male,24,Computer Science,65.74,74.31,74.53,31.98,44.21,53.02,40.07,53.02,D,No,Yes,Bachelor's,Medium,1,14.2
S2854,Ayesha,Clark,student1854@university.com,Male,18,Engineering,71.8,37.34,87.79,66.44,80.12,47.56,77.05,66.05,C,Yes,Yes,Master's,Medium,3,6.6
S2855,Ahmed,Lee,student1855@university.com,Female,23,Business,96.64,51.48,98.9,79.99,70.93,30.16,85.24,69.45,C,No,Yes,Master's,High,8,1.8
S2856,Emma,Williams,student1856@university.com,Female,19,Business,69.89,86.57,77.69,47.22,79.12,84.03,57.26,71.98,C,Yes,No,Bachelor's,High,10,6.3
S2857,Maria,Lee,student1857@university.com,Female,21,Mathematics,83.24,55.15,37.36,39.08,61.11,59.76,96.08,58.09,D,No,No,Bachelor's,Medium,7,2.0
S2858,Omar,Wilson,student1858@university.com,Female,24,Computer Science,96.49,81.73,35.04,87.34,93.02,32.17,30.9,60.03,D,Yes,Yes,High School,Medium,7,8.6
S2859,John,Ahmed,student1859@university.com,Male,23,Mathematics,81.08,36.58,64.97,53.4,38.33,90.11,67.33,58.45,D,No,No,Master's,Medium,6,9.5
S2860,Ali,Ahmed,student1860@university.com,Male,24,Engineering,61.09,68.78,53.11,34.33,49.59,52.42,65.96,54.03,D,No,No,High School,Low,8,13.1
S2861,Ali,Lee,student1861@university.com,Female,23,Computer Science,97.25,51.33,67.55,35.38,34.03,49.94,78.44,52.78,D,Yes,No,High School,Medium,2,15.6
S2862,Liam,Khan,student1862@university.com,Female,21,Business,75.98,57.18,65.17,85.27,47.75,78.61,48.24,63.7,D,Yes,No,Bachelor's,High,8,12.2
S2863,Omar,Khan,student1863@university.com,Male,23,Mathematics,61.58,92.01,94.36,73.54,58.68,86.38,87.92,82.15,B,Yes,Yes,Master's,High,10,8.2
S2864,Sara,Khan,student1864@university.com,Female,21,Physics,86.87,33.14,50.28,76.39,54.78,39.58,37.82,48.66,F,No,No,Bachelor's,Low,0,14.5
S2865,Ayesha,Lee,student1865@university.com,Male,22,Physics,77.79,99.4,61.85,71.07,47.44,95.33,71.42,74.42,C,No,Yes,Bachelor's,Low,3,8.1
S2866,Noah,Smith,student1866@university.com,Female,24,Computer Science,100.0,77.86,92.41,93.98,64.76,86.19,34.7,74.98,C,No,Yes,Bachelor's,Medium,8,13.9
S2867,Ayesha,Taylor,student1867@university.com,Female,20,Physics,90.0,48.9,62.86,74.07,96.08,87.36,94.7,77.33,B,Yes,No,Master's,High,4,6.9
S2868,Emma,Jones,student1868@university.com,Female,20,Physics,92.42,42.99,62.58,35.97,56.25,69.36,91.55,59.78,D,No,No,Master's,Low,5,8.8
S2869,Noah,Clark,student1869@university.com,Male,22,Engineering,70.86,75.19,84.68,75.83,93.05,56.93,83.34,78.17,B,No,Yes,Master's,Medium,8,13.1
S2870,John,Jones,student1870@university.com,Male,24,Mathematics,61.06,95.01,91.08,31.92,83.8,76.43,46.3,70.76,C,Yes,No,Master's,Low,7,3.0
S2871,Ali,Khan,student1871@university.com,Male,24,Business,63.57,72.93,69.4,48.69,83.01,81.98,86.7,73.79,C,No,No,Bachelor's,High,7,4.4
S2872,Maria,Clark,student1872@university.com,Male,25,Business,67.28,72.46,35.68,94.62,84.37,86.4,48.42,70.33,C,Yes,Yes,Bachelor's,High,0,4.0
S2873,John,Ahmed,student1873@university.com,Male,24,Engineering,86.63,67.61,76.35,67.12,42.95,58.43,45.29,59.62,D,No,No,Bachelor's,Medium,0,17.3
S2874,Omar,Wilson,student1874@university.com,Male,20,Business,88.63,47.83,43.98,31.14,65.93,61.06,89.59,56.59,D,Yes,No,Master's,Medium,10,12.4
S2875,Ahmed,Jones,student1875@university.com,Female,19,Physics,93.33,93.36,88.74,52.83,44.38,82.74,73.35,72.57,C,No,Yes,High School,Medium,5,8.9
S2876,Liam,Clark,student1876@university.com,Female,18,Physics,87.3,85.48,92.69,50.86,79.29,45.36,77.75,71.91,C,Yes,No,Master's,High,6,9.2
S2877,Emma,Taylor,student1877@university.com,Male,21,Physics,62.7,52.0,41.71,88.32,46.52,99.62,35.36,60.59,D,Yes,Yes,Bachelor's,High,5,5.4
S2878,Noah,Jones,student1878@university.com,Female,21,Physics,79.41,66.37,87.71,84.87,83.09,45.53,41.06,68.1,C,Yes,Yes,High School,Medium,2,10.9
S2879,Ali,Lee,student1879@university.com,Male,24,Engineering,66.91,48.02,78.18,88.5,70.38,61.89,54.65,66.94,C,Yes,Yes,Master's,Low,4,15.5
S2880,Ali,Smith,student1880@university.com,Female,19,Business,73.03,48.12,38.8,63.62,59.48,52.65,36.0,49.78,F,No,Yes,Bachelor's,High,7,1.0
S2881,Liam,Lee,student1881@university.com,Male,22,Physics,75.35,46.72,66.29,38.2,46.63,38.9,92.18,54.82,D,Yes,Yes,Master's,Medium,1,12.4
S2882,Omar,Lee,student1882@university.com,Male,25,Engineering,85.64,45.37,39.7,30.53,33.09,40.08,51.36,40.02,F,Yes,Yes,Bachelor's,Medium,9,14.5
S2883,Liam,Jones,student1883@university.com,Male,19,Mathematics,97.96,79.19,64.59,65.87,34.6,65.07,33.95,57.21,D,No,Yes,High School,High,3,19.3
S2884,Omar,Lee,student1884@university.com,Male,20,Engineering,78.75,54.02,35.56,91.04,33.88,47.02,45.38,51.15,D,Yes,No,Master's,High,2,2.7
S2885,John,Lee,student1885@university.com,Male,20,Engineering,78.65,73.92,56.47,53.06,59.74,54.25,85.94,63.9,D,Yes,No,Master's,Low,5,15.5
S2886,Emma,Jones,student1886@university.com,Male,23,Mathematics,60.73,96.32,41.72,96.46,78.78,36.4,54.89,67.43,C,Yes,No,Bachelor's,Low,4,3.2
S2887,Ali,Taylor,student1887@university.com,Female,23,Business,72.41,49.17,46.89,65.71,45.23,64.95,79.26,58.53,D,No,Yes,Master's,High,9,9.5
S2888,Ayesha,Clark,student1888@university.com,Male,19,Business,74.41,44.26,61.97,38.03,51.42,83.66,57.27,56.1,D,No,Yes,High School,Low,5,10.4
S2889,Ali,Jones,student1889@university.com,Female,24,Mathematics,90.17,83.63,99.14,37.32,56.45,39.74,53.06,61.56,D,No,Yes,Bachelor's,Low,8,17.1
S2890,Ayesha,Khan,student1890@university.com,Male,18,Engineering,83.0,95.38,66.4,71.5,46.02,95.71,74.13,74.86,C,Yes,Yes,Bachelor's,Low,5,2.8
S2891,Noah,Williams,student1891@university.com,Male,23,Business,91.51,78.79,83.23,30.49,34.3,69.64,56.17,58.77,D,Yes,No,Bachelor's,Low,2,17.9
S2892,Noah,Williams,student1892@university.com,Male,22,Physics,70.0,62.62,94.55,95.96,66.17,74.49,88.19,80.33,B,Yes,No,High School,Low,8,8.2
S2893,Ali,Jones,student1893@university.com,Female,19,Mathematics,89.67,95.97,83.7,63.89,42.48,61.04,59.71,67.8,C,No,Yes,Master's,Medium,1,2.6
S2894,Emma,Smith,student1894@university.com,Female,25,Mathematics,95.25,34.18,33.22,68.31,93.14,34.11,35.32,49.71,F,No,Yes,High School,High,4,11.0
S2895,Liam,Jones,student1895@university.com,Male,25,Physics,87.31,47.72,64.14,87.92,87.71,97.18,41.34,71.0,C,No,No,Master's,Medium,1,12.6
S2896,Maria,Ahmed,student1896@university.com,Female,24,Engineering,72.86,35.59,75.62,37.13,95.88,44.93,59.53,58.11,D,No,No,High School,Medium,9,14.9
S2897,Noah,Clark,student1897@university.com,Female,24,Business,92.94,45.12,71.12,48.16,48.33,96.45,42.61,58.63,D,No,No,High School,High,9,16.5
S2898,Maria,Jones,student1898@university.com,Male,25,Engineering,95.7,99.75,35.05,32.2,93.27,46.12,87.04,65.57,C,No,Yes,Bachelor's,Medium,8,11.0
S2899,John,Khan,student1899@university.com,Male,19,Physics,80.47,37.58,40.29,68.62,92.98,79.66,97.33,69.41,C,Yes,No,Master's,Low,9,8.9
S2900,Liam,Jones,student1900@university.com,Female,18,Mathematics,92.53,90.09,61.26,47.49,89.43,46.97,74.61,68.31,C,No,Yes,High School,Low,4,10.5
S2901,Omar,Jones,student1901@university.com,Female,20,Computer Science,81.7,34.58,39.86,72.55,91.5,73.46,89.01,66.83,C,Yes,Yes,High School,Low,4,14.0
S2902,Ayesha,Lee,student1902@university.com,Male,24,Physics,83.26,98.79,58.53,69.25,63.43,41.96,95.07,71.17,C,No,Yes,Master's,Medium,2,3.8
S2903,Ayesha,Clark,student1903@university.com,Female,20,Engineering,91.95,49.11,45.33,61.11,49.01,43.72,48.43,49.45,F,Yes,No,Bachelor's,High,7,1.4
S2904,Ayesha,Clark,student1904@university.com,Female,19,Physics,92.57,71.97,49.6,56.55,62.24,87.41,70.62,66.4,C,Yes,Yes,Bachelor's,Low,0,8.2
S2905,Maria,Clark,student1905@university.com,Female,24,Business,96.97,85.85,95.77,49.91,49.34,61.83,92.07,72.46,C,No,No,Master's,High,10,2.7
S2906,Noah,Taylor,student1906@university.com,Female,24,Physics,94.94,32.59,66.71,100.0,53.9,33.95,66.49,58.94,D,No,Yes,Master's,Low,10,13.9
S2907,Ahmed,Khan,student1907@university.com,Male,19,Computer Science,68.36,39.23,92.43,90.78,82.43,55.34,54.46,69.11,C,Yes,Yes,Bachelor's,Medium,4,1.9
S2908,Emma,Ahmed,student1908@university.com,Female,25,Computer Science,94.08,40.49,37.51,48.27,93.0,80.34,77.97,62.93,D,Yes,Yes,High School,Low,3,4.0
S2909,Sara,Taylor,student1909@university.com,Male,19,Computer Science,68.58,48.92,78.53,51.91,94.48,50.7,58.04,63.76,D,Yes,No,High School,Medium,6,9.2
S2910,Noah,Taylor,student1910@university.com,Female,19,Mathematics,70.75,67.08,47.58,50.12,70.98,36.75,68.26,56.79,D,Yes,No,Master's,Medium,0,18.3
S2911,Ahmed,Clark,student1911@university.com,Female,25,Computer Science,65.44,98.51,40.55,46.46,39.51,30.8,96.34,58.7,D,No,No,Bachelor's,Low,2,19.2
S2912,Maria,Jones,student1912@university.com,Male,19,Mathematics,84.49,83.86,84.98,69.51,50.83,87.92,70.37,74.58,C,No,Yes,High School,Medium,0,14.8
S2913,Noah,Brown,student1913@university.com,Male,25,Computer Science,68.76,89.79,32.89,54.24,94.01,59.31,82.13,68.73,C,No,Yes,Master's,Medium,6,6.9
S2914,Omar,Clark,student1914@university.com,Female,24,Computer Science,61.69,54.79,66.6,33.03,42.02,82.66,90.45,61.59,D,Yes,Yes,High School,High,8,7.3
S2915,Ayesha,Lee,student1915@university.com,Male,21,Computer Science,66.47,48.32,70.65,57.25,73.23,49.15,68.43,61.17,D,Yes,Yes,Bachelor's,High,8,10.4
S2916,Ali,Ahmed,student1916@university.com,Male,23,Business,93.51,86.57,30.87,82.65,76.04,77.57,49.37,67.18,C,No,Yes,High School,Medium,0,10.5
S2917,Sara,Clark,student1917@university.com,Female,22,Engineering,98.33,99.2,93.45,55.64,73.2,46.46,87.48,75.91,B,No,Yes,Bachelor's,High,9,5.9
S2918,Noah,Smith,student1918@university.com,Male,20,Physics,69.25,92.51,92.38,33.61,97.53,97.44,33.36,74.47,C,Yes,No,Master's,Medium,4,10.1
S2919,Maria,Brown,student1919@university.com,Male,24,Mathematics,84.64,66.14,64.96,83.8,63.03,84.87,39.18,67.0,C,Yes,Yes,High School,Medium,6,4.5
S2920,Maria,Ahmed,student1920@university.com,Male,24,Computer Science,88.09,75.03,91.21,35.08,74.91,72.19,68.59,69.5,C,No,Yes,High School,Medium,3,16.5
S2921,Maria,Taylor,student1921@university.com,Female,19,Engineering,72.52,32.6,63.64,34.31,83.23,98.95,69.98,63.79,D,No,No,Master's,Medium,8,11.8
S2922,Maria,Clark,student1922@university.com,Female,25,Computer Science,85.67,35.98,70.36,39.35,86.68,61.36,90.87,64.1,D,No,No,High School,Low,9,8.9
S2923,Ayesha,Smith,student1923@university.com,Male,18,Physics,68.83,48.07,39.84,61.21,88.83,32.81,46.52,52.88,D,Yes,Yes,Master's,Low,10,4.5
S2924,Omar,Taylor,student1924@university.com,Female,25,Computer Science,91.78,46.91,90.63,55.74,47.27,93.48,89.24,70.55,C,No,Yes,Bachelor's,Medium,10,7.1
S2925,Ahmed,Wilson,student1925@university.com,Female,20,Computer Science,84.5,70.89,61.92,65.55,34.98,79.09,44.7,59.52,D,No,Yes,High School,Low,10,9.5
S2926,Liam,Taylor,student1926@university.com,Male,18,Physics,77.72,45.82,36.38,98.03,40.52,44.83,65.75,55.22,D,Yes,No,High School,Low,5,11.8
S2927,Maria,Williams,student1927@university.com,Female,18,Engineering,68.82,90.88,51.64,71.6,44.56,74.66,41.65,62.5,D,Yes,Yes,High School,Low,6,12.2
S2928,Ahmed,Taylor,student1928@university.com,Male,24,Computer Science,94.78,51.07,39.78,88.78,55.03,36.81,49.13,53.43,D,No,Yes,Bachelor's,Medium,0,10.4
S2929,Liam,Ahmed,student1929@university.com,Male,20,Business,68.02,67.33,68.63,54.1,86.9,74.88,83.15,72.5,C,No,Yes,High School,High,6,19.9
S2930,Ali,Ahmed,student1930@university.com,Female,19,Engineering,73.33,32.3,61.11,94.54,71.14,41.27,47.21,57.93,D,No,Yes,Bachelor's,Medium,6,11.3
S2931,Omar,Ahmed,student1931@university.com,Male,18,Physics,99.6,45.56,63.19,90.16,99.17,97.26,55.76,75.18,B,Yes,Yes,High School,Low,8,19.7
S2932,Ali,Wilson,student1932@university.com,Female,24,Physics,65.65,60.25,32.38,49.28,61.32,82.26,62.06,57.93,D,Yes,Yes,Bachelor's,Medium,0,10.1
S2933,Ayesha,Williams,student1933@university.com,Female,21,Physics,79.25,34.14,39.91,76.67,53.54,86.77,84.72,62.62,D,No,No,High School,Low,4,19.7
S2934,John,Williams,student1934@university.com,Female,22,Mathematics,94.22,66.19,62.46,91.68,62.78,34.97,57.34,62.57,D,Yes,No,Master's,High,6,18.3
S2935,Emma,Ahmed,student1935@university.com,Female,23,Business,66.79,87.79,44.63,35.42,76.78,39.0,79.92,60.59,D,No,Yes,High School,Medium,4,9.9
S2936,Omar,Brown,student1936@university.com,Female,24,Mathematics,86.16,72.04,49.22,42.92,34.2,94.5,65.54,59.74,D,Yes,No,High School,High,5,4.2
S2937,Liam,Khan,student1937@university.com,Female,24,Physics,79.88,89.03,59.43,60.39,41.96,89.87,60.56,66.87,C,No,No,Bachelor's,High,2,15.9
S2938,John,Brown,student1938@university.com,Female,18,Engineering,85.42,51.55,39.42,92.5,85.64,98.42,42.69,68.37,C,No,No,Master's,High,5,1.7
S2939,Sara,Wilson,student1939@university.com,Male,24,Mathematics,80.26,74.83,68.31,49.84,31.35,74.74,48.36,57.91,D,No,No,Bachelor's,Low,9,19.5
S2940,Ahmed,Brown,student1940@university.com,Female,20,Engineering,85.55,87.29,59.57,56.06,53.01,39.92,69.24,60.85,D,Yes,No,Bachelor's,Medium,3,12.8
S2941,Maria,Smith,student1941@university.com,Female,22,Computer Science,84.67,54.34,74.61,93.24,97.81,88.19,43.17,75.23,B,No,No,Master's,Low,10,7.9
S2942,Noah,Ahmed,student1942@university.com,Female,24,Engineering,94.06,81.25,75.31,73.44,50.67,30.94,56.07,61.28,D,No,No,Master's,Low,10,4.3
S2943,Maria,Williams,student1943@university.com,Female,21,Engineering,92.32,69.66,53.7,47.18,94.71,41.64,81.96,64.81,D,Yes,Yes,Master's,High,10,14.1
S2944,Omar,Lee,student1944@university.com,Female,20,Business,76.13,55.71,95.87,38.13,61.04,63.39,47.56,60.28,D,Yes,Yes,Master's,Low,7,8.1
S2945,Sara,Jones,student1945@university.com,Male,21,Engineering,79.48,80.8,60.61,95.48,38.61,71.92,43.55,65.16,C,Yes,Yes,Bachelor's,Low,2,14.9
S2946,Liam,Jones,student1946@university.com,Female,24,Mathematics,62.22,99.32,60.34,37.88,76.72,91.79,76.79,73.81,C,No,No,Bachelor's,Low,10,6.2
S2947,Emma,Khan,student1947@university.com,Female,24,Engineering,93.61,38.1,49.36,49.61,74.89,40.49,50.66,50.52,D,No,No,Master's,Low,8,12.2
S2948,Sara,Williams,student1948@university.com,Female,25,Physics,96.22,84.39,73.92,77.69,98.51,70.33,38.39,73.87,C,Yes,Yes,High School,Low,10,19.7
S2949,John,Lee,student1949@university.com,Female,22,Mathematics,82.62,81.35,38.0,57.94,36.41,53.81,63.28,55.13,D,No,Yes,Master's,Medium,0,9.0
S2950,Maria,Wilson,student1950@university.com,Female,18,Mathematics,70.17,43.27,67.74,72.29,50.31,51.03,30.75,52.56,D,No,No,Master's,High,10,9.2
S2951,John,Ahmed,student1951@university.com,Female,19,Physics,69.96,41.46,69.65,92.64,81.4,99.04,67.51,75.28,B,No,No,High School,Low,3,16.7
S2952,Ayesha,Khan,student1952@university.com,Male,18,Computer Science,78.14,83.76,37.5,90.35,98.23,40.9,68.3,69.84,C,Yes,Yes,Bachelor's,Low,6,2.0
S2953,John,Clark,student1953@university.com,Male,22,Computer Science,92.94,88.28,43.46,57.43,76.63,70.62,90.87,71.22,C,Yes,Yes,Master's,Low,7,12.3
S2954,Ahmed,Jones,student1954@university.com,Male,21,Mathematics,98.1,94.65,98.36,97.47,78.59,82.36,91.25,90.45,A,Yes,Yes,Bachelor's,High,5,10.2
S2955,Ahmed,Williams,student1955@university.com,Female,20,Computer Science,88.1,49.97,33.8,54.82,96.82,37.93,63.05,56.06,D,No,No,Bachelor's,High,4,7.8
S2956,Emma,Williams,student1956@university.com,Female,24,Business,64.13,85.53,56.39,57.44,92.88,65.09,51.18,68.09,C,Yes,No,Bachelor's,Low,3,6.9
S2957,Maria,Wilson,student1957@university.com,Male,18,Mathematics,68.5,31.22,75.95,49.54,62.55,99.24,99.22,69.62,C,Yes,No,Master's,High,5,12.3
S2958,Maria,Lee,student1958@university.com,Male,18,Engineering,75.04,98.91,45.5,46.4,43.34,53.62,64.64,58.73,D,No,Yes,Bachelor's,Medium,1,8.9
S2959,Noah,Brown,student1959@university.com,Male,20,Business,76.56,68.92,67.09,40.56,73.19,32.1,74.64,59.42,D,Yes,No,Master's,High,1,4.6
S2960,Ali,Lee,student1960@university.com,Female,21,Engineering,86.79,95.42,59.97,87.07,88.56,49.56,94.16,79.12,B,Yes,No,Bachelor's,High,5,16.1
S2961,Omar,Williams,student1961@university.com,Male,25,Business,67.37,82.3,78.47,53.83,59.91,54.44,55.77,64.12,D,No,Yes,Bachelor's,High,7,5.4
S2962,Ahmed,Ahmed,student1962@university.com,Male,20,Computer Science,74.95,65.48,71.68,50.6,74.05,47.52,68.87,63.03,D,Yes,Yes,Master's,Medium,7,12.1
S2963,Ayesha,Lee,student1963@university.com,Female,18,Physics,97.18,70.51,36.4,90.06,99.93,85.03,66.88,74.8,C,Yes,No,Master's,Low,6,16.4
S2964,Ali,Williams,student1964@university.com,Female,19,Business,82.14,76.26,31.96,51.81,64.43,37.07,95.38,59.49,D,No,Yes,Master's,Medium,0,13.7
S2965,Emma,Brown,student1965@university.com,Female,20,Physics,94.24,64.31,97.39,62.24,32.28,65.9,74.6,66.12,C,Yes,No,Master's,Low,8,16.3
S2966,Omar,Khan,student1966@university.com,Female,21,Engineering,61.41,68.46,76.72,44.89,93.64,93.9,40.37,69.66,C,No,No,Master's,Low,8,18.4
S2967,Noah,Lee,student1967@university.com,Female,24,Mathematics,63.62,37.11,57.44,66.72,84.02,59.23,71.35,62.65,D,Yes,No,Master's,Medium,6,16.9
S2968,Emma,Lee,student1968@university.com,Male,20,Physics,95.18,51.73,36.22,75.91,41.22,73.33,57.12,55.92,D,Yes,No,High School,Low,8,14.9
S2969,Emma,Khan,student1969@university.com,Male,22,Engineering,92.28,39.32,64.17,94.99,95.28,46.6,37.8,63.03,D,No,No,High School,Medium,8,4.5
S2970,Ali,Khan,student1970@university.com,Female,24,Business,86.31,57.36,46.18,74.91,87.41,55.83,58.6,63.38,D,Yes,No,Master's,Low,1,5.0
S2971,Ali,Smith,student1971@university.com,Male,20,Physics,66.24,69.26,81.73,62.05,32.83,59.53,96.78,67.03,C,Yes,Yes,Bachelor's,Low,10,7.8
S2972,Emma,Jones,student1972@university.com,Female,18,Business,92.9,98.43,98.17,61.25,96.52,53.91,76.73,80.83,B,No,No,High School,Medium,8,11.9
S2973,Sara,Jones,student1973@university.com,Male,23,Engineering,66.98,42.38,52.22,73.93,42.72,30.39,51.21,48.81,F,No,No,Bachelor's,High,5,2.2
S2974,Ayesha,Taylor,student1974@university.com,Female,20,Physics,67.7,96.82,95.72,48.73,79.62,57.28,99.34,79.58,B,Yes,No,Master's,Medium,5,14.9
S2975,Noah,Williams,student1975@university.com,Male,18,Business,78.88,98.35,82.29,36.95,50.19,75.44,69.01,68.7,C,No,Yes,High School,High,10,3.1
S2976,Omar,Khan,student1976@university.com,Female,22,Engineering,64.52,57.96,52.36,98.31,46.22,94.28,47.38,66.08,C,Yes,Yes,Master's,High,8,5.4
S2977,Sara,Brown,student1977@university.com,Male,21,Computer Science,98.58,85.89,69.46,53.17,80.4,93.54,41.31,70.63,C,No,Yes,High School,Medium,6,15.1
S2978,Noah,Wilson,student1978@university.com,Female,25,Engineering,61.42,31.2,62.6,98.27,49.85,69.83,40.13,58.65,D,No,Yes,High School,Medium,6,11.4
S2979,Ayesha,Williams,student1979@university.com,Female,24,Physics,95.91,79.79,42.0,96.57,93.57,72.57,86.83,78.55,B,Yes,Yes,Bachelor's,High,1,9.3
S2980,Maria,Lee,student1980@university.com,Female,18,Computer Science,86.84,74.46,53.98,77.4,99.7,63.34,37.64,67.75,C,No,No,Master's,Low,9,15.7
S2981,John,Williams,student1981@university.com,Male,20,Engineering,98.02,74.34,63.38,51.64,32.95,48.12,87.43,59.64,D,No,Yes,Master's,High,10,10.0
S2982,Omar,Khan,student1982@university.com,Male,22,Mathematics,89.13,35.71,55.51,76.49,78.11,91.68,95.95,72.24,C,No,Yes,High School,Medium,0,7.5
S2983,Emma,Ahmed,student1983@university.com,Female,23,Computer Science,67.74,83.88,64.89,77.71,86.37,61.34,75.38,74.93,C,Yes,Yes,High School,Low,3,10.9
S2984,Omar,Clark,student1984@university.com,Female,20,Computer Science,68.62,76.48,98.1,82.44,79.2,42.07,78.92,76.2,B,No,Yes,Bachelor's,Low,7,11.8
S2985,Emma,Khan,student1985@university.com,Female,23,Physics,97.35,40.11,48.17,66.59,98.96,90.58,73.52,69.65,C,No,No,High School,High,7,6.5
S2986,Ahmed,Khan,student1986@university.com,Male,19,Physics,82.29,60.89,75.33,32.26,59.97,47.02,34.36,51.64,D,No,No,High School,Low,9,14.8
S2987,Omar,Brown,student1987@university.com,Male,22,Engineering,79.3,94.19,53.33,36.03,44.25,66.23,45.52,56.59,D,Yes,No,Bachelor's,Medium,0,15.0
S2988,Noah,Ahmed,student1988@university.com,Female,23,Physics,81.86,82.49,87.54,74.08,39.66,81.48,84.3,74.92,C,No,Yes,Master's,High,6,5.8
S2989,Liam,Ahmed,student1989@university.com,Female,19,Physics,91.34,63.79,95.45,66.0,47.93,36.61,39.21,58.16,D,No,No,High School,Low,3,1.5
S2990,Ahmed,Taylor,student1990@university.com,Female,18,Business,99.39,98.27,86.98,59.55,94.98,99.45,40.59,79.97,B,Yes,No,Bachelor's,High,3,17.6
S2991,Liam,Taylor,student1991@university.com,Female,22,Business,68.65,51.96,61.55,30.91,84.23,40.27,59.69,54.77,D,Yes,Yes,Master's,Low,5,16.1
S2992,Emma,Wilson,student1992@university.com,Male,25,Business,79.76,86.41,49.36,50.44,46.95,70.79,40.12,57.34,D,Yes,Yes,High School,Medium,0,1.6
S2993,Omar,Wilson,student1993@university.com,Female,25,Computer Science,71.49,76.06,44.91,76.65,70.15,95.45,33.08,66.05,C,Yes,No,Master's,Low,1,3.9
S2994,Ali,Ahmed,student1994@university.com,Male,19,Engineering,90.43,37.9,49.52,62.94,33.48,45.88,53.56,47.21,F,No,No,High School,High,6,14.7
S2995,John,Clark,student1995@university.com,Female,25,Mathematics,85.97,96.95,46.68,45.66,98.38,44.18,54.1,64.33,D,No,No,High School,High,9,9.3
S2996,Sara,Jones,student1996@university.com,Female,21,Physics,66.41,95.77,94.49,59.04,97.34,71.48,75.54,82.28,B,No,Yes,High School,Medium,1,19.3
S2997,Ahmed,Clark,student1997@university.com,Female,20,Mathematics,78.69,90.69,40.23,86.03,42.22,64.3,63.95,64.57,D,No,Yes,Bachelor's,Low,7,9.4
S2998,Ahmed,Lee,student1998@university.com,Female,22,Physics,85.45,54.76,41.15,70.67,95.11,95.22,71.89,71.47,C,Yes,Yes,Bachelor's,High,1,1.8
S2999,Sara,Khan,student1999@university.com,Female,24,Physics,75.88,68.77,83.06,59.29,91.26,84.45,81.84,78.11,B,No,Yes,Master's,High,9,6.4
S3000,Maria,Brown,student2000@university.com,Female,21,Mathematics,93.23,38.01,46.66,45.72,87.7,55.42,84.93,59.74,D,Yes,No,Bachelor's,Low,9,8.9
S3001,Omar,Khan,student2001@university.com,Male,25,Business,74.34,98.93,74.74,61.43,39.79,47.09,56.08,63.01,D,No,No,Bachelor's,Low,6,18.0
S3002,Emma,Brown,student2002@university.com,Male,21,Computer Science,93.7,92.75,52.99,79.25,78.26,49.55,91.57,74.06,C,Yes,No,Bachelor's,Low,1,6.5
S3003,Emma,Taylor,student2003@university.com,Female,23,Engineering,80.34,79.43,89.13,79.78,33.95,46.6,30.48,59.9,D,Yes,No,Master's,High,0,12.8
S3004,Emma,Lee,student2004@university.com,Male,23,Computer Science,78.76,58.04,49.74,48.36,52.89,65.95,84.64,59.94,D,Yes,No,Master's,High,8,17.3
S3005,Emma,Taylor,student2005@university.com,Male,24,Physics,96.65,65.81,30.65,96.75,94.31,95.53,69.37,75.4,B,Yes,No,Bachelor's,Medium,1,5.6
S3006,Noah,Clark,student2006@university.com,Female,19,Mathematics,66.37,55.46,47.52,96.55,37.05,87.53,57.87,63.66,D,No,No,Master's,High,10,19.4
S3007,Maria,Smith,student2007@university.com,Male,21,Physics,61.39,69.93,94.8,53.16,60.41,72.35,35.12,64.3,D,No,No,Master's,Low,8,3.3
S3008,Emma,Khan,student2008@university.com,Male,25,Mathematics,68.18,87.33,60.69,57.2,39.78,90.15,79.32,69.08,C,Yes,Yes,Bachelor's,Low,3,14.2
S3009,Emma,Lee,student2009@university.com,Female,20,Mathematics,69.56,84.0,51.07,85.25,72.21,62.61,43.52,66.44,C,No,Yes,High School,Low,4,15.8
S3010,Maria,Jones,student2010@university.com,Female,21,Physics,70.27,87.76,57.32,47.97,94.46,31.32,45.25,60.68,D,No,No,High School,Medium,6,2.0
S3011,Omar,Clark,student2011@university.com,Female,24,Business,87.73,49.29,59.47,86.49,91.57,57.24,46.55,65.1,C,Yes,Yes,High School,Low,9,11.2
S3012,John,Jones,student2012@university.com,Male,25,Business,78.82,42.26,32.89,34.79,78.8,57.18,94.29,56.7,D,No,No,Master's,Medium,7,14.5
S3013,Ali,Khan,student2013@university.com,Female,18,Computer Science,97.07,38.48,60.66,63.74,65.41,58.98,79.07,61.06,D,No,No,High School,High,6,15.4
S3014,Ali,Jones,student2014@university.com,Female,18,Computer Science,81.9,46.22,99.27,45.84,65.24,96.66,62.99,69.37,C,Yes,Yes,Master's,High,10,3.8
S3015,Ahmed,Williams,student2015@university.com,Male,19,Computer Science,64.93,95.42,39.14,59.26,76.74,92.36,99.26,77.03,B,No,Yes,High School,Low,1,5.7
S3016,Noah,Khan,student2016@university.com,Male,25,Computer Science,65.34,81.07,59.36,44.22,57.17,96.0,39.45,62.88,D,No,Yes,Bachelor's,Medium,4,20.0
S3017,Ayesha,Jones,student2017@university.com,Male,19,Computer Science,63.26,46.28,47.21,62.09,76.25,91.54,34.83,59.7,D,Yes,No,High School,Low,3,2.0
S3018,Emma,Smith,student2018@university.com,Male,20,Physics,91.19,42.36,39.23,48.16,39.78,47.92,36.8,42.38,F,Yes,Yes,Master's,Medium,1,16.3
S3019,Maria,Clark,student2019@university.com,Female,21,Computer Science,99.74,40.94,30.18,41.0,75.24,61.57,40.27,48.2,F,No,No,High School,High,3,19.2
S3020,Maria,Smith,student2020@university.com,Female,22,Business,83.27,87.29,31.27,95.23,98.81,58.22,83.38,75.7,B,No,Yes,Bachelor's,High,7,17.3
S3021,Omar,Brown,student2021@university.com,Female,22,Computer Science,72.17,70.74,67.98,33.08,32.87,48.38,92.42,57.58,D,No,No,High School,Low,4,16.7
S3022,Ayesha,Smith,student2022@university.com,Male,25,Business,83.48,69.17,90.93,71.87,57.63,97.21,95.9,80.45,B,Yes,No,Master's,Medium,3,10.6
S3023,Ayesha,Brown,student2023@university.com,Female,19,Engineering,76.59,58.54,99.21,36.48,52.31,63.62,54.88,60.84,D,No,Yes,High School,Medium,2,2.4
S3024,John,Wilson,student2024@university.com,Male,18,Business,72.44,44.14,76.69,53.66,35.49,78.51,39.02,54.59,D,No,Yes,Bachelor's,High,3,14.0
S3025,Ayesha,Wilson,student2025@university.com,Female,18,Mathematics,74.99,53.19,34.97,85.24,62.89,74.54,96.06,67.81,C,Yes,Yes,High School,High,8,11.3
S3026,Liam,Clark,student2026@university.com,Male,24,Engineering,60.25,91.57,96.57,36.57,70.94,46.18,30.59,62.07,D,No,Yes,Master's,High,0,7.6
S3027,Liam,Williams,student2027@university.com,Male,22,Business,64.07,92.0,68.68,55.98,90.73,71.32,98.61,79.55,B,Yes,No,Master's,High,10,5.5
S3028,Noah,Wilson,student2028@university.com,Male,21,Business,81.74,59.83,46.69,59.49,90.38,98.76,36.18,65.22,C,No,No,High School,Medium,8,11.5
S3029,Ayesha,Williams,student2029@university.com,Male,25,Business,88.43,96.04,57.04,78.56,30.53,91.75,79.71,72.27,C,No,Yes,Bachelor's,Low,9,7.2
S3030,Ahmed,Brown,student2030@university.com,Male,25,Computer Science,66.49,76.92,99.4,59.22,61.43,99.76,65.74,77.08,B,No,Yes,Bachelor's,Low,4,16.8
S3031,Ahmed,Jones,student2031@university.com,Male,18,Engineering,94.24,71.13,85.74,60.29,75.24,76.08,77.25,74.29,C,Yes,No,Bachelor's,High,10,2.3
S3032,Ahmed,Lee,student2032@university.com,Male,25,Physics,72.21,39.62,44.65,77.07,43.49,52.31,82.68,56.64,D,Yes,No,Master's,High,3,12.9
S3033,Liam,Taylor,student2033@university.com,Female,20,Engineering,99.85,86.74,95.14,46.95,43.73,80.64,32.69,64.31,D,No,Yes,Master's,Medium,10,15.2
S3034,Maria,Khan,student2034@university.com,Male,20,Mathematics,97.16,43.75,94.33,77.47,63.17,58.27,89.85,71.14,C,No,No,Bachelor's,Medium,9,12.5
S3035,Ahmed,Williams,student2035@university.com,Male,21,Physics,85.88,79.14,45.57,31.52,61.88,94.34,33.25,57.62,D,No,No,Master's,Medium,10,2.3
S3036,John,Wilson,student2036@university.com,Female,21,Physics,63.9,75.43,86.35,43.54,79.59,80.78,36.88,67.09,C,Yes,No,High School,Low,3,17.2
S3037,Liam,Clark,student2037@university.com,Male,19,Physics,82.14,31.79,31.35,98.41,65.03,60.86,46.45,55.65,D,Yes,No,Bachelor's,Medium,3,9.3
S3038,John,Taylor,student2038@university.com,Female,20,Mathematics,63.55,44.76,32.62,30.3,32.55,83.86,70.83,49.15,F,Yes,No,Master's,Medium,1,7.2
S3039,Maria,Wilson,student2039@university.com,Female,25,Computer Science,72.68,48.29,40.87,66.84,86.82,31.21,52.37,54.4,D,No,No,Bachelor's,High,1,14.6
S3040,Ahmed,Smith,student2040@university.com,Female,21,Computer Science,81.41,32.06,69.7,59.79,57.62,77.23,34.9,55.22,D,Yes,No,Master's,High,5,4.4
S3041,Maria,Lee,student2041@university.com,Female,24,Engineering,93.64,93.47,63.34,90.38,79.87,80.4,59.86,77.89,B,No,No,High School,High,10,6.0
S3042,Omar,Williams,student2042@university.com,Female,22,Physics,60.66,90.05,85.05,82.82,99.58,86.51,36.12,80.02,B,Yes,Yes,High School,Low,10,19.8
S3043,Liam,Jones,student2043@university.com,Female,18,Physics,66.78,61.6,86.85,75.27,41.86,86.21,37.22,64.83,D,No,Yes,Bachelor's,High,10,9.5
S3044,Liam,Clark,student2044@university.com,Male,22,Engineering,97.85,67.43,92.18,77.13,57.03,39.51,48.21,63.58,D,Yes,No,Bachelor's,Medium,4,15.6
S3045,Noah,Brown,student2045@university.com,Female,18,Engineering,78.65,44.72,78.88,97.9,93.87,88.67,82.74,81.13,B,No,Yes,Bachelor's,Low,4,6.7
S3046,John,Clark,student2046@university.com,Female,21,Business,92.72,54.65,85.85,63.53,51.77,56.37,60.9,62.18,D,No,Yes,Bachelor's,Medium,1,6.9
S3047,Noah,Williams,student2047@university.com,Female,24,Engineering,91.18,66.32,41.03,39.4,66.21,82.47,30.55,54.33,D,Yes,Yes,High School,Low,0,18.3
S3048,John,Smith,student2048@university.com,Female,20,Mathematics,62.85,78.22,83.36,80.52,39.5,56.43,33.64,61.94,D,Yes,No,High School,High,9,13.3
S3049,Noah,Williams,student2049@university.com,Male,21,Mathematics,81.61,52.72,48.71,34.23,73.56,62.97,97.08,61.54,D,No,Yes,Bachelor's,High,5,10.3
S3050,Ayesha,Taylor,student2050@university.com,Female,24,Mathematics,64.67,34.17,70.41,52.68,66.44,37.18,62.1,53.83,D,No,Yes,Master's,Low,5,7.9
S3051,Ali,Ahmed,student2051@university.com,Male,21,Computer Science,63.27,60.54,88.55,93.08,63.14,34.33,88.92,71.43,C,Yes,No,Bachelor's,Low,6,6.2
S3052,Liam,Clark,student2052@university.com,Female,25,Mathematics,65.38,61.2,98.21,50.69,62.79,69.9,73.56,69.39,C,Yes,Yes,High School,High,10,10.3
S3053,Ali,Wilson,student2053@university.com,Female,23,Mathematics,74.82,64.64,80.5,41.35,94.68,79.18,69.25,71.6,C,Yes,No,Master's,Medium,3,17.3
S3054,Sara,Wilson,student2054@university.com,Male,25,Engineering,70.18,81.91,68.26,99.14,74.09,51.12,88.52,77.17,B,Yes,No,Bachelor's,Medium,4,3.0
S3055,John,Khan,student2055@university.com,Female,24,Physics,62.2,54.59,83.1,77.03,92.7,87.38,93.16,81.33,B,Yes,Yes,High School,High,7,3.2
S3056,Omar,Ahmed,student2056@university.com,Female,19,Mathematics,62.88,81.63,49.56,64.38,97.73,90.05,91.0,79.06,B,No,No,Bachelor's,Low,8,6.2
S3057,John,Brown,student2057@university.com,Male,19,Physics,78.0,85.66,89.25,56.74,82.11,60.74,68.56,73.84,C,No,Yes,High School,Medium,7,13.0
S3058,Liam,Wilson,student2058@university.com,Male,18,Computer Science,70.66,46.24,35.06,63.13,73.82,74.24,39.71,55.37,D,Yes,No,High School,Medium,9,12.5
S3059,Noah,Williams,student2059@university.com,Male,18,Engineering,80.43,49.78,54.58,67.72,32.02,76.68,82.9,60.61,D,No,Yes,Bachelor's,Medium,4,16.9
S3060,Omar,Khan,student2060@university.com,Male,20,Engineering,88.56,63.99,89.45,34.88,54.62,69.27,30.3,57.09,D,Yes,Yes,Bachelor's,Low,6,8.2
S3061,Ayesha,Brown,student2061@university.com,Male,19,Physics,72.85,81.95,32.39,82.36,38.32,72.28,94.39,66.95,C,Yes,No,Bachelor's,Medium,9,16.9
S3062,Omar,Smith,student2062@university.com,Male,19,Physics,65.72,62.25,52.73,36.95,49.21,90.1,87.66,63.15,D,Yes,No,Master's,Medium,8,17.0
S3063,Sara,Brown,student2063@university.com,Female,18,Mathematics,71.11,79.65,91.28,39.04,84.46,38.43,79.16,68.67,C,No,Yes,High School,Medium,6,18.7
S3064,John,Ahmed,student2064@university.com,Female,25,Engineering,76.58,99.21,79.01,73.88,67.19,32.62,41.02,65.49,C,No,No,High School,High,5,10.5
S3065,Noah,Wilson,student2065@university.com,Male,20,Mathematics,99.47,82.35,85.61,68.53,48.98,80.6,47.17,68.87,C,Yes,No,Master's,Medium,4,8.0
S3066,Ayesha,Ahmed,student2066@university.com,Male,21,Physics,83.89,92.79,98.47,93.76,79.94,57.09,60.11,80.36,B,No,Yes,High School,High,10,9.1
S3067,Liam,Taylor,student2067@university.com,Male,19,Physics,85.84,76.96,68.05,80.61,67.97,97.93,85.3,79.47,B,Yes,No,Master's,Medium,1,17.1
S3068,Ayesha,Smith,student2068@university.com,Female,25,Physics,63.52,83.85,44.34,86.88,78.88,71.47,93.82,76.54,B,No,Yes,Master's,Medium,8,5.0
S3069,Sara,Brown,student2069@university.com,Female,18,Computer Science,66.44,71.62,62.38,99.82,48.42,63.5,80.93,71.11,C,Yes,Yes,Bachelor's,Low,9,4.7
S3070,John,Taylor,student2070@university.com,Male,18,Physics,90.19,88.39,34.59,35.17,31.33,57.58,99.51,57.76,D,No,No,Master's,Medium,1,7.9
S3071,Noah,Ahmed,student2071@university.com,Male,21,Business,62.27,46.52,49.1,56.53,82.03,70.28,82.35,64.47,D,Yes,No,Master's,Low,8,9.5
S3072,Ahmed,Clark,student2072@university.com,Female,18,Computer Science,90.87,51.69,80.02,98.61,55.15,50.43,47.91,63.97,D,Yes,No,Bachelor's,Medium,8,4.2
S3073,Noah,Ahmed,student2073@university.com,Male,25,Physics,65.45,56.65,32.48,84.3,42.9,63.8,66.25,57.73,D,No,Yes,High School,Low,5,9.8
S3074,Emma,Taylor,student2074@university.com,Male,20,Computer Science,83.3,35.21,72.95,92.74,36.51,58.73,88.67,64.14,D,No,No,Master's,Medium,1,19.8
S3075,Ali,Smith,student2075@university.com,Female,19,Physics,99.92,66.77,67.02,90.79,63.87,90.21,98.07,79.45,B,Yes,No,Master's,High,10,8.4
S3076,Omar,Smith,student2076@university.com,Female,25,Business,92.39,73.56,38.62,52.49,59.76,43.0,39.37,51.13,D,Yes,Yes,High School,Low,4,17.9
S3077,Ahmed,Taylor,student2077@university.com,Male,19,Mathematics,69.48,30.94,63.7,44.14,43.65,72.23,86.36,56.84,D,Yes,Yes,High School,High,9,14.6
S3078,John,Taylor,student2078@university.com,Female,25,Physics,89.64,84.61,74.79,55.33,50.55,47.23,46.71,59.87,D,No,Yes,High School,High,9,10.6
S3079,Ali,Jones,student2079@university.com,Female,20,Computer Science,88.97,67.7,56.68,65.55,59.67,77.38,45.97,62.16,D,No,Yes,Bachelor's,Medium,3,13.1
S3080,Noah,Ahmed,student2080@university.com,Male,23,Business,86.77,91.8,86.16,92.53,46.2,43.37,94.77,75.8,B,No,No,Bachelor's,High,10,12.4
S3081,Noah,Brown,student2081@university.com,Male,25,Mathematics,94.95,68.27,99.91,56.28,88.29,83.92,96.88,82.26,B,No,No,Master's,Medium,8,10.2
S3082,Ayesha,Lee,student2082@university.com,Male,25,Business,92.86,72.45,45.98,45.32,47.09,70.43,88.64,61.65,D,Yes,No,Bachelor's,Medium,3,15.8
S3083,Maria,Jones,student2083@university.com,Female,23,Computer Science,96.74,61.74,97.18,78.77,92.88,78.16,73.48,80.37,B,Yes,Yes,High School,Medium,0,8.9
S3084,Emma,Jones,student2084@university.com,Male,24,Mathematics,85.71,95.6,68.72,84.0,31.36,72.2,57.45,68.22,C,Yes,No,Master's,Medium,0,8.0
S3085,Ali,Williams,student2085@university.com,Female,20,Business,79.02,94.56,30.63,68.37,84.15,68.29,42.48,64.75,D,No,No,Master's,Medium,9,11.4
S3086,Liam,Ahmed,student2086@university.com,Female,24,Engineering,81.57,91.95,46.64,98.86,49.74,77.64,39.26,67.35,C,Yes,No,High School,High,9,14.6
S3087,Liam,Smith,student2087@university.com,Male,18,Engineering,91.53,45.66,54.99,57.35,32.98,61.21,72.0,54.03,D,Yes,Yes,Bachelor's,High,5,19.3
S3088,Omar,Williams,student2088@university.com,Female,25,Engineering,78.14,91.62,94.68,86.43,33.33,67.08,95.26,78.07,B,Yes,Yes,Master's,Low,8,5.2
S3089,Noah,Taylor,student2089@university.com,Female,18,Mathematics,86.76,85.99,86.87,40.76,58.7,60.95,45.4,63.11,D,Yes,Yes,Master's,Low,8,1.4
S3090,Omar,Khan,student2090@university.com,Male,24,Computer Science,82.65,61.52,49.96,66.15,95.67,76.62,63.09,68.83,C,Yes,No,Master's,Low,6,17.7
S3091,Emma,Williams,student2091@university.com,Female,24,Business,72.82,79.57,30.31,88.64,60.11,42.06,34.47,55.86,D,No,Yes,High School,Low,3,18.8
S3092,John,Clark,student2092@university.com,Female,21,Engineering,86.37,61.55,76.07,33.86,31.22,89.47,64.55,59.45,D,No,No,Bachelor's,Low,1,7.6
S3093,Ayesha,Clark,student2093@university.com,Female,25,Engineering,89.87,72.16,62.73,48.55,84.91,43.19,63.94,62.58,D,Yes,No,Bachelor's,Medium,3,7.5
S3094,Liam,Khan,student2094@university.com,Female,20,Business,96.11,32.63,46.67,79.19,57.47,41.27,60.63,52.98,D,No,No,High School,Medium,5,2.5
S3095,Ayesha,Wilson,student2095@university.com,Female,22,Computer Science,67.63,88.7,35.13,67.16,96.76,38.17,95.33,70.21,C,No,No,Master's,Medium,4,3.1
S3096,Ahmed,Clark,student2096@university.com,Male,19,Business,66.83,30.23,79.18,37.68,67.32,89.7,95.73,66.64,C,No,Yes,High School,High,1,16.2
S3097,Ayesha,Williams,student2097@university.com,Male,25,Computer Science,67.29,92.32,49.45,76.95,99.25,32.45,58.8,68.2,C,No,No,Master's,Low,6,12.1
S3098,Sara,Smith,student2098@university.com,Male,19,Physics,79.14,40.1,49.99,76.84,49.15,66.51,62.17,57.46,D,No,Yes,High School,Medium,8,16.4
S3099,Ahmed,Taylor,student2099@university.com,Male,21,Engineering,70.72,37.61,80.65,91.47,55.4,99.86,88.72,75.62,B,No,Yes,High School,Medium,5,14.6
S3100,Ali,Clark,student2100@university.com,Female,19,Engineering,97.3,74.16,73.32,51.43,83.82,50.1,41.04,62.31,D,Yes,No,Master's,Low,7,15.8
S3101,Noah,Taylor,student2101@university.com,Male,21,Engineering,82.59,35.66,72.73,78.84,77.2,96.39,66.71,71.25,C,No,Yes,High School,High,8,4.7
S3102,Ali,Smith,student2102@university.com,Male,23,Mathematics,93.77,77.84,72.89,57.66,87.44,41.67,42.02,63.25,D,Yes,Yes,Master's,Medium,7,19.8
S3103,Noah,Wilson,student2103@university.com,Female,24,Business,69.89,80.81,88.75,69.44,90.84,50.98,82.0,77.14,B,No,Yes,High School,Low,0,17.2
S3104,Sara,Williams,student2104@university.com,Male,25,Engineering,78.24,90.49,83.83,40.21,42.86,87.65,34.6,63.27,D,No,No,Master's,Low,5,14.7
S3105,Omar,Khan,student2105@university.com,Male,23,Computer Science,62.97,48.33,70.33,37.31,84.42,61.21,47.96,58.26,D,No,Yes,Bachelor's,Low,4,12.9
S3106,Omar,Brown,student2106@university.com,Female,21,Engineering,85.77,98.03,84.37,65.97,40.01,60.08,37.36,64.3,D,No,Yes,High School,Low,2,3.5
S3107,John,Wilson,student2107@university.com,Male,24,Mathematics,87.07,72.53,96.81,84.7,57.7,62.79,87.72,77.04,B,Yes,No,Bachelor's,High,5,7.9
S3108,Maria,Wilson,student2108@university.com,Female,18,Engineering,73.59,82.88,49.15,31.42,49.26,54.47,44.21,51.9,D,No,Yes,Bachelor's,High,6,15.1
S3109,Noah,Khan,student2109@university.com,Female,19,Physics,85.89,53.86,41.51,87.72,69.27,89.0,65.71,67.84,C,No,No,Bachelor's,Medium,4,4.7
S3110,Maria,Ahmed,student2110@university.com,Female,24,Physics,82.9,80.35,69.01,92.78,86.75,42.1,96.25,77.87,B,No,Yes,Master's,High,8,7.2
S3111,John,Wilson,student2111@university.com,Male,22,Physics,81.28,43.03,65.74,38.14,79.38,34.86,46.01,51.19,D,No,Yes,Master's,High,2,3.7
S3112,Sara,Ahmed,student2112@university.com,Female,21,Computer Science,91.8,63.35,32.04,96.86,58.66,67.45,42.15,60.09,D,No,Yes,Master's,Medium,9,2.6
S3113,Ayesha,Clark,student2113@university.com,Male,23,Computer Science,95.17,34.64,32.89,46.39,50.2,42.43,37.21,40.63,F,Yes,Yes,High School,Medium,0,4.3
S3114,John,Williams,student2114@university.com,Female,18,Computer Science,62.96,32.23,81.71,49.51,65.76,89.84,67.29,64.39,D,Yes,Yes,Master's,Medium,5,6.9
S3115,Emma,Ahmed,student2115@university.com,Male,18,Business,71.73,87.13,81.72,98.73,42.13,79.94,87.22,79.48,B,No,No,Bachelor's,Medium,6,16.1
S3116,Noah,Smith,student2116@university.com,Male,21,Mathematics,95.6,69.75,97.59,60.17,86.44,50.64,84.39,74.83,C,No,Yes,Master's,High,3,1.4
S3117,Omar,Clark,student2117@university.com,Male,21,Engineering,89.35,41.47,79.09,61.56,41.54,78.14,82.06,63.98,D,Yes,Yes,Bachelor's,Medium,10,16.5
S3118,Ahmed,Khan,student2118@university.com,Male,23,Computer Science,84.5,47.27,86.2,50.87,59.77,76.03,72.76,65.48,C,No,Yes,Bachelor's,Low,9,15.7
S3119,Omar,Clark,student2119@university.com,Female,25,Mathematics,90.46,56.61,83.71,71.56,50.63,77.82,49.03,64.89,D,Yes,No,Bachelor's,Low,3,12.4
S3120,Liam,Smith,student2120@university.com,Female,19,Mathematics,75.25,36.06,33.43,43.08,36.46,54.62,55.5,43.19,F,Yes,No,Master's,Medium,9,10.9
S3121,Ayesha,Brown,student2121@university.com,Male,23,Physics,77.76,68.7,51.65,64.06,78.52,46.25,78.64,64.64,D,Yes,Yes,Master's,High,10,11.6
S3122,Omar,Smith,student2122@university.com,Male,21,Computer Science,84.71,39.71,37.33,59.46,32.48,92.59,61.06,53.77,D,Yes,No,Bachelor's,Low,0,8.3
S3123,Emma,Smith,student2123@university.com,Male,24,Physics,91.01,94.81,73.88,32.13,55.73,92.86,45.2,65.77,C,Yes,No,High School,High,7,7.8
S3124,Liam,Wilson,student2124@university.com,Male,24,Physics,72.46,98.71,62.44,61.07,44.92,81.46,84.51,72.18,C,No,Yes,Bachelor's,High,5,7.2
S3125,John,Jones,student2125@university.com,Male,25,Mathematics,91.05,35.67,78.0,96.66,42.83,31.66,52.85,56.28,D,Yes,No,Master's,High,6,9.4
S3126,Emma,Wilson,student2126@university.com,Female,19,Business,84.38,77.43,85.24,76.73,33.81,60.83,46.7,63.46,D,No,No,Master's,Low,9,15.8
S3127,Noah,Williams,student2127@university.com,Female,23,Business,79.65,81.0,43.43,69.74,76.82,52.06,63.77,64.47,D,Yes,No,Master's,Low,1,5.9
S3128,Ahmed,Brown,student2128@university.com,Male,18,Physics,71.95,95.07,59.31,48.68,70.92,32.1,46.82,58.82,D,No,No,Master's,Medium,0,17.8
S3129,John,Taylor,student2129@university.com,Male,20,Computer Science,61.98,32.12,82.24,77.59,78.27,52.86,59.14,63.7,D,No,No,High School,Low,1,6.2
S3130,Ahmed,Wilson,student2130@university.com,Male,19,Physics,70.86,53.08,44.13,98.19,67.39,61.64,52.89,62.89,D,Yes,No,Bachelor's,High,1,7.8
S3131,Liam,Brown,student2131@university.com,Male,23,Business,90.88,97.51,46.94,41.83,57.63,58.11,52.99,59.17,D,Yes,No,Master's,Medium,10,18.3
S3132,Ali,Brown,student2132@university.com,Male,22,Engineering,90.59,93.28,84.98,63.46,96.38,68.86,81.52,81.41,B,No,No,High School,Medium,2,6.9
S3133,Ayesha,Smith,student2133@university.com,Male,20,Engineering,92.17,71.01,38.16,76.14,30.85,91.68,85.82,65.61,C,Yes,No,Master's,High,7,13.6
S3134,Liam,Taylor,student2134@university.com,Male,21,Mathematics,71.29,45.02,85.88,86.5,53.28,48.79,35.65,59.19,D,No,No,Master's,Medium,6,15.7
S3135,Maria,Taylor,student2135@university.com,Male,23,Mathematics,99.47,73.35,31.81,48.78,43.35,77.68,61.27,56.04,D,Yes,Yes,Master's,Medium,10,2.9
S3136,John,Smith,student2136@university.com,Female,24,Engineering,84.94,94.88,60.34,81.32,73.93,93.0,42.8,74.38,C,No,No,Master's,High,2,10.7
S3137,Ayesha,Wilson,student2137@university.com,Female,22,Engineering,83.1,59.67,96.72,92.59,80.1,51.38,49.73,71.7,C,No,No,High School,High,6,19.4
S3138,Ayesha,Williams,student2138@university.com,Male,23,Mathematics,85.51,79.72,96.83,46.61,36.74,97.32,56.8,69.0,C,No,Yes,High School,High,1,6.0
S3139,Ayesha,Ahmed,student2139@university.com,Female,24,Business,91.58,50.3,43.79,69.56,96.68,84.11,84.48,71.49,C,Yes,No,High School,Medium,8,6.0
S3140,Ali,Wilson,student2140@university.com,Male,24,Business,75.23,38.44,60.72,94.8,51.8,87.5,65.76,66.5,C,Yes,Yes,High School,High,10,16.5
S3141,Ayesha,Williams,student2141@university.com,Male,23,Engineering,73.85,76.78,78.73,73.34,82.39,57.55,82.02,75.14,B,Yes,No,High School,Low,3,8.8
S3142,Omar,Clark,student2142@university.com,Female,21,Engineering,70.39,58.65,31.64,94.88,42.16,98.83,92.56,69.79,C,No,No,Master's,High,1,12.4
S3143,Emma,Ahmed,student2143@university.com,Female,24,Business,92.62,91.31,37.38,89.03,51.44,39.36,48.78,59.55,D,Yes,No,High School,High,9,9.4
S3144,Ahmed,Khan,student2144@university.com,Male,25,Mathematics,67.99,67.25,47.73,59.09,55.82,77.83,41.82,58.26,D,Yes,Yes,High School,Medium,10,6.9
S3145,Maria,Wilson,student2145@university.com,Male,21,Computer Science,91.34,66.36,97.77,68.8,89.01,46.66,91.74,76.72,B,Yes,Yes,High School,Low,10,18.5
S3146,Ayesha,Williams,student2146@university.com,Male,18,Mathematics,63.24,49.32,52.34,51.97,41.56,82.35,49.45,54.5,D,No,Yes,Master's,High,5,4.8
S3147,Ayesha,Jones,student2147@university.com,Female,19,Engineering,97.45,50.1,77.0,65.33,51.41,91.52,56.63,65.33,C,Yes,No,Bachelor's,Low,10,17.4
S3148,Omar,Khan,student2148@university.com,Female,20,Engineering,71.63,50.32,44.32,75.93,72.54,94.8,32.44,61.73,D,Yes,No,Master's,Low,7,18.6
S3149,John,Khan,student2149@university.com,Male,22,Computer Science,76.26,70.25,54.98,64.27,95.12,81.59,97.12,77.22,B,No,Yes,High School,Medium,10,9.0
S3150,Ayesha,Jones,student2150@university.com,Female,23,Engineering,99.34,77.78,54.51,66.08,85.06,48.32,59.59,65.22,C,No,Yes,High School,Medium,8,17.5
S3151,John,Wilson,student2151@university.com,Female,21,Mathematics,61.47,55.05,71.28,78.85,42.58,98.62,41.25,64.61,D,No,Yes,High School,Low,9,8.7
S3152,Ahmed,Williams,student2152@university.com,Female,19,Physics,85.07,59.02,93.22,93.96,75.37,59.93,46.65,71.36,C,Yes,No,Master's,Medium,1,10.4
S3153,Sara,Ahmed,student2153@university.com,Male,22,Computer Science,68.68,46.33,62.25,76.46,98.7,32.91,55.58,62.04,D,Yes,No,Master's,Low,5,18.7
S3154,Ahmed,Smith,student2154@university.com,Female,20,Business,67.08,53.86,75.98,52.95,61.85,61.7,45.38,58.62,D,Yes,Yes,High School,Medium,8,9.9
S3155,Sara,Wilson,student2155@university.com,Male,25,Business,60.77,43.04,78.58,98.12,33.36,43.47,31.76,54.72,D,Yes,No,High School,Low,4,7.0
S3156,Noah,Wilson,student2156@university.com,Female,22,Physics,77.68,69.22,72.39,88.16,70.77,71.23,64.4,72.7,C,Yes,No,Bachelor's,Low,2,15.0
S3157,Maria,Lee,student2157@university.com,Female,19,Computer Science,67.96,95.67,94.87,89.52,97.17,87.42,37.65,83.72,B,No,No,Master's,Medium,9,11.8
S3158,Emma,Jones,student2158@university.com,Male,24,Computer Science,85.07,49.46,37.66,42.88,70.04,77.28,57.32,55.77,D,Yes,No,Master's,Medium,7,4.9
S3159,Liam,Taylor,student2159@university.com,Female,21,Engineering,90.63,47.88,58.38,55.43,89.83,40.22,88.55,63.38,D,No,No,Bachelor's,Low,10,19.6
S3160,Ahmed,Taylor,student2160@university.com,Female,18,Physics,68.25,61.98,73.57,36.01,77.16,62.57,63.49,62.46,D,Yes,Yes,High School,Medium,9,10.8
S3161,Sara,Williams,student2161@university.com,Female,22,Business,62.98,38.99,95.94,90.85,90.99,71.45,53.24,73.58,C,No,No,Bachelor's,Medium,5,12.3
S3162,Omar,Khan,student2162@university.com,Female,23,Computer Science,67.53,50.58,80.57,96.8,53.99,52.51,41.84,62.71,D,Yes,No,High School,Low,1,11.4
S3163,Noah,Brown,student2163@university.com,Female,20,Business,93.58,32.96,71.82,30.33,57.86,87.44,67.63,58.01,D,Yes,Yes,Master's,High,4,13.1
S3164,John,Khan,student2164@university.com,Male,22,Computer Science,78.94,63.71,49.01,36.49,92.89,41.14,90.67,62.32,D,Yes,No,High School,Medium,10,6.7
S3165,Noah,Khan,student2165@university.com,Male,18,Computer Science,91.39,53.12,80.75,60.76,82.15,61.84,89.77,71.4,C,Yes,No,Master's,High,7,16.7
S3166,Emma,Wilson,student2166@university.com,Male,24,Business,76.19,94.49,42.33,90.33,85.98,90.65,49.82,75.6,B,No,Yes,High School,High,2,7.7
S3167,Ayesha,Wilson,student2167@university.com,Female,22,Mathematics,66.46,68.22,70.76,89.3,38.85,98.67,40.52,67.72,C,Yes,No,Bachelor's,High,7,19.5
S3168,Maria,Khan,student2168@university.com,Female,18,Physics,95.19,83.13,57.59,61.89,40.29,75.31,55.97,62.36,D,No,No,Master's,Low,3,6.9
S3169,Noah,Smith,student2169@university.com,Male,25,Physics,66.9,35.43,88.59,90.69,46.21,76.41,86.43,70.63,C,Yes,No,Bachelor's,High,8,16.0
S3170,Omar,Smith,student2170@university.com,Female,23,Physics,70.75,93.2,43.26,73.36,34.76,87.72,67.69,66.66,C,No,Yes,Bachelor's,Medium,7,5.4
S3171,Omar,Wilson,student2171@university.com,Female,19,Computer Science,96.63,85.11,47.17,70.09,82.74,90.7,57.44,72.21,C,Yes,Yes,Master's,Low,8,7.3
S3172,John,Smith,student2172@university.com,Male,22,Computer Science,68.57,94.36,60.87,75.21,93.36,47.51,45.88,69.53,C,No,No,Master's,Medium,8,4.4
S3173,Omar,Jones,student2173@university.com,Male,19,Computer Science,70.58,30.3,65.55,97.53,73.71,81.32,92.38,73.46,C,Yes,Yes,High School,Medium,0,16.1
S3174,Ahmed,Taylor,student2174@university.com,Female,24,Engineering,83.77,60.11,68.01,49.11,80.51,71.18,93.54,70.41,C,No,Yes,Master's,Medium,9,10.6
S3175,Ali,Taylor,student2175@university.com,Female,25,Computer Science,63.83,88.11,76.68,53.01,46.83,83.64,80.16,71.4,C,Yes,Yes,Master's,High,10,17.1
S3176,Maria,Wilson,student2176@university.com,Male,18,Engineering,75.44,50.94,92.19,59.57,91.36,94.18,30.78,69.84,C,No,Yes,Master's,Low,2,15.8
S3177,Liam,Wilson,student2177@university.com,Female,22,Mathematics,66.42,61.85,33.22,65.28,98.18,47.71,66.17,62.07,D,Yes,No,Bachelor's,High,6,17.9
S3178,Sara,Clark,student2178@university.com,Male,22,Business,72.4,50.01,31.18,53.04,75.9,66.22,77.7,59.01,D,Yes,No,High School,Medium,5,4.1
S3179,Sara,Smith,student2179@university.com,Male,21,Mathematics,71.84,70.62,88.48,89.26,52.44,74.31,70.76,74.31,C,Yes,Yes,Bachelor's,High,6,4.4
S3180,Ayesha,Taylor,student2180@university.com,Female,20,Mathematics,60.79,97.71,66.05,71.22,33.62,71.46,68.55,68.1,C,Yes,No,Bachelor's,High,10,7.7
S3181,Ayesha,Taylor,student2181@university.com,Female,19,Computer Science,92.91,77.69,36.73,59.98,47.63,31.67,54.23,51.32,D,No,Yes,Master's,Low,2,9.2
S3182,Sara,Jones,student2182@university.com,Male,18,Computer Science,66.75,37.73,39.7,69.0,54.52,95.07,44.66,56.78,D,Yes,Yes,High School,Medium,2,6.1
S3183,John,Smith,student2183@university.com,Female,20,Business,70.61,74.78,88.19,38.94,91.01,71.05,33.46,66.24,C,No,No,Bachelor's,Low,10,13.6
S3184,John,Williams,student2184@university.com,Male,18,Engineering,83.59,77.34,42.76,72.44,87.37,92.53,49.52,70.33,C,Yes,Yes,High School,High,0,8.5
S3185,Ali,Jones,student2185@university.com,Male,18,Business,89.23,37.13,53.93,71.48,42.77,96.02,34.05,55.9,D,Yes,Yes,Bachelor's,High,10,3.3
S3186,Emma,Ahmed,student2186@university.com,Male,18,Physics,77.61,44.16,68.93,57.08,49.43,42.56,53.55,52.62,D,Yes,Yes,Bachelor's,High,7,19.4
S3187,John,Wilson,student2187@university.com,Male,24,Computer Science,79.79,92.32,40.23,55.81,42.68,59.93,34.78,54.29,D,No,No,High School,Low,8,3.3
S3188,Sara,Taylor,student2188@university.com,Female,20,Engineering,68.67,83.18,89.8,77.09,51.51,94.54,95.45,81.93,B,Yes,No,Bachelor's,Medium,5,18.3
S3189,John,Brown,student2189@university.com,Female,21,Mathematics,62.26,86.33,75.49,70.42,80.22,69.06,30.12,68.61,C,Yes,Yes,High School,Low,1,8.2
S3190,Maria,Williams,student2190@university.com,Female,22,Mathematics,97.41,88.6,67.81,69.23,57.65,63.52,76.84,70.61,C,Yes,Yes,Master's,Medium,7,11.7
S3191,Noah,Williams,student2191@university.com,Male,18,Mathematics,92.35,91.79,51.48,62.95,85.07,94.09,88.78,79.03,B,Yes,No,High School,High,8,19.6
S3192,Noah,Lee,student2192@university.com,Male,21,Computer Science,84.94,52.55,75.74,72.22,56.14,54.58,83.93,65.86,C,No,Yes,Bachelor's,Medium,8,19.6
S3193,Sara,Smith,student2193@university.com,Female,18,Physics,76.35,46.08,76.46,94.96,88.03,62.76,81.69,75.0,B,Yes,No,Bachelor's,Low,9,11.8
S3194,Liam,Taylor,student2194@university.com,Male,22,Business,69.42,71.39,86.34,84.66,30.59,32.8,71.68,62.91,D,No,Yes,Master's,Low,3,16.4
S3195,Ayesha,Brown,student2195@university.com,Female,20,Mathematics,85.15,92.75,75.48,75.2,97.01,37.1,95.23,78.8,B,No,No,Bachelor's,Low,9,19.9
S3196,Omar,Jones,student2196@university.com,Female,23,Computer Science,83.71,59.61,74.66,35.03,46.44,97.32,91.49,67.42,C,No,Yes,Master's,Medium,1,3.7
S3197,Maria,Wilson,student2197@university.com,Male,22,Business,66.14,58.56,60.67,52.43,61.95,78.47,55.4,61.25,D,Yes,Yes,Master's,Medium,0,12.6
S3198,Ayesha,Clark,student2198@university.com,Female,18,Mathematics,89.53,34.03,54.86,37.2,98.05,41.58,99.72,60.91,D,No,No,High School,High,6,2.7
S3199,Omar,Clark,student2199@university.com,Male,22,Computer Science,89.32,32.06,34.25,49.83,44.45,71.14,88.2,53.32,D,No,Yes,High School,High,1,10.3
S3200,Liam,Clark,student2200@university.com,Female,19,Mathematics,63.69,56.27,71.21,36.88,97.72,71.2,65.87,66.52,C,Yes,Yes,Master's,High,2,10.8
S3201,Noah,Lee,student2201@university.com,Female,20,Mathematics,79.34,90.32,53.22,64.89,58.16,83.35,39.71,64.94,D,Yes,Yes,Master's,High,3,8.4
S3202,Ali,Wilson,student2202@university.com,Male,19,Engineering,94.61,61.29,78.09,76.97,61.54,99.24,90.4,77.92,B,Yes,Yes,Master's,Low,10,7.7
S3203,Liam,Taylor,student2203@university.com,Female,24,Computer Science,69.33,46.86,85.49,60.16,55.76,30.57,77.81,59.44,D,Yes,Yes,High School,Low,9,19.2
S3204,Noah,Lee,student2204@university.com,Female,21,Engineering,78.24,46.07,91.25,69.32,78.74,34.27,99.49,69.86,C,No,No,High School,Low,9,14.8
S3205,Ayesha,Taylor,student2205@university.com,Female,25,Mathematics,62.58,43.58,33.39,62.51,64.43,41.35,76.21,53.58,D,Yes,Yes,High School,Medium,4,16.8
S3206,Noah,Khan,student2206@university.com,Female,22,Computer Science,61.63,52.99,97.8,38.69,78.83,85.56,64.99,69.81,C,No,Yes,Master's,Medium,2,16.2
S3207,Omar,Williams,student2207@university.com,Female,20,Computer Science,80.98,33.69,98.63,94.08,95.8,60.19,78.87,76.88,B,Yes,No,Bachelor's,Medium,3,19.3
S3208,Noah,Taylor,student2208@university.com,Female,19,Mathematics,66.89,71.94,59.8,48.0,71.78,77.51,69.31,66.39,C,Yes,Yes,Bachelor's,Low,3,5.1
S3209,Liam,Clark,student2209@university.com,Female,20,Computer Science,92.95,33.72,99.81,95.81,83.13,34.49,56.17,67.19,C,Yes,No,Master's,Medium,7,3.1
S3210,Maria,Smith,student2210@university.com,Male,18,Computer Science,82.94,53.19,75.01,61.6,34.59,97.88,98.33,70.1,C,No,No,High School,High,9,15.6
S3211,Maria,Williams,student2211@university.com,Male,23,Mathematics,93.85,64.57,82.86,99.16,52.82,93.38,68.42,76.87,B,Yes,No,Master's,High,6,3.3
S3212,Ali,Jones,student2212@university.com,Female,18,Physics,90.74,91.37,49.68,93.82,55.94,32.32,96.8,69.99,C,No,Yes,Master's,High,2,15.3
S3213,Ahmed,Smith,student2213@university.com,Male,25,Physics,99.8,34.03,42.73,64.79,69.77,42.99,79.91,55.7,D,Yes,Yes,High School,High,0,4.8
S3214,Ahmed,Williams,student2214@university.com,Female,24,Computer Science,75.23,59.73,79.82,67.61,55.58,61.41,35.85,60.0,D,No,Yes,Bachelor's,Low,4,16.8
S3215,Sara,Khan,student2215@university.com,Male,23,Business,90.56,50.41,74.09,53.2,68.82,34.95,36.84,53.05,D,No,Yes,Master's,Medium,5,12.7
S3216,John,Taylor,student2216@university.com,Male,19,Computer Science,97.77,94.75,99.61,96.18,68.9,83.9,58.8,83.69,B,Yes,No,Master's,Low,5,5.8
S3217,Ayesha,Khan,student2217@university.com,Female,18,Physics,81.91,53.32,45.03,52.0,51.27,38.36,49.17,48.19,F,Yes,Yes,Bachelor's,Low,1,3.5
S3218,Ali,Williams,student2218@university.com,Male,21,Computer Science,82.26,97.64,64.26,67.37,38.94,68.85,43.05,63.35,D,No,No,Bachelor's,High,9,12.1
S3219,Omar,Lee,student2219@university.com,Male,18,Business,92.75,35.89,34.97,58.45,48.62,91.98,34.23,50.69,D,No,No,Master's,Low,4,12.0
S3220,Omar,Clark,student2220@university.com,Male,21,Computer Science,95.28,80.94,64.0,77.41,63.2,72.16,92.13,74.97,C,No,Yes,High School,Low,8,18.6
S3221,Sara,Taylor,student2221@university.com,Female,22,Business,72.01,48.34,96.72,87.49,95.55,92.2,53.27,78.93,B,Yes,Yes,High School,Low,10,18.3
S3222,Emma,Jones,student2222@university.com,Male,19,Computer Science,88.3,58.17,76.43,83.68,96.73,67.35,58.81,73.53,C,Yes,Yes,Master's,High,8,2.0
S3223,Ayesha,Ahmed,student2223@university.com,Male,25,Computer Science,77.19,45.1,72.27,47.81,70.74,30.54,54.22,53.45,D,No,No,Master's,Medium,5,6.4
S3224,John,Smith,student2224@university.com,Male,24,Engineering,94.51,82.3,57.56,50.6,43.25,46.07,46.0,54.3,D,Yes,No,Master's,High,7,13.3
S3225,Emma,Ahmed,student2225@university.com,Female,23,Computer Science,95.52,93.35,75.61,77.54,69.03,35.89,76.07,71.25,C,No,No,High School,Medium,7,5.2
S3226,Ayesha,Brown,student2226@university.com,Male,24,Computer Science,65.84,50.92,65.05,55.64,41.8,97.25,40.05,58.45,D,Yes,Yes,Master's,Medium,10,16.9
S3227,Maria,Jones,student2227@university.com,Male,24,Engineering,88.4,32.46,66.93,46.14,54.05,80.62,41.77,53.66,D,No,Yes,Bachelor's,Medium,6,2.1
S3228,John,Jones,student2228@university.com,Female,22,Computer Science,79.54,65.44,55.89,99.74,31.81,66.51,67.6,64.5,D,Yes,Yes,Master's,Medium,8,14.3
S3229,Noah,Ahmed,student2229@university.com,Male,18,Business,77.11,54.69,68.29,73.68,72.21,41.92,81.6,65.4,C,Yes,Yes,Bachelor's,High,0,11.7
S3230,Emma,Smith,student2230@university.com,Female,21,Mathematics,62.98,98.0,95.56,69.18,97.78,36.99,94.83,82.06,B,Yes,No,Bachelor's,Low,9,8.4
S3231,John,Lee,student2231@university.com,Female,19,Computer Science,79.33,76.45,76.9,54.06,97.49,77.78,44.39,71.18,C,Yes,Yes,High School,High,3,11.8
S3232,Ayesha,Ahmed,student2232@university.com,Female,19,Business,71.46,40.59,58.66,83.82,97.46,97.43,96.56,79.09,B,No,No,Bachelor's,Low,5,9.3
S3233,Ali,Williams,student2233@university.com,Female,22,Computer Science,69.03,34.38,72.28,74.62,34.83,55.82,63.15,55.85,D,Yes,Yes,Master's,High,9,19.4
S3234,Emma,Ahmed,student2234@university.com,Female,24,Computer Science,87.28,74.97,83.08,68.04,37.85,53.83,89.28,67.84,C,No,Yes,High School,High,1,17.8
S3235,Noah,Taylor,student2235@university.com,Female,22,Mathematics,71.52,73.27,58.9,52.8,96.4,95.73,87.8,77.48,B,No,Yes,Master's,Low,3,19.8
S3236,Liam,Taylor,student2236@university.com,Male,24,Mathematics,65.52,61.04,65.83,95.34,76.24,31.05,83.75,68.88,C,Yes,No,Master's,Medium,1,9.2
S3237,Ayesha,Brown,student2237@university.com,Female,24,Engineering,78.8,39.62,91.05,69.47,65.22,96.2,56.34,69.65,C,No,No,Bachelor's,Low,8,19.0
S3238,Maria,Jones,student2238@university.com,Male,19,Engineering,70.09,89.88,71.35,80.84,30.21,77.88,45.39,65.92,C,Yes,Yes,High School,High,0,10.0
S3239,John,Wilson,student2239@university.com,Female,20,Computer Science,71.08,35.32,88.77,35.39,52.91,58.54,50.46,53.56,D,Yes,No,Master's,Low,4,18.8
S3240,Noah,Smith,student2240@university.com,Female,18,Mathematics,99.05,93.64,34.55,82.46,36.95,92.33,53.5,65.57,C,Yes,No,Bachelor's,High,2,15.5
S3241,Noah,Lee,student2241@university.com,Male,18,Physics,73.19,56.43,33.51,31.47,35.23,97.64,54.39,51.44,D,Yes,Yes,High School,Medium,7,6.5
S3242,Emma,Brown,student2242@university.com,Male,18,Physics,67.14,51.27,39.77,63.42,94.17,80.16,64.45,65.54,C,No,Yes,Master's,Medium,0,19.3
S3243,Liam,Jones,student2243@university.com,Male,18,Computer Science,78.85,95.9,35.83,58.56,30.62,72.46,88.06,63.57,D,No,No,Bachelor's,High,4,4.2
S3244,Emma,Williams,student2244@university.com,Female,20,Mathematics,68.3,57.54,64.92,74.49,68.86,57.08,93.58,69.41,C,No,Yes,Master's,High,4,8.6
S3245,Ayesha,Smith,student2245@university.com,Female,20,Engineering,60.97,64.04,41.25,75.36,79.75,39.2,56.44,59.34,D,No,Yes,High School,High,1,10.4
S3246,Ayesha,Lee,student2246@university.com,Female,18,Engineering,96.33,47.26,70.54,77.74,89.22,92.87,33.96,68.6,C,No,No,Bachelor's,Medium,0,6.5
S3247,Ahmed,Brown,student2247@university.com,Female,18,Computer Science,91.22,85.34,30.12,49.89,83.77,83.87,89.5,70.42,C,No,No,Master's,Low,9,15.0
S3248,Ali,Smith,student2248@university.com,Female,22,Mathematics,85.77,57.39,32.33,57.68,98.09,69.58,40.67,59.29,D,Yes,Yes,Bachelor's,High,8,18.1
S3249,Omar,Brown,student2249@university.com,Female,20,Mathematics,84.77,80.53,83.6,60.18,74.65,99.19,93.74,81.98,B,Yes,No,Bachelor's,High,3,11.7
S3250,Sara,Brown,student2250@university.com,Male,23,Engineering,65.46,94.41,85.03,40.63,87.64,41.28,77.58,71.09,C,Yes,No,Master's,High,6,4.0
S3251,Ahmed,Lee,student2251@university.com,Female,18,Computer Science,89.43,41.84,61.94,76.15,97.3,68.94,83.2,71.56,C,Yes,Yes,Master's,Medium,8,4.4
S3252,Ahmed,Jones,student2252@university.com,Female,18,Mathematics,93.55,62.06,47.44,42.22,43.88,30.1,54.03,46.62,F,Yes,Yes,High School,Medium,6,3.1
S3253,Ali,Wilson,student2253@university.com,Male,22,Engineering,85.96,82.28,55.08,76.43,74.07,72.06,80.73,73.44,C,Yes,Yes,Master's,High,9,9.8
S3254,Ahmed,Jones,student2254@university.com,Female,20,Computer Science,94.05,52.28,68.11,71.51,83.5,88.65,59.21,70.54,C,Yes,No,Bachelor's,High,9,10.4
S3255,Ali,Brown,student2255@university.com,Female,18,Engineering,88.3,78.95,88.15,67.1,70.91,60.61,85.85,75.26,B,Yes,No,Master's,Medium,8,17.9
S3256,Omar,Lee,student2256@university.com,Female,22,Mathematics,82.23,94.04,99.65,33.59,44.45,73.3,69.03,69.01,C,Yes,No,Master's,Low,7,5.5
S3257,Emma,Lee,student2257@university.com,Male,19,Physics,77.8,53.25,46.57,62.3,34.99,46.48,76.03,53.27,D,No,No,High School,Low,8,6.1
S3258,Ayesha,Smith,student2258@university.com,Female,20,Computer Science,87.29,34.86,30.05,67.49,94.12,67.4,63.09,59.5,D,Yes,Yes,Master's,Medium,1,11.8
S3259,Omar,Smith,student2259@university.com,Female,20,Mathematics,63.57,43.36,61.17,66.06,41.64,82.9,35.45,55.1,D,Yes,Yes,Master's,High,6,9.0
S3260,John,Smith,student2260@university.com,Female,22,Computer Science,95.35,42.57,34.31,62.73,48.86,72.21,78.35,56.5,D,No,Yes,Master's,High,8,12.2
S3261,Sara,Jones,student2261@university.com,Male,25,Computer Science,76.93,64.29,65.43,58.62,45.6,43.92,60.83,56.45,D,No,No,Master's,High,7,11.8
S3262,Noah,Lee,student2262@university.com,Female,24,Computer Science,95.33,56.2,70.89,59.58,30.94,75.56,94.57,64.62,D,Yes,No,Master's,Low,7,5.7
S3263,Omar,Lee,student2263@university.com,Male,22,Computer Science,61.94,79.15,93.46,32.89,78.81,52.02,39.13,62.58,D,No,Yes,Master's,Medium,6,18.6
S3264,Noah,Wilson,student2264@university.com,Male,25,Mathematics,95.35,99.22,57.94,57.22,41.25,35.36,93.04,64.01,D,No,No,Master's,High,10,10.0
S3265,John,Taylor,student2265@university.com,Male,24,Physics,91.21,84.83,54.71,44.26,34.21,84.01,91.84,65.64,C,No,Yes,High School,High,4,7.8
S3266,Maria,Brown,student2266@university.com,Female,23,Mathematics,87.39,77.99,48.44,97.22,77.58,76.79,54.32,72.06,C,No,Yes,Master's,Low,7,18.7
S3267,Sara,Brown,student2267@university.com,Female,23,Physics,96.13,90.06,90.26,54.09,33.92,85.14,41.13,65.77,C,Yes,Yes,Bachelor's,Medium,9,1.6
S3268,Ali,Williams,student2268@university.com,Male,18,Computer Science,64.91,87.77,87.34,93.97,30.05,95.44,92.96,81.26,B,No,Yes,High School,High,4,11.1
S3269,Liam,Brown,student2269@university.com,Female,21,Business,83.74,48.77,94.03,95.33,97.26,62.17,62.47,76.67,B,No,No,Bachelor's,Medium,1,7.0
S3270,Maria,Brown,student2270@university.com,Male,25,Engineering,76.35,95.31,39.63,54.61,59.41,42.87,67.37,59.87,D,Yes,No,Master's,Low,5,18.4
S3271,Ayesha,Ahmed,student2271@university.com,Female,20,Computer Science,62.55,48.02,66.8,62.07,89.98,95.82,88.43,75.19,B,No,Yes,Master's,Medium,4,8.3
S3272,Ali,Clark,student2272@university.com,Female,24,Business,92.21,51.12,48.64,97.66,75.02,56.95,68.7,66.35,C,Yes,No,Bachelor's,High,2,7.2
S3273,Ayesha,Wilson,student2273@university.com,Female,21,Physics,99.56,69.51,56.61,47.21,33.71,77.04,78.35,60.41,D,No,No,High School,Medium,2,16.4
S3274,Ahmed,Williams,student2274@university.com,Female,19,Physics,72.37,59.63,81.56,40.95,85.93,63.08,84.8,69.33,C,Yes,Yes,Master's,High,9,18.1
S3275,John,Smith,student2275@university.com,Female,24,Physics,88.53,74.67,99.8,70.57,35.96,40.7,87.39,68.18,C,Yes,No,High School,Low,4,16.2
S3276,Noah,Khan,student2276@university.com,Male,25,Computer Science,69.26,87.72,43.34,53.37,98.09,71.22,85.51,73.21,C,No,Yes,High School,High,8,12.3
S3277,Liam,Wilson,student2277@university.com,Female,20,Engineering,60.96,84.31,83.33,75.53,70.52,45.94,73.74,72.23,C,Yes,No,Bachelor's,High,7,11.9
S3278,Liam,Wilson,student2278@university.com,Female,23,Physics,79.14,32.21,33.73,64.77,33.59,75.35,61.42,50.18,D,No,Yes,Master's,Medium,5,14.1
S3279,Maria,Taylor,student2279@university.com,Female,23,Physics,68.62,77.13,39.18,99.85,47.47,82.94,80.69,71.21,C,No,No,High School,High,10,6.1
S3280,Maria,Ahmed,student2280@university.com,Female,20,Business,67.39,74.76,84.64,30.19,60.96,95.42,91.14,72.85,C,Yes,No,High School,High,8,16.9
S3281,John,Clark,student2281@university.com,Male,23,Engineering,96.63,42.79,87.37,31.78,31.66,95.76,42.92,55.38,D,Yes,No,Bachelor's,Low,9,6.2
S3282,Sara,Jones,student2282@university.com,Male,19,Business,96.02,86.13,91.36,93.34,75.61,33.76,96.08,79.38,B,Yes,Yes,High School,Low,9,17.5
S3283,Emma,Williams,student2283@university.com,Female,25,Engineering,97.03,33.29,56.66,69.49,86.81,36.36,39.03,53.61,D,Yes,Yes,High School,High,7,4.2
S3284,Maria,Brown,student2284@university.com,Female,21,Business,83.68,98.04,34.42,74.47,68.27,69.22,82.3,71.12,C,Yes,No,Master's,High,5,14.0
S3285,Ali,Clark,student2285@university.com,Male,22,Physics,66.34,72.42,42.34,92.41,31.65,88.51,79.58,67.82,C,Yes,Yes,High School,Medium,10,8.3
S3286,Maria,Taylor,student2286@university.com,Male,22,Engineering,70.49,60.0,83.43,99.69,78.83,47.01,91.96,76.82,B,No,Yes,High School,High,8,5.1
S3287,Liam,Khan,student2287@university.com,Male,18,Computer Science,73.1,46.49,36.83,94.75,37.74,39.41,78.06,55.55,D,No,No,Master's,Low,5,3.1
S3288,Maria,Wilson,student2288@university.com,Female,25,Mathematics,92.49,50.14,40.97,82.9,96.25,99.02,45.54,69.14,C,No,No,High School,Low,8,5.9
S3289,Sara,Brown,student2289@university.com,Male,23,Business,81.39,63.58,56.71,59.37,58.08,69.14,64.45,61.89,D,Yes,No,Master's,Medium,4,17.0
S3290,Noah,Khan,student2290@university.com,Male,18,Computer Science,85.34,34.84,93.77,95.85,77.95,93.62,74.27,78.38,B,Yes,Yes,Master's,Medium,7,17.6
S3291,Ali,Ahmed,student2291@university.com,Male,23,Business,70.32,87.34,67.0,37.99,30.38,98.5,76.06,66.21,C,No,No,Master's,Medium,10,14.7
S3292,Liam,Smith,student2292@university.com,Female,24,Business,70.55,98.91,59.02,37.06,87.64,61.09,58.73,67.08,C,Yes,No,High School,High,8,8.4
S3293,John,Smith,student2293@university.com,Male,18,Physics,66.16,57.64,74.41,90.61,88.06,52.76,79.45,73.82,C,Yes,Yes,Bachelor's,Medium,7,16.3
S3294,Noah,Lee,student2294@university.com,Male,23,Mathematics,87.07,86.4,48.6,62.32,89.65,98.26,68.41,75.61,B,Yes,No,High School,Low,8,5.6
S3295,Maria,Ahmed,student2295@university.com,Female,25,Computer Science,85.96,56.05,39.8,58.51,67.97,54.73,69.08,57.69,D,No,No,Bachelor's,High,4,1.4
S3296,Omar,Wilson,student2296@university.com,Female,23,Physics,97.71,57.46,57.76,67.4,68.69,83.62,65.35,66.71,C,No,Yes,High School,High,1,10.4
S3297,Ahmed,Clark,student2297@university.com,Male,18,Engineering,60.71,87.67,90.63,78.0,69.46,30.53,71.93,71.37,C,No,Yes,Bachelor's,Medium,4,10.4
S3298,Liam,Ahmed,student2298@university.com,Male,23,Business,64.71,49.51,34.79,81.97,65.63,71.69,43.06,57.77,D,No,No,Master's,Low,0,17.8
S3299,Ali,Ahmed,student2299@university.com,Male,21,Mathematics,83.45,82.98,43.59,69.96,44.25,61.7,54.38,59.48,D,Yes,Yes,Master's,Medium,3,5.2
S3300,John,Taylor,student2300@university.com,Male,19,Mathematics,98.48,98.84,92.71,71.99,51.91,79.76,93.48,81.45,B,No,No,Bachelor's,Low,3,11.9
S3301,Sara,Ahmed,student2301@university.com,Male,20,Physics,71.73,36.49,37.25,49.33,43.11,34.95,49.95,41.85,F,No,Yes,Master's,Low,6,13.4
S3302,Noah,Ahmed,student2302@university.com,Male,23,Engineering,68.97,81.3,62.04,68.69,76.05,89.19,81.15,76.4,B,Yes,Yes,Bachelor's,Medium,10,15.7
S3303,John,Lee,student2303@university.com,Female,20,Business,78.07,65.13,99.62,89.76,92.08,61.92,75.41,80.65,B,No,Yes,Bachelor's,Medium,8,9.8
S3304,Ahmed,Lee,student2304@university.com,Male,24,Mathematics,86.97,42.62,53.08,83.37,61.38,87.32,90.46,69.7,C,Yes,Yes,Bachelor's,High,0,10.8
S3305,Maria,Taylor,student2305@university.com,Female,24,Physics,96.09,96.66,61.17,47.77,84.39,35.86,84.16,68.33,C,No,No,Bachelor's,Low,9,14.9
S3306,John,Jones,student2306@university.com,Female,23,Engineering,65.54,75.78,78.43,35.02,73.22,90.59,42.07,65.85,C,No,No,High School,Medium,4,13.8
S3307,Omar,Wilson,student2307@university.com,Female,21,Business,91.31,68.22,78.41,93.26,47.51,42.55,68.71,66.44,C,Yes,No,High School,Low,8,2.7
S3308,Noah,Brown,student2308@university.com,Male,20,Engineering,92.65,83.47,82.44,43.3,51.13,78.96,74.68,69.0,C,Yes,No,Master's,High,5,9.7
S3309,Emma,Wilson,student2309@university.com,Female,22,Physics,72.21,92.2,87.26,47.81,85.04,85.78,66.78,77.48,B,No,Yes,Master's,Medium,8,1.3
S3310,Emma,Clark,student2310@university.com,Male,25,Mathematics,92.63,41.47,63.47,62.19,57.62,43.02,74.11,56.98,D,Yes,No,High School,Low,5,5.2
S3311,John,Khan,student2311@university.com,Male,22,Mathematics,76.38,95.25,98.59,70.63,51.64,31.69,78.33,71.02,C,Yes,No,Bachelor's,Medium,1,15.5
S3312,Ali,Jones,student2312@university.com,Male,19,Computer Science,89.73,32.71,81.24,52.1,53.8,93.83,67.98,63.61,D,Yes,No,Master's,Medium,4,11.6
S3313,Emma,Ahmed,student2313@university.com,Male,18,Physics,71.83,89.49,77.56,88.15,81.41,96.18,56.78,81.6,B,Yes,No,Master's,High,1,16.8
S3314,Ali,Taylor,student2314@university.com,Male,23,Business,83.78,47.2,69.64,62.39,37.32,41.41,36.39,49.06,F,Yes,No,Master's,Medium,7,13.4
S3315,Ahmed,Clark,student2315@university.com,Female,25,Physics,88.99,64.45,49.04,45.69,45.81,90.97,86.21,63.7,D,Yes,No,Bachelor's,High,1,16.9
S3316,Ahmed,Clark,student2316@university.com,Female,21,Engineering,79.35,89.33,38.06,81.5,95.33,47.23,92.02,73.91,C,Yes,Yes,High School,High,9,2.3
S3317,John,Lee,student2317@university.com,Male,22,Business,81.39,50.79,94.95,94.98,61.7,62.12,52.82,69.56,C,No,No,Master's,High,8,14.9
S3318,Ali,Clark,student2318@university.com,Female,20,Computer Science,99.41,74.35,96.36,63.85,32.69,77.21,87.91,72.06,C,Yes,No,Bachelor's,Low,1,19.9
S3319,Omar,Williams,student2319@university.com,Male,25,Physics,75.68,55.85,89.74,94.6,55.32,45.42,45.15,64.35,D,No,No,Bachelor's,Medium,1,11.6
S3320,Noah,Smith,student2320@university.com,Male,21,Business,75.84,43.71,86.68,66.89,59.22,46.46,64.54,61.25,D,No,Yes,High School,Low,1,12.2
S3321,Maria,Khan,student2321@university.com,Male,22,Mathematics,72.45,40.48,62.66,95.12,98.03,94.71,70.44,76.91,B,Yes,No,High School,High,9,15.7
S3322,Emma,Williams,student2322@university.com,Female,19,Engineering,64.69,59.9,54.86,91.07,80.47,75.44,93.17,75.82,B,No,Yes,Bachelor's,High,3,5.1
S3323,Maria,Khan,student2323@university.com,Female,21,Engineering,71.77,61.61,65.25,50.12,87.69,35.86,77.33,62.98,D,No,Yes,High School,Medium,7,3.2
S3324,Ayesha,Smith,student2324@university.com,Male,25,Engineering,80.51,75.0,81.13,51.11,83.59,73.94,99.66,77.41,B,Yes,Yes,Bachelor's,High,1,11.8
S3325,John,Wilson,student2325@university.com,Female,23,Computer Science,88.55,85.47,53.71,98.52,96.43,93.3,50.63,79.68,B,Yes,Yes,Master's,Low,5,11.2
S3326,Liam,Wilson,student2326@university.com,Female,25,Mathematics,82.58,74.21,61.59,96.21,72.59,72.41,75.83,75.47,B,Yes,Yes,Bachelor's,Low,4,9.5
S3327,Maria,Wilson,student2327@university.com,Female,20,Physics,91.4,62.45,34.64,64.41,65.47,47.46,44.78,53.2,D,Yes,No,Master's,Low,0,11.0
S3328,Omar,Clark,student2328@university.com,Male,20,Physics,85.0,51.59,99.82,39.12,54.94,80.65,62.85,64.83,D,Yes,Yes,High School,Medium,2,8.5
S3329,Sara,Taylor,student2329@university.com,Male,25,Computer Science,72.23,49.47,74.35,55.65,33.48,54.29,30.45,49.62,F,No,Yes,High School,Low,1,18.3
S3330,Ahmed,Smith,student2330@university.com,Female,18,Engineering,99.31,83.53,94.81,55.07,82.71,94.16,98.68,84.83,B,No,Yes,Master's,Low,3,11.9
S3331,John,Khan,student2331@university.com,Female,24,Mathematics,95.8,72.03,66.81,92.75,86.46,81.74,41.16,73.49,C,Yes,Yes,Master's,Medium,7,18.6
S3332,Ayesha,Taylor,student2332@university.com,Female,19,Business,80.11,31.55,43.41,52.51,80.38,87.98,88.25,64.01,D,Yes,Yes,Master's,Low,1,5.4
S3333,Sara,Smith,student2333@university.com,Male,23,Engineering,80.83,76.93,98.56,97.42,85.0,85.24,60.57,83.95,B,No,Yes,Bachelor's,Medium,10,7.0
S3334,Noah,Taylor,student2334@university.com,Female,23,Computer Science,94.73,91.89,37.08,48.63,80.47,61.48,77.71,66.21,C,Yes,No,Master's,High,5,1.3
S3335,Ayesha,Clark,student2335@university.com,Female,20,Computer Science,79.29,56.59,46.09,55.21,39.97,77.51,73.38,58.12,D,No,Yes,High School,High,4,14.6
S3336,Omar,Smith,student2336@university.com,Female,24,Business,98.85,40.01,89.97,83.91,85.12,85.26,81.27,77.59,B,Yes,No,Master's,Low,7,5.8
S3337,Maria,Smith,student2337@university.com,Male,23,Mathematics,65.29,54.91,73.99,41.92,68.72,53.16,73.85,61.09,D,Yes,Yes,High School,Medium,9,1.8
S3338,Ahmed,Taylor,student2338@university.com,Male,23,Engineering,92.24,57.5,85.25,57.57,79.4,68.98,86.18,72.48,C,No,Yes,Master's,Medium,9,3.2
S3339,Noah,Wilson,student2339@university.com,Male,21,Engineering,78.18,38.79,42.23,78.99,45.59,95.35,52.5,58.91,D,Yes,No,Master's,Medium,1,13.1
S3340,Ayesha,Brown,student2340@university.com,Male,20,Engineering,77.78,46.09,96.63,87.92,96.83,34.93,72.77,72.53,C,Yes,Yes,Master's,Medium,1,16.3
S3341,John,Lee,student2341@university.com,Female,19,Engineering,94.1,72.37,57.07,59.34,52.56,49.65,77.86,61.48,D,Yes,Yes,Bachelor's,Low,0,13.0
S3342,Noah,Taylor,student2342@university.com,Female,23,Engineering,64.04,47.99,60.69,80.49,91.54,53.33,77.15,68.53,C,Yes,No,Bachelor's,Medium,0,13.4
S3343,Noah,Lee,student2343@university.com,Female,24,Mathematics,75.51,58.62,52.58,90.0,53.44,43.86,75.79,62.38,D,No,No,High School,High,4,16.3
S3344,John,Jones,student2344@university.com,Male,18,Mathematics,74.88,71.09,82.24,64.5,38.21,80.28,79.71,69.34,C,Yes,No,Bachelor's,Low,2,8.7
S3345,Sara,Smith,student2345@university.com,Female,20,Business,73.82,46.23,54.92,87.37,52.83,72.45,97.31,68.52,C,No,Yes,Master's,High,2,14.7
S3346,Ahmed,Clark,student2346@university.com,Female,25,Engineering,99.6,63.23,76.4,81.05,59.86,89.29,34.01,67.31,C,No,Yes,High School,Low,0,9.4
S3347,Ali,Khan,student2347@university.com,Male,19,Mathematics,60.21,80.67,91.41,57.02,79.76,70.81,55.94,72.6,C,Yes,No,High School,Medium,2,5.0
S3348,Ayesha,Smith,student2348@university.com,Male,20,Computer Science,76.27,54.62,46.26,81.58,37.73,84.41,85.33,64.99,D,Yes,No,Bachelor's,Low,6,18.5
S3349,Ahmed,Williams,student2349@university.com,Male,25,Computer Science,68.85,30.77,69.76,44.25,47.34,55.22,79.86,54.53,D,Yes,No,High School,High,6,18.5
S3350,Ayesha,Wilson,student2350@university.com,Male,25,Business,60.18,31.46,50.15,37.11,68.55,87.45,43.39,53.02,D,No,Yes,Master's,High,7,13.0
S3351,John,Khan,student2351@university.com,Female,19,Physics,78.77,42.39,54.25,42.23,54.83,66.1,61.84,53.61,D,Yes,Yes,High School,Medium,0,8.7
S3352,Liam,Wilson,student2352@university.com,Male,22,Business,95.96,91.73,59.28,99.15,93.59,33.63,82.68,76.68,B,No,Yes,Bachelor's,Medium,2,15.3
S3353,Ayesha,Taylor,student2353@university.com,Female,21,Computer Science,84.6,42.73,99.98,97.12,60.29,86.38,84.54,78.51,B,Yes,Yes,Master's,Low,7,13.6
S3354,Noah,Brown,student2354@university.com,Male,20,Computer Science,80.58,57.96,56.33,30.56,49.67,47.51,96.56,56.43,D,Yes,No,Master's,Medium,0,12.2
S3355,Ali,Wilson,student2355@university.com,Male,22,Physics,86.88,62.73,95.05,47.53,91.01,62.76,92.63,75.28,B,No,No,Bachelor's,Medium,7,18.6
S3356,John,Ahmed,student2356@university.com,Female,21,Engineering,75.34,40.41,46.02,91.57,48.98,54.49,58.82,56.71,D,No,No,Bachelor's,Low,0,14.3
S3357,John,Brown,student2357@university.com,Male,25,Engineering,72.97,96.33,34.54,90.45,90.01,49.22,50.02,68.43,C,Yes,No,High School,Low,6,7.4
S3358,Ahmed,Khan,student2358@university.com,Male,20,Engineering,85.91,30.24,94.83,64.74,67.11,85.82,63.88,67.77,C,Yes,Yes,Master's,Medium,9,14.5
S3359,Omar,Clark,student2359@university.com,Male,25,Engineering,73.04,74.54,44.66,64.24,97.96,91.84,58.24,71.91,C,Yes,No,Master's,Low,10,10.1
S3360,Emma,Smith,student2360@university.com,Female,19,Mathematics,68.8,63.96,85.68,73.19,60.7,93.42,63.02,73.33,C,No,No,Bachelor's,Low,9,2.0
S3361,Sara,Jones,student2361@university.com,Male,23,Engineering,89.03,46.15,79.71,66.11,66.8,63.45,59.35,63.59,D,No,Yes,High School,High,3,13.0
S3362,Omar,Taylor,student2362@university.com,Male,23,Computer Science,61.73,84.51,72.45,98.31,81.36,80.33,88.09,84.17,B,Yes,No,Master's,Low,7,8.4
S3363,Ahmed,Brown,student2363@university.com,Male,23,Engineering,99.86,41.04,61.89,41.97,38.4,62.28,44.44,48.34,F,Yes,Yes,Bachelor's,High,6,12.5
S3364,Omar,Lee,student2364@university.com,Male,18,Computer Science,86.21,84.29,63.27,83.13,89.17,52.26,88.4,76.75,B,Yes,No,Bachelor's,Medium,5,19.6
S3365,John,Brown,student2365@university.com,Male,19,Computer Science,75.72,50.12,84.71,82.57,47.87,54.46,53.45,62.2,D,No,No,Master's,Medium,9,5.3
S3366,Omar,Williams,student2366@university.com,Female,18,Physics,93.81,45.08,93.27,47.15,82.85,66.62,47.06,63.67,D,No,Yes,Bachelor's,Low,8,16.7
S3367,Maria,Lee,student2367@university.com,Female,25,Mathematics,91.34,44.77,78.02,47.9,31.44,60.12,78.87,56.85,D,Yes,No,High School,High,6,6.0
S3368,Ali,Ahmed,student2368@university.com,Female,20,Physics,67.58,54.53,96.27,76.18,64.38,73.54,70.97,72.64,C,Yes,Yes,Bachelor's,High,8,20.0
S3369,John,Williams,student2369@university.com,Male,18,Mathematics,62.25,31.83,62.9,84.99,37.21,82.76,69.01,61.45,D,Yes,No,Bachelor's,Medium,9,9.8
S3370,Ayesha,Wilson,student2370@university.com,Male,25,Engineering,61.2,98.8,97.3,35.98,38.8,63.17,76.38,68.41,C,No,Yes,Bachelor's,Medium,0,3.1
S3371,Maria,Jones,student2371@university.com,Female,21,Mathematics,83.28,63.59,57.53,81.03,95.96,73.38,43.37,69.14,C,No,Yes,Bachelor's,Low,10,3.6
S3372,Emma,Lee,student2372@university.com,Male,23,Computer Science,70.77,47.56,52.09,31.85,55.88,76.67,75.29,56.56,D,Yes,No,Master's,Medium,4,1.7
S3373,Ali,Williams,student2373@university.com,Female,24,Physics,84.53,75.87,34.45,46.05,98.84,89.69,56.3,66.87,C,No,Yes,High School,Medium,9,13.4
S3374,Omar,Jones,student2374@university.com,Male,25,Mathematics,87.95,99.84,94.91,78.4,83.73,52.22,82.38,81.91,B,Yes,Yes,High School,Low,10,19.4
S3375,Omar,Clark,student2375@university.com,Female,20,Business,77.41,62.28,83.6,59.91,85.24,73.63,88.77,75.57,B,No,Yes,Master's,Medium,3,16.9
S3376,Emma,Jones,student2376@university.com,Male,19,Mathematics,79.6,95.54,85.04,38.0,90.81,56.49,61.54,71.24,C,Yes,Yes,High School,Medium,4,7.9
S3377,Omar,Lee,student2377@university.com,Male,20,Computer Science,90.1,35.5,92.8,45.4,41.52,72.15,56.47,57.31,D,No,No,Master's,Medium,1,2.3
S3378,Maria,Brown,student2378@university.com,Female,23,Computer Science,70.64,60.83,48.24,50.57,88.44,66.71,67.68,63.74,D,No,Yes,Bachelor's,Low,7,5.4
S3379,Ahmed,Williams,student2379@university.com,Male,20,Computer Science,94.73,72.74,99.04,41.27,98.17,36.22,67.02,69.08,C,Yes,Yes,High School,Medium,7,19.5
S3380,Emma,Wilson,student2380@university.com,Female,23,Business,66.5,81.1,64.3,36.47,47.51,57.66,41.27,54.72,D,No,No,High School,Medium,9,1.1
S3381,Noah,Smith,student2381@university.com,Female,19,Engineering,97.79,80.56,47.61,66.43,41.39,60.71,37.28,55.66,D,No,No,Bachelor's,Low,5,1.2
S3382,Noah,Smith,student2382@university.com,Female,25,Computer Science,93.0,89.9,58.97,72.23,33.26,59.21,76.16,64.95,D,No,Yes,Master's,Medium,3,14.8
S3383,Ali,Khan,student2383@university.com,Female,20,Business,72.41,43.03,49.31,85.89,31.43,35.95,35.35,46.83,F,Yes,Yes,High School,Medium,2,6.6
S3384,Ahmed,Williams,student2384@university.com,Female,23,Business,74.82,65.49,47.4,49.23,84.04,38.94,77.89,60.5,D,No,Yes,Bachelor's,Medium,3,14.0
S3385,Liam,Ahmed,student2385@university.com,Female,23,Engineering,94.36,61.76,69.75,96.25,44.97,77.99,83.71,72.41,C,Yes,Yes,High School,High,1,13.4
S3386,Liam,Brown,student2386@university.com,Female,23,Mathematics,66.11,95.46,71.7,44.3,62.46,63.06,82.95,69.99,C,Yes,No,Master's,Medium,6,4.4
S3387,Sara,Smith,student2387@university.com,Male,24,Engineering,99.78,87.32,38.94,43.76,32.33,60.04,94.31,59.45,D,No,No,High School,Low,7,5.9
S3388,Ahmed,Brown,student2388@university.com,Male,18,Business,69.47,67.94,55.87,95.42,75.04,62.79,33.52,65.1,C,No,Yes,High School,Low,7,19.3
S3389,Maria,Smith,student2389@university.com,Male,21,Mathematics,89.86,78.93,66.54,53.35,97.36,88.57,90.19,79.16,B,Yes,No,Master's,Low,8,8.1
S3390,Sara,Lee,student2390@university.com,Female,23,Engineering,98.9,34.34,60.1,78.94,62.63,87.09,37.42,60.09,D,Yes,No,Bachelor's,Low,9,5.4
S3391,Liam,Khan,student2391@university.com,Female,23,Physics,83.09,36.4,93.98,87.89,97.74,83.91,85.94,80.98,B,Yes,Yes,Bachelor's,Low,5,5.2
S3392,Ayesha,Clark,student2392@university.com,Male,18,Computer Science,84.2,86.4,88.09,98.51,46.16,45.53,90.44,75.85,B,Yes,Yes,Bachelor's,High,3,1.3
S3393,Ahmed,Brown,student2393@university.com,Male,25,Business,95.78,30.46,95.93,55.18,83.05,81.55,69.1,69.21,C,No,No,High School,Medium,3,5.3
S3394,Liam,Brown,student2394@university.com,Female,19,Mathematics,60.22,48.15,56.58,31.79,39.15,54.02,79.8,51.58,D,Yes,Yes,High School,Low,1,4.9
S3395,Liam,Clark,student2395@university.com,Female,24,Physics,63.09,71.15,99.75,84.37,39.64,38.41,63.66,66.16,C,No,No,Bachelor's,Medium,8,16.8
S3396,Ayesha,Brown,student2396@university.com,Female,22,Engineering,81.26,38.06,52.99,46.26,47.34,95.58,63.16,57.23,D,Yes,No,Bachelor's,High,7,5.8
S3397,Ayesha,Ahmed,student2397@university.com,Female,25,Computer Science,71.39,76.64,96.17,81.92,57.78,93.45,47.99,75.66,B,Yes,Yes,Master's,Low,0,2.6
S3398,Emma,Smith,student2398@university.com,Male,18,Engineering,80.02,30.84,30.51,75.42,64.34,41.12,67.94,51.7,D,Yes,Yes,Master's,Medium,5,2.5
S3399,Omar,Smith,student2399@university.com,Female,19,Business,95.7,98.77,31.12,55.64,49.04,58.61,75.83,61.5,D,No,No,Bachelor's,Low,1,5.5
S3400,Sara,Wilson,student2400@university.com,Female,23,Computer Science,65.24,42.74,67.53,31.92,33.55,60.93,72.53,51.53,D,No,Yes,High School,High,3,9.2
S3401,Emma,Williams,student2401@university.com,Male,18,Mathematics,76.44,33.85,32.68,42.64,82.24,34.57,31.5,42.91,F,No,No,High School,Low,1,5.3
S3402,Sara,Wilson,student2402@university.com,Male,25,Engineering,92.17,94.01,81.09,73.8,93.58,38.27,89.4,78.36,B,No,No,Bachelor's,High,8,4.7
S3403,Noah,Brown,student2403@university.com,Female,25,Computer Science,94.29,57.23,79.13,80.6,49.87,52.85,68.83,64.75,D,No,No,Master's,Medium,10,7.7
S3404,Sara,Clark,student2404@university.com,Female,20,Mathematics,88.22,71.44,51.25,88.69,62.94,74.81,75.85,70.83,C,No,No,Bachelor's,High,1,4.5
S3405,Ayesha,Wilson,student2405@university.com,Male,18,Engineering,63.94,55.8,86.87,77.95,39.18,73.39,98.56,71.96,C,No,Yes,High School,Medium,1,10.3
S3406,Omar,Williams,student2406@university.com,Female,18,Business,74.76,47.79,45.69,97.92,46.47,70.65,74.71,63.87,D,Yes,No,Master's,High,0,7.8
S3407,Maria,Williams,student2407@university.com,Female,21,Engineering,91.93,37.79,83.33,54.2,41.01,80.21,80.64,62.86,D,No,No,Master's,Medium,0,1.0
S3408,Sara,Khan,student2408@university.com,Male,24,Engineering,95.91,40.26,63.19,78.58,57.89,49.61,54.22,57.29,D,Yes,No,Master's,High,10,13.3
S3409,Omar,Williams,student2409@university.com,Female,18,Computer Science,85.0,88.08,91.37,84.27,33.28,64.77,79.48,73.54,C,No,Yes,Bachelor's,High,0,8.6
S3410,Ali,Wilson,student2410@university.com,Male,25,Business,97.88,84.1,93.31,31.07,94.61,76.57,89.12,78.13,B,Yes,Yes,Bachelor's,High,2,12.4
S3411,Maria,Lee,student2411@university.com,Male,18,Mathematics,77.52,73.33,64.09,93.29,57.45,74.51,32.09,65.79,C,No,No,High School,High,2,6.2
S3412,Ahmed,Brown,student2412@university.com,Female,20,Physics,81.67,99.38,93.26,49.76,95.11,58.64,80.83,79.5,B,Yes,No,Master's,Medium,2,9.5
S3413,Sara,Khan,student2413@university.com,Male,22,Computer Science,89.12,50.74,75.97,42.74,43.11,65.26,77.06,59.15,D,Yes,Yes,Bachelor's,Low,1,14.7
S3414,Maria,Ahmed,student2414@university.com,Male,23,Business,72.46,42.29,94.65,76.8,95.14,42.51,69.88,70.21,C,No,No,Master's,Low,7,11.3
S3415,Sara,Lee,student2415@university.com,Male,22,Mathematics,83.11,72.41,96.45,91.06,76.17,39.98,74.15,75.04,B,Yes,No,High School,High,0,9.8
S3416,Noah,Lee,student2416@university.com,Female,20,Engineering,75.34,57.91,89.82,83.11,48.19,77.11,88.64,74.13,C,Yes,No,High School,Medium,9,8.2
S3417,Maria,Jones,student2417@university.com,Male,19,Mathematics,99.96,87.35,92.19,34.5,74.52,97.94,39.64,71.02,C,Yes,Yes,High School,Medium,1,6.0
S3418,Liam,Wilson,student2418@university.com,Female,25,Computer Science,64.47,33.44,46.03,47.83,40.07,88.06,80.3,55.96,D,No,Yes,Bachelor's,Low,3,4.9
S3419,Liam,Khan,student2419@university.com,Male,23,Mathematics,83.53,93.31,31.92,77.09,75.74,92.89,35.82,67.8,C,No,Yes,High School,Medium,3,3.2
S3420,Ahmed,Jones,student2420@university.com,Male,23,Computer Science,76.71,41.38,43.43,79.27,30.72,76.48,81.92,58.87,D,No,Yes,High School,High,2,11.3
S3421,Emma,Lee,student2421@university.com,Male,20,Engineering,82.61,59.32,47.97,96.64,44.1,33.82,41.45,53.88,D,No,Yes,High School,High,3,1.5
S3422,Sara,Taylor,student2422@university.com,Male,21,Mathematics,72.03,99.85,88.08,30.65,98.39,49.45,48.08,69.08,C,Yes,No,Bachelor's,High,0,15.4
S3423,Noah,Jones,student2423@university.com,Female,22,Computer Science,60.05,38.44,61.99,50.35,76.99,35.52,96.53,59.97,D,Yes,Yes,Bachelor's,Medium,10,14.2
S3424,Omar,Khan,student2424@university.com,Male,24,Physics,62.77,43.83,64.51,60.96,41.49,48.6,58.63,53.0,D,Yes,Yes,Bachelor's,Medium,7,4.6
S3425,Liam,Smith,student2425@university.com,Male,21,Mathematics,82.28,75.68,93.93,46.81,89.29,46.62,83.86,72.7,C,Yes,Yes,Master's,Medium,0,11.4
S3426,Ahmed,Clark,student2426@university.com,Male,22,Mathematics,90.75,65.82,59.2,54.04,96.84,77.35,91.3,74.09,C,Yes,No,High School,Low,9,13.2
S3427,John,Clark,student2427@university.com,Female,19,Mathematics,97.66,93.9,59.18,57.72,32.53,60.36,86.6,65.05,C,Yes,Yes,High School,Medium,2,6.8
S3428,Omar,Clark,student2428@university.com,Female,21,Physics,62.12,70.46,46.2,55.19,75.46,85.12,63.14,65.93,C,Yes,Yes,High School,High,9,9.0
S3429,Ahmed,Brown,student2429@university.com,Male,21,Mathematics,85.78,36.66,90.38,55.49,44.83,45.82,42.65,52.64,D,Yes,No,Bachelor's,Low,6,14.7
S3430,Sara,Ahmed,student2430@university.com,Male,23,Engineering,79.82,47.73,81.62,86.78,39.0,99.84,39.07,65.67,C,Yes,Yes,Bachelor's,High,1,18.4
S3431,Ali,Jones,student2431@university.com,Female,22,Business,64.71,91.23,84.16,73.23,73.94,60.23,65.58,74.73,C,No,No,Bachelor's,Low,2,4.1
S3432,Ali,Smith,student2432@university.com,Male,18,Computer Science,76.57,88.83,70.49,38.62,99.97,58.83,76.01,72.12,C,Yes,No,High School,Low,9,8.7
S3433,Maria,Wilson,student2433@university.com,Female,23,Engineering,92.68,94.78,83.92,41.23,67.29,61.21,32.33,63.46,D,Yes,No,Bachelor's,High,9,2.7
S3434,Sara,Clark,student2434@university.com,Male,25,Business,91.9,97.93,84.87,95.55,90.55,43.99,30.59,73.91,C,Yes,No,Bachelor's,Medium,7,1.4
S3435,Ali,Jones,student2435@university.com,Male,20,Mathematics,86.79,44.76,49.72,37.87,92.43,78.69,85.1,64.76,D,Yes,No,Master's,High,10,19.5
S3436,Ali,Smith,student2436@university.com,Female,23,Physics,89.07,34.92,42.77,59.72,98.77,49.36,91.51,62.84,D,Yes,Yes,Master's,High,3,18.8
S3437,Emma,Clark,student2437@university.com,Male,22,Physics,72.56,51.74,87.98,91.21,45.27,74.21,41.46,65.31,C,No,Yes,High School,High,6,9.9
S3438,Noah,Jones,student2438@university.com,Female,24,Business,79.57,88.48,45.92,58.05,78.08,67.56,77.13,69.2,C,No,No,Master's,High,3,4.5
S3439,Sara,Wilson,student2439@university.com,Male,21,Business,69.55,54.67,52.44,63.9,50.36,81.37,87.28,65.0,C,Yes,Yes,Bachelor's,Low,7,7.2
S3440,Emma,Wilson,student2440@university.com,Male,22,Engineering,67.37,84.43,80.76,90.5,49.29,98.41,36.6,73.33,C,Yes,No,High School,High,10,7.8
S3441,Emma,Smith,student2441@university.com,Female,25,Mathematics,94.58,43.19,72.86,82.61,79.66,50.57,98.72,71.27,C,Yes,No,Bachelor's,High,3,18.3
S3442,Omar,Clark,student2442@university.com,Female,23,Business,69.29,74.3,52.9,84.25,75.09,97.87,50.67,72.51,C,No,Yes,High School,High,4,11.4
S3443,John,Lee,student2443@university.com,Male,20,Mathematics,65.74,41.46,38.01,86.13,31.79,91.47,79.86,61.45,D,No,No,Bachelor's,Medium,4,14.9
S3444,Ayesha,Brown,student2444@university.com,Male,21,Business,80.74,47.13,78.13,40.26,69.41,96.55,44.5,62.66,D,No,No,Master's,Low,7,8.6
S3445,Ahmed,Williams,student2445@university.com,Female,20,Computer Science,88.4,46.4,35.85,62.13,60.36,88.24,37.81,55.13,D,No,Yes,Bachelor's,Low,9,15.3
S3446,Omar,Brown,student2446@university.com,Female,25,Business,68.91,75.99,54.62,53.7,73.87,66.27,97.95,70.4,C,No,Yes,High School,Medium,6,10.2
S3447,Ali,Jones,student2447@university.com,Male,23,Computer Science,65.42,67.47,67.13,74.68,47.37,89.8,81.75,71.37,C,Yes,Yes,Bachelor's,Medium,2,1.2
S3448,Maria,Khan,student2448@university.com,Female,21,Physics,73.47,90.58,81.28,64.97,80.61,80.25,43.38,73.51,C,No,Yes,Bachelor's,High,9,6.6
S3449,Noah,Smith,student2449@university.com,Female,19,Business,93.17,38.79,62.5,92.6,37.42,73.23,63.11,61.28,D,No,Yes,High School,High,10,8.8
S3450,Ayesha,Jones,student2450@university.com,Female,23,Physics,60.81,83.66,79.02,31.57,73.89,74.46,69.08,68.61,C,Yes,Yes,High School,Low,5,11.4
S3451,Sara,Smith,student2451@university.com,Male,20,Mathematics,92.2,45.33,93.34,95.13,87.42,34.29,57.94,68.91,C,No,Yes,Master's,Low,3,5.5
S3452,Ali,Clark,student2452@university.com,Female,19,Engineering,88.55,85.4,41.57,78.93,94.91,43.55,92.17,72.76,C,Yes,No,High School,Medium,9,1.6
S3453,Omar,Ahmed,student2453@university.com,Male,25,Engineering,67.11,92.5,70.98,32.13,70.99,68.03,54.32,64.83,D,No,No,High School,Low,4,13.8
S3454,Ahmed,Brown,student2454@university.com,Female,24,Physics,93.81,48.73,65.26,52.61,98.88,54.63,98.57,69.78,C,Yes,No,Bachelor's,Medium,5,18.1
S3455,Noah,Jones,student2455@university.com,Female,24,Mathematics,75.23,50.13,99.33,77.63,43.38,60.63,56.94,64.67,D,No,No,Master's,Low,6,10.1
S3456,Ahmed,Smith,student2456@university.com,Male,20,Mathematics,70.66,45.16,83.75,81.11,59.26,72.36,48.46,65.02,C,Yes,Yes,High School,High,2,12.6
S3457,Maria,Taylor,student2457@university.com,Male,19,Business,94.29,79.12,88.73,80.67,50.14,63.44,84.3,74.4,C,No,No,Master's,Medium,9,8.6
S3458,Emma,Brown,student2458@university.com,Male,25,Physics,91.16,32.52,87.51,61.9,68.06,33.49,94.15,62.94,D,Yes,No,Master's,Medium,10,13.5
S3459,Ali,Ahmed,student2459@university.com,Female,23,Business,71.67,72.79,79.06,47.8,35.25,92.56,75.81,67.21,C,Yes,Yes,High School,Low,8,12.1
S3460,Maria,Ahmed,student2460@university.com,Male,18,Physics,83.76,84.57,42.49,82.24,95.11,54.86,71.03,71.72,C,Yes,No,High School,Medium,3,11.6
S3461,Maria,Brown,student2461@university.com,Male,25,Physics,99.03,97.64,66.21,68.59,85.58,37.12,65.35,70.08,C,Yes,Yes,Bachelor's,Medium,3,8.5
S3462,Liam,Taylor,student2462@university.com,Female,24,Physics,79.04,44.16,73.23,32.11,33.27,67.44,44.19,49.07,F,No,Yes,Bachelor's,Medium,4,15.4
S3463,Liam,Smith,student2463@university.com,Female,22,Computer Science,92.2,92.11,32.2,39.41,81.89,77.76,51.93,62.55,D,No,No,High School,Medium,10,13.7
S3464,Maria,Brown,student2464@university.com,Male,22,Mathematics,90.95,68.87,34.1,56.06,93.23,47.6,41.6,56.91,D,Yes,Yes,High School,Low,1,16.9
S3465,Ali,Brown,student2465@university.com,Female,21,Business,79.07,88.31,71.76,56.61,70.56,41.55,90.27,69.84,C,Yes,Yes,High School,High,2,9.5
S3466,Omar,Williams,student2466@university.com,Female,21,Computer Science,75.55,65.6,53.61,69.29,57.0,97.27,42.62,64.23,D,Yes,No,Master's,Medium,8,11.4
S3467,Maria,Ahmed,student2467@university.com,Female,18,Physics,88.31,49.34,36.26,80.95,70.12,50.35,35.82,53.81,D,Yes,Yes,Master's,High,8,13.6
S3468,Liam,Smith,student2468@university.com,Male,22,Engineering,93.92,97.59,41.02,99.01,49.37,43.44,41.35,61.96,D,Yes,Yes,High School,High,2,1.8
S3469,Liam,Smith,student2469@university.com,Male,21,Mathematics,69.91,77.87,72.92,59.76,71.36,72.87,62.57,69.56,C,No,No,High School,Medium,6,9.8
S3470,Maria,Ahmed,student2470@university.com,Male,24,Engineering,73.41,98.35,54.05,64.74,63.99,55.47,37.72,62.39,D,Yes,No,High School,Medium,9,6.6
S3471,Ahmed,Khan,student2471@university.com,Female,24,Computer Science,64.87,63.28,65.06,45.04,95.0,98.78,70.49,72.94,C,No,Yes,High School,Low,2,5.0
S3472,Noah,Khan,student2472@university.com,Female,23,Computer Science,89.88,50.09,98.81,98.7,93.02,46.76,46.22,72.27,C,Yes,No,Bachelor's,Low,10,2.5
S3473,Ayesha,Khan,student2473@university.com,Female,19,Physics,90.59,89.35,86.5,31.87,58.8,49.56,40.2,59.38,D,No,No,Master's,Low,10,16.9
S3474,Emma,Khan,student2474@university.com,Male,22,Physics,90.09,75.4,95.4,43.19,89.85,75.21,46.34,70.9,C,Yes,Yes,Master's,Low,1,16.3
S3475,John,Jones,student2475@university.com,Male,23,Mathematics,98.53,96.53,31.78,56.16,56.34,98.2,78.41,69.57,C,Yes,Yes,Bachelor's,High,6,1.3
S3476,Liam,Smith,student2476@university.com,Female,25,Computer Science,90.5,68.97,64.29,84.25,52.1,43.28,63.31,62.7,D,Yes,No,Bachelor's,Low,6,19.3
S3477,Ali,Lee,student2477@university.com,Male,18,Physics,85.91,42.05,44.32,83.41,80.36,46.25,67.64,60.67,D,Yes,No,High School,Medium,0,15.1
S3478,John,Jones,student2478@university.com,Female,24,Engineering,89.03,83.57,72.8,92.45,98.16,31.08,70.54,74.77,C,No,No,Bachelor's,Medium,6,1.9
S3479,Sara,Lee,student2479@university.com,Female,22,Computer Science,69.29,55.57,57.76,87.77,59.88,70.23,67.63,66.47,C,No,Yes,High School,Low,0,8.6
S3480,John,Lee,student2480@university.com,Male,25,Business,78.25,78.2,38.03,41.41,88.07,80.38,82.79,68.15,C,Yes,Yes,Bachelor's,Low,5,6.9
S3481,Emma,Lee,student2481@university.com,Female,21,Computer Science,84.18,95.2,77.4,77.17,65.71,84.28,80.51,80.05,B,No,Yes,High School,Low,9,7.6
S3482,Ahmed,Khan,student2482@university.com,Male,20,Computer Science,76.32,37.99,63.83,78.26,41.49,75.72,67.05,60.72,D,No,No,Master's,High,0,14.3
S3483,Ayesha,Smith,student2483@university.com,Male,19,Physics,67.76,43.75,75.41,50.25,92.5,45.81,60.09,61.3,D,No,No,High School,Medium,0,2.5
S3484,Maria,Lee,student2484@university.com,Male,20,Mathematics,70.64,44.32,72.62,55.35,39.97,86.61,50.98,58.31,D,No,No,Master's,High,4,2.1
S3485,Ahmed,Brown,student2485@university.com,Female,19,Computer Science,76.35,73.57,55.95,77.58,91.43,57.95,68.83,70.88,C,Yes,Yes,Master's,High,8,11.4
S3486,Noah,Lee,student2486@university.com,Male,22,Mathematics,69.97,36.46,58.62,87.3,45.63,69.88,83.31,63.53,D,Yes,Yes,High School,Low,5,10.9
S3487,Ayesha,Wilson,student2487@university.com,Female,20,Engineering,94.12,47.04,35.09,92.05,93.2,93.57,40.53,66.91,C,Yes,No,High School,High,6,13.5
S3488,Emma,Jones,student2488@university.com,Female,25,Engineering,95.26,30.29,96.09,80.02,92.54,34.55,94.88,71.39,C,Yes,No,Bachelor's,Low,5,16.2
S3489,Omar,Lee,student2489@university.com,Male,24,Business,82.76,88.43,40.85,39.28,47.91,60.46,72.22,58.19,D,No,No,Master's,Medium,2,10.1
S3490,John,Brown,student2490@university.com,Male,25,Physics,72.9,78.31,61.74,46.09,50.92,97.9,88.77,70.62,C,No,Yes,Bachelor's,High,2,13.3
S3491,Maria,Khan,student2491@university.com,Male,22,Engineering,96.93,36.19,86.5,77.71,36.48,66.48,76.62,63.33,D,No,No,Bachelor's,Medium,5,12.3
S3492,Emma,Wilson,student2492@university.com,Male,23,Engineering,89.2,39.02,78.06,56.45,54.5,60.79,30.37,53.2,D,No,Yes,Master's,High,2,11.2
S3493,Liam,Smith,student2493@university.com,Female,21,Physics,62.02,43.34,62.9,89.89,97.43,46.31,38.78,63.11,D,No,No,Master's,Low,9,14.9
S3494,Ahmed,Wilson,student2494@university.com,Female,20,Physics,88.17,84.15,97.11,50.78,34.07,56.23,54.65,62.83,D,No,No,High School,Medium,3,16.7
S3495,Ali,Taylor,student2495@university.com,Female,22,Computer Science,99.59,94.92,86.67,35.51,96.36,73.37,88.1,79.15,B,Yes,No,High School,High,7,2.3
S3496,Emma,Wilson,student2496@university.com,Female,24,Engineering,97.88,67.21,74.61,87.47,70.35,45.7,69.43,69.13,C,Yes,Yes,Bachelor's,Low,1,2.1
S3497,Maria,Lee,student2497@university.com,Male,21,Computer Science,71.78,69.4,75.29,66.13,44.29,53.35,75.44,63.98,D,Yes,Yes,Master's,Medium,8,13.4
S3498,Maria,Khan,student2498@university.com,Male,24,Mathematics,86.38,70.97,62.64,33.57,37.76,31.98,42.27,46.53,F,Yes,No,Bachelor's,Medium,4,10.7
S3499,Sara,Clark,student2499@university.com,Female,25,Physics,81.05,47.21,33.99,91.52,38.74,32.09,38.57,47.02,F,No,No,High School,Low,10,14.1
S3500,Ayesha,Brown,student2500@university.com,Female,24,Mathematics,99.77,78.77,61.9,82.0,92.06,86.65,95.92,82.88,B,Yes,No,High School,Medium,0,8.3
S3501,Ayesha,Lee,student2501@university.com,Female,24,Engineering,62.06,94.61,58.98,86.17,38.65,46.99,68.26,65.61,C,No,No,Bachelor's,Low,0,11.5
S3502,Emma,Clark,student2502@university.com,Male,24,Mathematics,62.88,37.49,54.52,63.11,41.31,42.85,87.35,54.44,D,Yes,Yes,Bachelor's,High,0,17.5
S3503,Emma,Jones,student2503@university.com,Male,18,Engineering,92.79,56.56,96.94,87.15,41.54,63.04,45.11,65.06,C,No,Yes,Master's,Medium,2,8.4
S3504,Ali,Ahmed,student2504@university.com,Male,24,Mathematics,76.3,33.41,76.76,50.98,98.36,39.72,51.39,58.44,D,Yes,Yes,Master's,Medium,3,1.2
S3505,Liam,Taylor,student2505@university.com,Female,21,Computer Science,97.58,92.99,95.69,54.3,65.36,75.52,69.45,75.55,B,Yes,Yes,High School,High,0,3.6
S3506,Sara,Taylor,student2506@university.com,Female,23,Physics,99.42,36.42,32.22,56.28,60.05,96.45,32.24,52.28,D,No,No,Master's,Low,8,10.6
S3507,Noah,Smith,student2507@university.com,Male,25,Physics,82.17,70.3,57.87,79.21,64.38,79.22,60.43,68.57,C,Yes,No,High School,Medium,4,5.1
S3508,Liam,Khan,student2508@university.com,Male,24,Engineering,64.71,64.49,92.63,59.25,54.77,81.53,33.9,64.43,D,No,No,Master's,Medium,6,1.8
S3509,Emma,Williams,student2509@university.com,Male,23,Mathematics,74.02,66.17,92.93,79.54,35.82,46.4,68.14,64.83,D,Yes,No,Master's,Low,10,11.0
S3510,Ahmed,Khan,student2510@university.com,Male,18,Mathematics,61.6,31.05,89.15,94.39,63.12,50.72,56.48,64.15,D,No,Yes,Bachelor's,Low,7,17.7
S3511,John,Jones,student2511@university.com,Male,23,Business,73.89,69.64,83.5,36.82,79.68,90.0,41.54,66.86,C,No,Yes,High School,High,1,8.8
S3512,John,Jones,student2512@university.com,Female,20,Computer Science,87.04,69.52,73.39,69.02,97.2,30.84,47.78,64.62,D,No,Yes,High School,Medium,7,18.3
S3513,Emma,Ahmed,student2513@university.com,Female,19,Engineering,95.83,47.83,53.6,73.8,65.01,57.95,91.44,64.94,D,No,Yes,High School,Medium,1,8.8
S3514,Noah,Clark,student2514@university.com,Female,19,Computer Science,72.64,46.3,87.55,36.05,77.18,84.53,47.16,63.13,D,Yes,No,High School,High,4,11.7
S3515,Ayesha,Ahmed,student2515@university.com,Male,25,Engineering,98.65,55.22,55.69,35.78,36.31,96.13,56.8,55.99,D,Yes,Yes,Bachelor's,High,7,2.5
S3516,Emma,Taylor,student2516@university.com,Female,22,Computer Science,64.6,82.02,86.7,65.07,89.78,99.46,49.01,78.67,B,No,No,Bachelor's,Medium,10,8.3
S3517,Sara,Jones,student2517@university.com,Female,25,Mathematics,91.15,35.59,78.57,50.35,97.51,40.97,64.54,61.26,D,No,Yes,Bachelor's,Low,2,12.0
S3518,Liam,Ahmed,student2518@university.com,Female,24,Engineering,80.86,97.82,53.73,45.61,47.09,48.63,45.73,56.44,D,Yes,Yes,Bachelor's,Low,4,10.9
S3519,Sara,Khan,student2519@university.com,Male,24,Computer Science,75.79,40.09,60.84,58.18,46.18,34.59,44.73,47.44,F,Yes,No,Master's,High,10,2.9
S3520,Ahmed,Wilson,student2520@university.com,Male,18,Computer Science,72.17,59.05,70.2,83.14,50.5,88.03,56.46,67.9,C,Yes,Yes,Bachelor's,Medium,7,4.4
S3521,Sara,Taylor,student2521@university.com,Female,25,Physics,64.06,56.03,40.81,54.38,84.24,72.9,90.68,66.51,C,Yes,No,High School,Low,10,13.9
S3522,Ayesha,Brown,student2522@university.com,Male,19,Physics,90.02,30.17,48.01,70.34,73.5,82.34,61.59,60.99,D,Yes,No,High School,Low,8,18.3
S3523,Maria,Taylor,student2523@university.com,Male,20,Business,60.2,75.8,35.59,84.97,94.61,57.97,99.5,74.74,C,Yes,Yes,Bachelor's,High,9,11.1
S3524,Liam,Clark,student2524@university.com,Female,19,Physics,87.75,45.92,77.71,69.81,86.11,85.5,50.44,69.25,C,No,No,High School,Low,2,7.8
S3525,John,Wilson,student2525@university.com,Male,22,Computer Science,61.23,35.02,57.01,57.07,58.13,76.88,36.36,53.41,D,Yes,Yes,High School,Low,8,5.2
S3526,John,Smith,student2526@university.com,Male,19,Mathematics,90.58,60.83,37.68,87.36,59.15,58.05,55.68,59.79,D,No,Yes,Bachelor's,High,9,17.2
S3527,Omar,Taylor,student2527@university.com,Male,21,Business,83.95,51.56,45.79,99.82,49.57,55.56,66.2,61.42,D,Yes,No,High School,High,9,13.5
S3528,Emma,Khan,student2528@university.com,Female,24,Computer Science,65.0,64.07,89.96,85.04,78.85,48.17,42.81,68.15,C,No,No,Master's,Low,10,17.7
S3529,Liam,Smith,student2529@university.com,Male,21,Physics,84.37,55.0,77.06,82.91,98.26,34.11,74.66,70.33,C,Yes,No,Master's,High,5,3.2
S3530,Ali,Ahmed,student2530@university.com,Male,25,Engineering,96.23,42.41,97.2,30.33,69.68,37.17,54.63,55.24,D,Yes,No,Bachelor's,Medium,2,2.4
S3531,Maria,Khan,student2531@university.com,Male,21,Physics,69.25,75.08,66.88,66.98,52.57,38.71,93.12,65.56,C,No,No,Bachelor's,High,10,8.5
S3532,Ahmed,Khan,student2532@university.com,Male,19,Engineering,74.09,44.35,49.22,78.5,63.03,95.79,61.42,65.39,C,Yes,Yes,High School,Medium,1,6.4
S3533,Noah,Jones,student2533@university.com,Male,20,Engineering,83.23,82.36,58.01,33.0,82.91,91.44,79.92,71.27,C,Yes,Yes,Master's,Medium,0,18.2
S3534,Emma,Ahmed,student2534@university.com,Male,21,Engineering,68.97,60.75,70.56,51.14,35.97,59.63,93.09,61.86,D,No,No,High School,Medium,6,3.2
S3535,Liam,Ahmed,student2535@university.com,Female,18,Physics,87.94,30.4,45.57,83.61,50.06,93.63,81.02,64.05,D,No,Yes,Master's,Low,8,13.3
S3536,Noah,Taylor,student2536@university.com,Female,18,Engineering,62.28,30.98,87.47,38.57,38.54,48.23,93.69,56.25,D,No,No,Bachelor's,Medium,4,9.2
S3537,Sara,Williams,student2537@university.com,Female,23,Computer Science,99.41,83.16,92.62,59.08,92.37,92.92,76.61,82.79,B,No,No,Master's,High,0,7.1
S3538,Ayesha,Smith,student2538@university.com,Male,25,Physics,89.29,53.58,52.23,88.55,88.65,91.26,31.55,67.64,C,No,Yes,Master's,Low,6,5.5
S3539,Noah,Brown,student2539@university.com,Female,24,Engineering,87.8,60.35,45.08,48.56,68.95,51.3,95.31,61.59,D,No,Yes,Bachelor's,Medium,4,6.0
S3540,Ayesha,Khan,student2540@university.com,Female,23,Business,77.08,47.74,45.68,30.84,50.76,56.27,59.02,48.38,F,Yes,Yes,High School,High,10,8.4
S3541,Sara,Clark,student2541@university.com,Male,20,Physics,67.96,42.9,83.01,63.24,86.94,32.31,88.9,66.22,C,Yes,No,Bachelor's,High,0,19.9
S3542,Omar,Brown,student2542@university.com,Female,25,Business,69.8,98.18,85.01,43.42,86.72,78.31,71.5,77.19,B,Yes,No,High School,Low,1,6.4
S3543,Maria,Williams,student2543@university.com,Male,24,Physics,63.07,87.69,84.54,94.84,63.45,81.4,38.04,74.99,C,Yes,Yes,High School,Medium,6,16.4
S3544,Ahmed,Khan,student2544@university.com,Male,20,Engineering,75.52,91.6,59.51,38.93,56.93,77.45,94.44,69.81,C,No,Yes,Bachelor's,Low,4,1.7
S3545,Maria,Jones,student2545@university.com,Male,18,Physics,72.83,91.11,75.46,55.57,92.36,70.91,58.5,73.98,C,Yes,No,Bachelor's,High,5,4.2
S3546,Ali,Khan,student2546@university.com,Male,23,Physics,90.93,78.85,91.7,85.63,88.46,59.01,54.45,76.35,B,Yes,Yes,Master's,Low,1,7.2
S3547,Omar,Williams,student2547@university.com,Male,23,Mathematics,63.3,99.83,81.68,92.71,62.08,78.36,83.56,83.04,B,Yes,No,High School,Low,0,16.1
S3548,Liam,Taylor,student2548@university.com,Female,23,Physics,72.41,46.39,75.1,32.31,97.76,79.22,55.04,64.3,D,Yes,No,Bachelor's,Medium,1,9.2
S3549,Ayesha,Jones,student2549@university.com,Male,24,Engineering,73.06,80.16,73.53,64.61,72.34,43.25,44.2,63.01,D,No,Yes,High School,High,8,10.7
S3550,Ahmed,Lee,student2550@university.com,Male,20,Mathematics,79.73,37.36,73.9,46.39,77.04,55.29,45.5,55.91,D,No,Yes,Master's,Medium,5,12.3
S3551,Emma,Khan,student2551@university.com,Male,19,Business,81.59,62.99,65.67,45.97,63.98,38.61,48.89,54.35,D,Yes,No,Bachelor's,Low,9,2.4
S3552,Omar,Smith,student2552@university.com,Male,21,Business,75.73,59.23,34.06,30.87,34.4,87.57,41.17,47.88,F,No,No,High School,Medium,4,5.8
S3553,Sara,Williams,student2553@university.com,Female,24,Physics,69.1,71.13,54.11,94.63,74.96,37.62,63.0,65.91,C,Yes,Yes,Master's,High,10,17.7
S3554,Ahmed,Lee,student2554@university.com,Female,25,Business,99.85,72.06,61.14,63.94,53.17,70.53,35.81,59.44,D,No,No,Bachelor's,High,6,19.1
S3555,Liam,Smith,student2555@university.com,Male,21,Computer Science,96.55,43.62,66.81,37.65,88.86,45.65,65.95,58.09,D,Yes,No,High School,High,8,7.9
S3556,Sara,Brown,student2556@university.com,Female,25,Business,61.06,74.57,52.13,63.45,93.48,53.45,50.56,64.61,D,Yes,Yes,Master's,Low,10,4.4
S3557,Noah,Smith,student2557@university.com,Male,18,Physics,80.59,59.32,74.06,35.75,56.26,61.78,68.05,59.2,D,No,No,Bachelor's,High,2,16.2
S3558,Ayesha,Brown,student2558@university.com,Female,24,Physics,99.93,61.61,68.46,81.08,54.14,49.16,97.7,68.69,C,No,No,Bachelor's,Low,8,17.3
S3559,Ahmed,Lee,student2559@university.com,Female,21,Business,66.12,45.47,68.54,94.36,70.86,39.66,78.39,66.21,C,Yes,No,Bachelor's,High,4,17.2
S3560,Noah,Ahmed,student2560@university.com,Male,24,Mathematics,70.27,81.7,66.33,73.57,43.21,62.5,40.98,61.38,D,No,Yes,Bachelor's,Low,0,5.3
S3561,Ahmed,Ahmed,student2561@university.com,Male,21,Physics,81.14,82.69,55.82,72.62,72.06,37.27,65.92,64.4,D,Yes,No,High School,Medium,5,14.7
S3562,Omar,Jones,student2562@university.com,Female,24,Computer Science,69.56,76.81,76.65,45.13,87.79,45.11,78.69,68.36,C,Yes,Yes,High School,Medium,0,14.0
S3563,Noah,Brown,student2563@university.com,Female,21,Mathematics,73.66,34.78,37.89,96.15,62.13,83.55,49.01,60.59,D,No,Yes,Master's,Medium,0,2.7
S3564,Emma,Clark,student2564@university.com,Female,25,Computer Science,64.04,66.28,97.59,99.29,57.01,46.01,99.04,77.54,B,Yes,No,Bachelor's,Low,9,13.6
S3565,Liam,Wilson,student2565@university.com,Female,20,Business,64.29,35.52,63.41,74.94,72.91,36.26,51.79,55.81,D,No,Yes,Bachelor's,Low,3,13.5
S3566,Noah,Khan,student2566@university.com,Female,25,Mathematics,92.95,65.17,51.94,43.6,82.57,50.23,68.85,60.39,D,Yes,Yes,Master's,Low,8,6.6
S3567,Emma,Smith,student2567@university.com,Male,24,Engineering,99.77,80.7,89.04,74.2,68.94,78.61,88.36,79.98,B,Yes,No,Bachelor's,High,0,11.9
S3568,Liam,Wilson,student2568@university.com,Female,23,Computer Science,68.06,57.48,59.43,91.07,74.67,62.87,56.32,66.97,C,No,Yes,Bachelor's,Medium,2,4.0
S3569,Sara,Lee,student2569@university.com,Female,23,Business,66.55,62.77,89.86,34.21,99.78,78.68,72.93,73.04,C,No,No,High School,Medium,1,19.6
S3570,Liam,Smith,student2570@university.com,Female,21,Engineering,74.33,80.71,68.34,93.25,78.66,53.75,40.27,69.16,C,Yes,No,Master's,Medium,0,6.1
S3571,Liam,Williams,student2571@university.com,Female,24,Mathematics,66.72,69.37,99.56,95.51,83.54,35.2,58.59,73.63,C,No,Yes,Bachelor's,Low,1,11.2
S3572,John,Williams,student2572@university.com,Female,22,Physics,60.75,54.18,97.88,44.75,38.17,48.65,31.26,52.48,D,Yes,No,Master's,High,0,10.0
S3573,Noah,Smith,student2573@university.com,Male,19,Computer Science,61.04,77.8,65.04,99.89,88.85,46.29,98.93,79.47,B,Yes,No,High School,Medium,8,17.4
S3574,John,Brown,student2574@university.com,Female,25,Business,64.95,71.74,76.31,59.48,68.54,38.19,40.89,59.19,D,Yes,No,Bachelor's,Low,9,9.5
S3575,Liam,Taylor,student2575@university.com,Male,19,Physics,98.74,89.84,50.19,49.96,73.6,91.59,46.86,67.01,C,No,Yes,High School,High,4,11.3
S3576,Emma,Wilson,student2576@university.com,Male,25,Business,85.96,85.71,83.93,49.03,90.5,43.54,44.29,66.17,C,Yes,Yes,Master's,High,3,8.3
S3577,Sara,Ahmed,student2577@university.com,Male,24,Business,90.49,93.75,40.11,58.54,94.32,99.08,74.8,76.77,B,Yes,No,Bachelor's,Low,7,1.4
S3578,Liam,Williams,student2578@university.com,Female,19,Business,99.41,34.03,98.4,57.93,74.09,54.16,97.12,69.29,C,No,No,High School,Medium,5,12.6
S3579,Ali,Lee,student2579@university.com,Female,23,Computer Science,73.63,84.67,87.13,63.15,77.58,97.47,89.73,83.29,B,No,Yes,Master's,Medium,9,5.1
S3580,Maria,Khan,student2580@university.com,Female,23,Computer Science,76.9,79.96,85.1,68.92,97.84,61.62,38.3,71.96,C,No,Yes,High School,Low,5,19.5
S3581,Noah,Wilson,student2581@university.com,Female,20,Business,77.62,37.22,91.54,83.32,70.95,62.62,45.38,65.17,C,No,No,Master's,High,3,7.9
S3582,Omar,Brown,student2582@university.com,Male,21,Computer Science,99.64,65.19,42.0,65.99,39.3,82.48,58.81,58.96,D,Yes,No,Master's,High,8,18.3
S3583,Ayesha,Khan,student2583@university.com,Female,22,Computer Science,89.15,67.3,64.75,97.79,32.17,90.83,34.69,64.59,D,No,Yes,High School,High,5,5.5
S3584,John,Lee,student2584@university.com,Female,18,Physics,73.13,69.33,41.2,99.54,93.37,30.98,55.62,65.01,C,No,Yes,Master's,Low,10,7.7
S3585,Maria,Brown,student2585@university.com,Female,24,Physics,97.78,54.52,43.6,61.9,85.97,83.15,42.79,61.99,D,No,Yes,High School,High,3,11.7
S3586,Ayesha,Smith,student2586@university.com,Female,18,Computer Science,65.69,50.77,31.09,81.76,78.62,41.87,52.81,56.15,D,Yes,Yes,High School,Medium,3,8.6
S3587,Ayesha,Wilson,student2587@university.com,Female,21,Computer Science,87.81,45.07,85.65,66.54,57.77,34.2,37.73,54.49,D,No,No,Bachelor's,High,10,5.1
S3588,Ali,Lee,student2588@university.com,Female,23,Business,77.91,50.22,65.11,31.86,88.29,80.84,54.06,61.73,D,No,Yes,Bachelor's,High,9,16.1
S3589,Ahmed,Lee,student2589@university.com,Female,21,Engineering,62.57,68.8,44.0,89.84,76.27,77.66,77.74,72.38,C,No,No,Bachelor's,Medium,8,18.3
S3590,John,Smith,student2590@university.com,Female,21,Engineering,75.52,45.18,72.65,47.52,45.77,69.52,78.44,59.85,D,Yes,No,Bachelor's,Medium,6,11.6
S3591,Maria,Wilson,student2591@university.com,Female,25,Business,80.11,92.88,37.85,97.53,67.14,64.05,31.65,65.18,C,No,Yes,Master's,Low,4,9.1
S3592,Emma,Clark,student2592@university.com,Male,21,Computer Science,68.72,47.83,40.94,51.5,92.32,71.78,43.76,58.02,D,Yes,Yes,High School,Low,2,2.9
S3593,Omar,Jones,student2593@university.com,Male,21,Mathematics,95.01,53.37,98.18,80.81,69.31,96.94,57.23,75.97,B,No,No,Master's,Low,6,11.8
S3594,Omar,Williams,student2594@university.com,Female,21,Computer Science,60.49,40.49,73.12,57.35,80.24,84.57,82.3,69.68,C,No,Yes,High School,Medium,3,19.9
S3595,John,Smith,student2595@university.com,Female,21,Business,68.26,34.75,67.42,53.5,80.49,69.12,95.99,66.88,C,No,No,Bachelor's,High,5,18.6
S3596,John,Clark,student2596@university.com,Female,19,Engineering,72.77,62.51,49.01,78.28,50.48,80.28,55.95,62.75,D,No,No,Bachelor's,Low,1,5.4
S3597,Ali,Smith,student2597@university.com,Male,20,Computer Science,80.67,88.95,53.5,37.04,68.82,84.6,31.91,60.8,D,Yes,Yes,Bachelor's,Low,0,10.1
S3598,Liam,Williams,student2598@university.com,Male,22,Engineering,85.43,87.91,71.18,85.18,67.96,60.77,58.69,71.95,C,No,Yes,High School,Low,7,15.2
S3599,John,Smith,student2599@university.com,Male,25,Computer Science,94.22,30.24,99.43,35.67,72.42,96.31,33.18,61.21,D,No,No,Bachelor's,Medium,9,16.9
S3600,Emma,Ahmed,student2600@university.com,Female,18,Business,75.77,47.88,98.15,56.32,95.97,88.02,39.05,70.9,C,Yes,Yes,Bachelor's,Low,6,1.4
S3601,Liam,Williams,student2601@university.com,Female,24,Physics,85.4,61.95,55.16,33.36,90.37,94.78,93.98,71.6,C,No,Yes,Bachelor's,Low,2,3.6
S3602,Ahmed,Clark,student2602@university.com,Male,23,Business,81.65,75.34,68.49,67.47,68.36,72.61,58.28,68.42,C,No,No,Bachelor's,Medium,9,1.3
S3603,Emma,Lee,student2603@university.com,Female,22,Engineering,85.66,71.16,73.73,89.95,72.85,39.36,39.79,64.47,D,Yes,No,Master's,Low,0,5.0
S3604,Maria,Khan,student2604@university.com,Male,24,Business,97.98,94.25,97.26,57.4,55.22,40.66,93.68,73.08,C,No,Yes,Master's,High,5,4.1
S3605,Maria,Ahmed,student2605@university.com,Female,22,Computer Science,72.57,63.78,98.11,78.81,88.05,40.53,52.68,70.33,C,Yes,Yes,Master's,Low,5,7.8
S3606,Ahmed,Williams,student2606@university.com,Female,20,Mathematics,72.44,37.87,36.61,40.13,67.45,81.12,95.95,59.85,D,Yes,No,Master's,Medium,3,6.1
S3607,Noah,Lee,student2607@university.com,Male,24,Business,79.91,79.47,62.75,60.91,62.92,99.32,52.52,69.65,C,Yes,No,High School,High,9,3.1
S3608,Ahmed,Jones,student2608@university.com,Female,21,Computer Science,63.04,92.49,36.61,30.62,41.21,30.64,76.21,51.3,D,No,Yes,Bachelor's,High,5,17.8
S3609,Ali,Lee,student2609@university.com,Female,21,Physics,78.33,95.87,88.53,69.15,53.79,44.99,57.09,68.24,C,No,No,High School,High,5,18.9
S3610,Ali,Lee,student2610@university.com,Male,19,Engineering,71.54,89.67,37.58,46.11,56.08,69.26,69.74,61.41,D,No,Yes,High School,Medium,7,1.7
S3611,Noah,Khan,student2611@university.com,Female,22,Mathematics,80.83,45.84,43.97,47.74,66.78,95.92,38.76,56.5,D,Yes,Yes,High School,Low,7,3.8
S3612,Ali,Brown,student2612@university.com,Female,25,Computer Science,61.3,79.21,58.33,77.88,36.43,75.75,55.8,63.9,D,Yes,Yes,Master's,Medium,10,3.1
S3613,Emma,Taylor,student2613@university.com,Female,23,Computer Science,72.19,93.2,50.21,96.62,53.51,31.12,41.86,61.09,D,Yes,No,Bachelor's,Low,6,10.9
S3614,Maria,Williams,student2614@university.com,Female,24,Engineering,75.35,71.57,53.71,70.61,51.54,72.37,72.55,65.39,C,No,Yes,High School,Medium,5,6.1
S3615,Sara,Lee,student2615@university.com,Female,25,Mathematics,88.95,49.29,75.51,33.52,90.68,95.2,50.03,65.7,C,No,No,High School,Medium,5,13.6
S3616,Omar,Khan,student2616@university.com,Male,20,Engineering,94.37,83.74,36.99,61.26,80.66,83.62,41.31,64.6,D,No,Yes,High School,Low,8,13.2
S3617,Noah,Jones,student2617@university.com,Female,25,Mathematics,83.11,98.34,42.02,84.66,58.68,80.77,97.89,77.06,B,No,No,High School,Low,5,10.7
S3618,Emma,Jones,student2618@university.com,Male,23,Business,99.87,33.08,77.53,92.95,70.42,33.76,34.76,57.08,D,No,Yes,Bachelor's,High,7,16.8
S3619,John,Williams,student2619@university.com,Male,22,Engineering,67.16,71.36,39.72,94.38,98.44,83.11,62.47,74.91,C,No,Yes,Bachelor's,Medium,7,1.7
S3620,Liam,Lee,student2620@university.com,Male,25,Mathematics,66.56,87.06,54.34,31.75,94.64,55.95,96.73,70.08,C,Yes,No,High School,Medium,5,10.1
S3621,Maria,Williams,student2621@university.com,Male,18,Physics,72.46,66.07,66.23,79.26,31.85,90.01,96.18,71.6,C,Yes,Yes,Master's,High,6,19.5
S3622,Noah,Wilson,student2622@university.com,Male,18,Computer Science,71.64,86.33,87.3,76.25,41.52,74.75,96.1,77.04,B,No,No,Bachelor's,High,6,1.6
S3623,Ayesha,Brown,student2623@university.com,Female,22,Physics,71.68,36.15,35.41,46.25,92.26,32.6,77.27,53.32,D,No,No,Bachelor's,High,1,15.0
S3624,Sara,Brown,student2624@university.com,Male,19,Physics,88.32,42.35,79.63,46.88,55.59,50.0,36.51,51.83,D,No,Yes,High School,Low,10,8.9
S3625,Omar,Taylor,student2625@university.com,Male,22,Business,84.43,73.34,30.25,78.11,77.38,41.26,87.72,64.68,D,No,No,Master's,High,9,8.9
S3626,Omar,Taylor,student2626@university.com,Male,22,Engineering,65.82,64.89,42.74,99.36,56.05,98.4,36.62,66.34,C,Yes,No,Master's,Low,9,9.2
S3627,Ahmed,Lee,student2627@university.com,Female,19,Computer Science,80.46,60.65,72.43,92.97,36.15,94.61,47.21,67.34,C,Yes,Yes,High School,High,1,12.0
S3628,John,Lee,student2628@university.com,Female,19,Business,80.4,94.48,43.26,57.65,69.1,40.4,35.78,56.78,D,Yes,No,Bachelor's,High,9,2.3
S3629,Noah,Jones,student2629@university.com,Female,25,Business,95.4,67.42,34.08,44.28,59.99,43.72,74.32,53.97,D,Yes,Yes,Master's,Low,2,18.2
S3630,Ayesha,Ahmed,student2630@university.com,Female,20,Business,74.12,99.07,91.02,91.46,79.25,86.1,86.12,88.84,A,Yes,Yes,High School,Medium,3,7.2
S3631,Omar,Taylor,student2631@university.com,Male,19,Mathematics,68.07,42.1,33.98,83.32,89.66,49.18,47.43,57.61,D,Yes,Yes,Master's,High,5,4.4
S3632,Emma,Khan,student2632@university.com,Female,19,Business,67.75,40.75,68.83,62.64,51.69,65.76,41.69,55.23,D,No,No,Bachelor's,High,1,12.4
S3633,Sara,Williams,student2633@university.com,Male,22,Computer Science,84.94,73.14,97.78,59.19,52.82,36.33,56.14,62.57,D,Yes,Yes,Master's,High,4,1.9
S3634,Liam,Taylor,student2634@university.com,Female,18,Business,69.29,51.35,33.63,64.04,36.67,87.29,58.77,55.29,D,Yes,No,Master's,High,1,12.9
S3635,Emma,Williams,student2635@university.com,Male,18,Physics,76.51,79.19,40.13,48.53,74.36,95.23,56.36,65.63,C,Yes,Yes,High School,High,3,1.8
S3636,Liam,Khan,student2636@university.com,Male,19,Computer Science,96.05,98.93,39.45,41.35,92.07,85.1,31.07,64.66,D,Yes,Yes,Master's,High,0,12.5
S3637,Maria,Smith,student2637@university.com,Female,23,Computer Science,72.31,33.5,42.19,96.3,88.42,85.21,34.88,63.42,D,Yes,Yes,High School,Low,3,7.4
S3638,Emma,Lee,student2638@university.com,Male,23,Physics,82.27,30.21,56.05,77.08,40.12,99.53,69.37,62.06,D,No,No,Master's,Low,3,9.8
S3639,Emma,Taylor,student2639@university.com,Male,23,Physics,95.27,86.94,96.81,72.22,90.1,45.67,51.56,73.88,C,Yes,Yes,High School,High,4,18.4
S3640,Maria,Taylor,student2640@university.com,Female,24,Business,94.56,74.3,74.4,62.3,33.89,74.13,69.13,64.69,D,No,No,Bachelor's,High,7,10.4
S3641,Ayesha,Clark,student2641@university.com,Female,23,Engineering,70.8,30.7,64.52,95.4,47.11,66.43,32.48,56.11,D,Yes,Yes,Master's,Low,9,8.9
S3642,Ayesha,Brown,student2642@university.com,Female,24,Mathematics,89.86,83.85,33.66,57.9,68.71,81.48,32.99,59.77,D,No,Yes,Bachelor's,High,9,9.2
S3643,Liam,Brown,student2643@university.com,Female,23,Computer Science,88.9,37.21,77.75,94.62,36.33,47.7,50.05,57.28,D,No,No,High School,Low,3,9.9
S3644,John,Clark,student2644@university.com,Male,21,Business,77.49,41.25,79.1,89.4,94.71,52.85,31.33,64.77,D,Yes,No,High School,Low,0,7.6
S3645,Liam,Taylor,student2645@university.com,Female,22,Physics,79.81,72.26,40.73,77.62,52.88,95.11,84.81,70.57,C,Yes,Yes,Master's,Low,8,1.1
S3646,Sara,Wilson,student2646@university.com,Female,18,Mathematics,97.75,36.8,46.06,78.45,98.53,76.48,32.16,61.41,D,No,Yes,Bachelor's,High,1,19.8
S3647,Emma,Wilson,student2647@university.com,Female,22,Business,64.45,44.55,83.44,73.65,82.25,44.57,71.88,66.72,C,Yes,No,High School,Low,9,12.1
S3648,Ayesha,Clark,student2648@university.com,Female,21,Business,78.99,69.36,97.55,45.06,55.05,73.15,80.34,70.08,C,No,No,Master's,Low,0,10.1
S3649,John,Clark,student2649@university.com,Male,25,Business,97.2,91.62,30.53,82.51,81.07,64.93,45.27,65.99,C,No,Yes,Bachelor's,High,0,10.0
S3650,Omar,Williams,student2650@university.com,Female,23,Business,91.68,74.04,50.55,95.38,96.23,38.4,46.42,66.84,C,Yes,Yes,Bachelor's,Low,8,17.2
S3651,John,Taylor,student2651@university.com,Female,24,Business,76.51,53.47,69.9,65.85,91.18,54.47,94.15,71.5,C,No,Yes,High School,Low,8,5.7
S3652,Emma,Wilson,student2652@university.com,Male,18,Engineering,71.0,68.55,40.88,34.13,65.71,43.32,63.13,52.62,D,Yes,No,Master's,Medium,0,13.8
S3653,Omar,Jones,student2653@university.com,Male,24,Computer Science,68.23,57.25,80.78,70.87,31.56,60.82,53.83,59.19,D,Yes,No,Bachelor's,High,1,8.6
S3654,John,Wilson,student2654@university.com,Female,25,Engineering,66.8,53.17,89.88,54.3,68.17,92.5,61.54,69.93,C,No,Yes,Master's,Low,0,8.5
S3655,Emma,Khan,student2655@university.com,Female,23,Computer Science,68.23,66.37,88.37,60.13,91.77,92.71,90.07,81.57,B,Yes,Yes,Bachelor's,High,9,5.8
S3656,Ali,Lee,student2656@university.com,Female,25,Engineering,89.67,75.17,42.58,79.03,59.49,38.22,94.1,64.77,D,No,Yes,Bachelor's,High,2,14.7
S3657,Omar,Taylor,student2657@university.com,Male,25,Engineering,82.02,40.52,91.93,54.6,87.64,74.84,72.93,70.41,C,Yes,No,Master's,Low,5,5.6
S3658,Maria,Ahmed,student2658@university.com,Male,25,Engineering,87.01,30.62,56.4,46.0,62.04,37.85,69.73,50.44,D,No,No,Master's,Low,0,10.5
S3659,Ali,Clark,student2659@university.com,Male,22,Business,75.75,65.55,52.74,62.39,95.41,38.03,45.57,59.95,D,Yes,Yes,Master's,Low,0,4.3
S3660,Ali,Williams,student2660@university.com,Male,19,Business,95.6,46.43,51.67,99.02,86.33,44.11,34.76,60.39,D,No,Yes,High School,Low,9,7.2
S3661,Maria,Taylor,student2661@university.com,Male,18,Computer Science,88.64,43.71,41.06,38.78,70.97,45.09,93.39,55.5,D,Yes,No,High School,Medium,10,11.7
S3662,Ayesha,Williams,student2662@university.com,Male,22,Business,98.05,65.77,46.79,78.52,54.09,39.09,68.68,58.82,D,No,No,Master's,Medium,2,3.7
S3663,Emma,Khan,student2663@university.com,Male,25,Mathematics,65.32,89.51,57.51,54.6,55.1,70.03,54.02,63.46,D,No,Yes,High School,High,3,11.9
S3664,Ahmed,Clark,student2664@university.com,Male,19,Engineering,63.26,69.17,61.46,89.26,92.8,82.04,36.8,71.92,C,No,No,High School,High,2,7.1
S3665,Ayesha,Brown,student2665@university.com,Male,19,Business,87.69,83.36,43.73,48.71,87.72,71.33,65.47,66.72,C,Yes,No,High School,High,7,3.4
S3666,Sara,Jones,student2666@university.com,Female,25,Physics,89.2,81.06,46.3,85.9,78.28,44.76,48.08,64.06,D,Yes,No,Master's,High,4,7.9
S3667,Sara,Williams,student2667@university.com,Female,21,Engineering,74.15,59.98,75.45,62.99,57.11,82.69,81.83,70.01,C,No,No,Bachelor's,High,5,16.1
S3668,Emma,Brown,student2668@university.com,Male,24,Computer Science,96.6,40.38,39.95,40.6,94.66,70.33,44.48,55.07,D,Yes,Yes,High School,Medium,4,8.5
S3669,Ahmed,Clark,student2669@university.com,Male,23,Business,91.26,93.96,51.06,37.81,60.57,77.75,77.16,66.38,C,No,No,High School,Medium,8,10.9
S3670,Liam,Lee,student2670@university.com,Female,19,Business,88.28,32.93,91.7,63.7,32.15,33.26,88.54,57.05,D,No,Yes,Bachelor's,Medium,2,16.5
S3671,Ahmed,Taylor,student2671@university.com,Female,23,Mathematics,76.38,79.46,84.03,51.71,94.75,92.13,47.11,74.87,C,Yes,No,Bachelor's,Medium,8,17.4
S3672,John,Wilson,student2672@university.com,Female,24,Physics,68.74,79.73,66.67,63.57,68.4,94.55,31.06,67.33,C,Yes,No,Master's,High,9,19.0
S3673,Ayesha,Wilson,student2673@university.com,Male,25,Business,70.5,57.99,76.09,47.5,50.68,90.93,58.29,63.58,D,Yes,No,High School,Medium,0,9.7
S3674,Liam,Williams,student2674@university.com,Female,21,Business,97.88,72.55,72.44,64.41,79.99,55.04,85.32,71.62,C,Yes,Yes,High School,High,1,15.6
S3675,Maria,Jones,student2675@university.com,Male,22,Computer Science,96.56,93.73,87.08,76.83,36.26,98.84,61.67,75.73,B,No,Yes,Bachelor's,Low,1,5.3
S3676,Sara,Williams,student2676@university.com,Female,24,Mathematics,62.8,87.26,78.75,41.11,52.75,46.48,63.85,61.7,D,No,Yes,Master's,Medium,6,19.2
S3677,Ayesha,Wilson,student2677@university.com,Female,23,Business,79.7,36.55,91.61,92.83,84.79,52.99,56.05,69.14,C,Yes,No,High School,Low,4,12.3
S3678,Liam,Wilson,student2678@university.com,Female,24,Physics,69.75,65.45,87.76,34.54,89.61,55.31,89.08,70.29,C,No,Yes,Bachelor's,High,0,3.4
S3679,Sara,Lee,student2679@university.com,Male,21,Engineering,69.58,39.13,77.59,93.33,94.08,59.84,78.57,73.76,C,Yes,No,High School,High,4,7.1
S3680,Ali,Williams,student2680@university.com,Male,19,Mathematics,95.89,80.53,34.7,35.45,78.1,67.83,87.08,63.95,D,Yes,No,Master's,Medium,0,12.5
S3681,Liam,Smith,student2681@university.com,Female,19,Physics,81.32,41.17,47.99,38.15,35.65,44.82,47.65,42.57,F,No,No,Master's,High,6,12.5
S3682,Maria,Wilson,student2682@university.com,Female,18,Computer Science,93.55,35.72,92.94,47.99,68.79,94.79,99.99,73.37,C,No,No,High School,Medium,3,9.2
S3683,Ayesha,Lee,student2683@university.com,Male,22,Computer Science,79.66,93.03,65.12,90.15,65.87,74.51,68.19,76.14,B,Yes,Yes,Bachelor's,High,8,11.6
S3684,Noah,Jones,student2684@university.com,Male,24,Engineering,85.53,39.18,42.71,66.56,89.36,77.7,99.23,69.12,C,No,No,High School,High,7,1.6
S3685,Maria,Smith,student2685@university.com,Male,19,Computer Science,67.4,95.67,77.55,45.6,87.33,89.88,87.03,80.51,B,Yes,No,Bachelor's,Medium,9,9.1
S3686,Ahmed,Jones,student2686@university.com,Female,25,Computer Science,74.46,96.56,37.81,72.26,66.75,72.87,40.87,64.52,D,Yes,Yes,Master's,High,10,2.6
S3687,Emma,Khan,student2687@university.com,Female,21,Business,90.01,64.75,95.01,88.88,68.54,78.35,39.66,72.53,C,Yes,Yes,Bachelor's,Low,1,14.2
S3688,Maria,Smith,student2688@university.com,Male,21,Computer Science,72.63,65.16,78.54,63.46,44.55,76.74,58.58,64.5,D,No,No,Master's,Low,9,6.0
S3689,Ahmed,Williams,student2689@university.com,Male,25,Mathematics,95.64,49.88,92.14,74.46,78.32,65.24,32.39,65.41,C,No,No,Bachelor's,High,1,11.2
S3690,Maria,Brown,student2690@university.com,Female,22,Engineering,96.73,44.7,84.57,85.79,63.24,78.72,87.58,74.1,C,Yes,Yes,Bachelor's,High,2,17.0
S3691,Ali,Smith,student2691@university.com,Female,25,Physics,88.61,61.68,96.15,73.17,74.62,77.84,65.57,74.84,C,Yes,No,Master's,Low,6,2.1
S3692,Liam,Khan,student2692@university.com,Female,23,Engineering,92.08,73.44,38.47,83.72,65.03,64.56,54.23,63.24,D,No,No,Bachelor's,Medium,2,8.1
S3693,Maria,Lee,student2693@university.com,Female,20,Mathematics,79.93,47.63,79.97,79.2,31.62,37.43,37.94,52.3,D,Yes,Yes,Bachelor's,Medium,10,9.5
S3694,Ahmed,Smith,student2694@university.com,Female,18,Engineering,92.29,90.12,88.11,35.61,89.18,91.81,31.5,71.06,C,No,No,Master's,Low,9,18.8
S3695,Omar,Taylor,student2695@university.com,Male,21,Business,91.14,64.58,34.53,63.88,95.75,34.09,35.49,54.72,D,Yes,Yes,High School,High,7,1.7
S3696,Liam,Smith,student2696@university.com,Male,23,Computer Science,70.48,47.71,71.46,88.21,44.81,95.47,49.66,66.22,C,No,No,Bachelor's,Medium,7,8.3
S3697,Ayesha,Clark,student2697@university.com,Male,21,Business,71.97,82.16,76.59,86.23,72.19,61.61,84.05,77.14,B,Yes,No,Master's,Medium,3,10.0
S3698,Noah,Wilson,student2698@university.com,Male,24,Engineering,91.66,89.22,82.2,37.14,44.93,39.93,71.77,60.87,D,No,No,High School,Low,1,14.3
S3699,Liam,Wilson,student2699@university.com,Female,24,Mathematics,81.53,50.57,65.4,62.69,35.36,87.01,52.41,58.91,D,No,No,High School,Low,8,16.4
S3700,Liam,Williams,student2700@university.com,Female,25,Mathematics,64.67,65.92,85.0,36.5,97.7,83.62,89.84,76.43,B,No,Yes,Bachelor's,High,6,12.3
S3701,Ayesha,Lee,student2701@university.com,Male,19,Engineering,73.17,64.71,77.41,98.01,64.53,79.0,57.0,73.44,C,Yes,No,Master's,Medium,2,1.4
S3702,Maria,Lee,student2702@university.com,Female,21,Mathematics,97.77,98.85,57.56,68.88,98.82,85.67,68.81,79.77,B,Yes,No,Master's,Low,4,18.4
S3703,Maria,Wilson,student2703@university.com,Male,22,Physics,88.57,72.65,45.5,45.84,96.99,41.24,79.03,63.54,D,Yes,No,Master's,Low,9,16.0
S3704,Ayesha,Clark,student2704@university.com,Male,21,Engineering,60.28,33.11,95.33,45.07,34.36,44.39,64.8,52.84,D,Yes,Yes,Bachelor's,Low,4,1.5
S3705,Maria,Taylor,student2705@university.com,Female,19,Mathematics,92.62,31.09,32.41,36.28,95.86,71.56,56.02,53.87,D,Yes,Yes,Master's,Low,7,13.3
S3706,John,Jones,student2706@university.com,Female,25,Physics,89.65,97.45,36.12,65.97,93.64,81.3,92.23,77.79,B,Yes,No,Bachelor's,High,7,15.1
S3707,Sara,Lee,student2707@university.com,Female,18,Physics,82.75,82.21,40.09,67.52,45.64,38.3,91.01,60.79,D,No,No,Master's,Medium,2,1.8
S3708,Ayesha,Brown,student2708@university.com,Female,25,Business,67.25,78.95,32.5,44.6,41.79,99.67,30.28,54.63,D,No,No,Bachelor's,Low,4,1.6
S3709,Ahmed,Wilson,student2709@university.com,Male,23,Business,82.34,99.91,50.28,57.35,74.78,88.38,90.31,76.83,B,No,No,Bachelor's,High,5,13.2
S3710,Noah,Smith,student2710@university.com,Male,22,Business,65.32,33.62,35.0,31.39,69.22,43.31,52.78,44.22,F,No,Yes,High School,Medium,9,9.4
S3711,Omar,Brown,student2711@university.com,Male,21,Engineering,84.63,43.63,64.53,44.42,45.91,70.68,88.39,59.59,D,Yes,Yes,High School,Medium,0,4.7
S3712,Sara,Brown,student2712@university.com,Male,23,Computer Science,85.63,34.52,62.62,68.15,36.69,83.86,90.15,62.66,D,Yes,No,Bachelor's,Medium,4,19.7
S3713,John,Ahmed,student2713@university.com,Female,23,Business,75.11,75.3,48.29,98.51,33.47,61.24,88.81,67.6,C,No,Yes,Master's,High,6,4.6
S3714,Liam,Ahmed,student2714@university.com,Female,18,Computer Science,89.15,82.8,59.84,56.25,73.11,57.17,58.29,64.58,D,Yes,Yes,Bachelor's,High,3,19.2
S3715,Sara,Taylor,student2715@university.com,Female,20,Physics,89.26,39.41,33.78,86.1,72.19,32.17,33.2,49.47,F,Yes,Yes,Master's,Low,3,12.1
S3716,Ahmed,Smith,student2716@university.com,Male,20,Computer Science,73.38,69.52,36.94,35.58,58.78,86.35,34.85,53.67,D,No,Yes,Master's,High,8,2.1
S3717,Sara,Smith,student2717@university.com,Female,19,Physics,88.6,40.06,49.47,54.08,30.58,98.95,89.78,60.49,D,Yes,Yes,Master's,High,9,3.4
S3718,Maria,Smith,student2718@university.com,Female,21,Business,80.47,88.28,70.23,37.28,71.08,93.44,83.26,73.93,C,Yes,No,Bachelor's,Medium,5,10.3
S3719,Ali,Lee,student2719@university.com,Male,24,Mathematics,70.07,48.36,90.33,64.02,47.31,45.76,41.92,56.28,D,No,Yes,Bachelor's,Low,3,11.8
S3720,Sara,Wilson,student2720@university.com,Female,18,Physics,90.86,78.04,91.28,71.81,77.56,74.86,91.59,80.86,B,No,Yes,Bachelor's,High,4,4.5
S3721,Omar,Khan,student2721@university.com,Female,18,Physics,90.8,70.82,85.69,73.06,98.65,72.21,76.84,79.55,B,No,No,High School,Low,4,15.7
S3722,Ayesha,Wilson,student2722@university.com,Female,23,Business,71.15,48.54,62.79,77.87,86.28,53.25,50.96,63.28,D,No,Yes,Bachelor's,Medium,4,6.6
S3723,Omar,Wilson,student2723@university.com,Female,20,Business,71.86,78.84,86.06,69.62,39.94,95.97,37.26,67.95,C,Yes,Yes,High School,Low,4,18.9
S3724,Liam,Lee,student2724@university.com,Male,19,Business,81.54,66.94,49.22,87.81,55.41,76.21,86.53,70.35,C,Yes,No,High School,Medium,5,13.0
S3725,Liam,Ahmed,student2725@university.com,Male,19,Mathematics,78.74,78.09,36.75,71.34,78.3,76.84,35.2,62.75,D,Yes,Yes,High School,Low,0,15.6
S3726,Sara,Khan,student2726@university.com,Female,19,Engineering,87.15,36.82,90.06,39.42,30.5,75.57,49.74,53.69,D,No,Yes,High School,Low,9,5.9
S3727,Sara,Wilson,student2727@university.com,Female,25,Physics,72.29,70.24,61.74,97.7,62.36,60.84,67.89,70.13,C,Yes,Yes,High School,High,8,6.7
S3728,Emma,Taylor,student2728@university.com,Male,18,Computer Science,96.82,79.34,71.19,58.46,96.94,53.42,71.87,71.87,C,Yes,Yes,Master's,High,6,10.2
S3729,Liam,Brown,student2729@university.com,Male,20,Engineering,70.32,33.75,54.36,38.66,95.16,44.89,86.3,58.85,D,Yes,Yes,Bachelor's,Low,7,3.0
S3730,Noah,Khan,student2730@university.com,Male,22,Physics,90.59,30.19,87.2,90.66,97.88,37.75,78.44,70.35,C,No,Yes,Bachelor's,Medium,7,11.4
S3731,Ayesha,Lee,student2731@university.com,Male,25,Engineering,75.54,39.41,73.65,34.63,88.93,32.86,48.9,53.06,D,No,Yes,Master's,Low,2,2.0
S3732,Noah,Brown,student2732@university.com,Male,18,Business,78.37,85.06,43.59,92.2,38.94,31.89,57.26,58.16,D,Yes,Yes,Master's,Medium,5,16.8
S3733,Ahmed,Jones,student2733@university.com,Male,20,Computer Science,93.4,80.54,33.62,64.66,78.09,32.81,39.09,54.8,D,No,No,Bachelor's,Medium,7,4.6
S3734,Ali,Brown,student2734@university.com,Male,25,Engineering,64.07,45.37,40.39,94.73,67.52,47.52,78.43,62.33,D,No,No,Master's,Medium,4,4.1
S3735,Omar,Brown,student2735@university.com,Male,24,Business,80.22,48.62,61.64,92.57,93.55,78.73,72.57,74.61,C,No,Yes,Bachelor's,High,1,9.0
S3736,Ali,Smith,student2736@university.com,Male,18,Business,99.38,76.4,71.15,48.46,38.59,79.05,61.27,62.49,D,Yes,No,High School,High,7,11.6
S3737,Ahmed,Smith,student2737@university.com,Female,23,Engineering,89.59,48.07,63.76,98.14,51.62,41.43,54.98,59.67,D,No,No,High School,High,1,9.2
S3738,Sara,Jones,student2738@university.com,Male,23,Mathematics,66.29,54.72,83.54,69.27,76.6,75.51,30.74,65.06,C,No,No,High School,Medium,7,9.2
S3739,Emma,Wilson,student2739@university.com,Male,21,Physics,91.56,91.79,80.15,45.59,34.27,65.65,99.78,69.54,C,Yes,Yes,Master's,Low,5,19.6
S3740,Ayesha,Wilson,student2740@university.com,Female,20,Physics,66.91,72.94,91.45,85.06,57.86,94.73,52.97,75.83,B,No,No,Bachelor's,Medium,9,4.6
S3741,Maria,Ahmed,student2741@university.com,Female,18,Physics,90.98,36.1,97.45,90.12,37.79,56.21,80.56,66.37,C,Yes,No,Bachelor's,High,1,3.5
S3742,Liam,Wilson,student2742@university.com,Male,25,Business,95.4,58.93,44.59,52.92,40.05,82.79,45.22,54.08,D,No,No,Master's,Low,4,5.3
S3743,Liam,Brown,student2743@university.com,Female,21,Computer Science,90.69,45.31,83.65,89.93,95.48,64.27,87.95,77.77,B,No,Yes,High School,Medium,3,11.0
S3744,Liam,Jones,student2744@university.com,Male,25,Business,95.96,66.29,47.35,49.7,60.36,98.34,85.35,67.9,C,Yes,Yes,Master's,Medium,10,19.6
S3745,Maria,Lee,student2745@university.com,Male,18,Mathematics,63.24,50.11,62.04,38.33,94.49,60.24,68.01,62.2,D,No,Yes,Bachelor's,Medium,9,9.9
S3746,Liam,Ahmed,student2746@university.com,Male,25,Engineering,99.97,35.07,40.31,58.4,97.88,73.65,94.89,66.7,C,Yes,Yes,Master's,High,4,1.8
S3747,John,Clark,student2747@university.com,Male,24,Engineering,88.15,32.17,71.57,81.33,99.04,34.9,98.22,69.54,C,Yes,Yes,Master's,High,7,12.8
S3748,Noah,Smith,student2748@university.com,Male,25,Physics,77.32,46.39,60.23,86.13,63.53,86.2,73.73,69.37,C,Yes,Yes,High School,Medium,4,8.6
S3749,John,Taylor,student2749@university.com,Female,21,Physics,75.73,96.07,43.11,56.5,65.85,32.9,59.77,59.03,D,Yes,No,High School,High,8,4.7
S3750,Sara,Ahmed,student2750@university.com,Male,21,Engineering,81.81,43.24,49.69,67.36,63.53,76.26,57.1,59.53,D,No,No,Bachelor's,High,2,1.5
S3751,Ali,Clark,student2751@university.com,Male,18,Mathematics,77.99,60.12,48.2,70.04,82.98,30.9,62.13,59.06,D,No,Yes,Bachelor's,Medium,1,5.9
S3752,Sara,Clark,student2752@university.com,Female,21,Business,74.95,83.15,36.84,30.28,74.31,79.65,32.89,56.19,D,No,Yes,Master's,High,9,19.5
S3753,Sara,Wilson,student2753@university.com,Male,23,Physics,66.18,67.25,50.88,48.53,75.68,30.91,97.87,61.85,D,Yes,Yes,Master's,High,2,10.8
S3754,Emma,Lee,student2754@university.com,Male,20,Computer Science,82.4,77.85,92.32,71.09,65.45,97.73,71.2,79.27,B,Yes,No,High School,Medium,0,6.3
S3755,Ali,Smith,student2755@university.com,Male,22,Engineering,95.51,37.22,48.11,99.8,63.37,45.4,85.24,63.19,D,Yes,No,High School,Low,7,13.2
S3756,Emma,Clark,student2756@university.com,Male,25,Computer Science,72.85,32.9,31.88,63.68,32.93,97.09,38.72,49.53,F,Yes,No,High School,Medium,7,16.9
S3757,Sara,Lee,student2757@university.com,Male,20,Physics,66.75,92.81,88.91,55.59,75.98,99.71,77.72,81.79,B,No,Yes,High School,Low,6,1.0
S3758,Ali,Clark,student2758@university.com,Male,24,Physics,67.31,32.42,43.92,43.72,50.47,42.27,43.0,42.63,F,No,No,Bachelor's,High,3,11.7
S3759,Liam,Lee,student2759@university.com,Male,23,Computer Science,85.46,32.35,63.6,43.62,70.72,85.85,68.71,60.81,D,No,No,Bachelor's,High,4,17.4
S3760,John,Clark,student2760@university.com,Female,22,Business,66.55,70.44,64.0,81.52,35.98,88.37,34.32,62.44,D,No,Yes,Master's,Low,3,16.0
S3761,Liam,Brown,student2761@university.com,Female,23,Mathematics,99.76,35.19,98.74,61.65,67.34,94.15,30.99,64.68,D,No,No,High School,Medium,4,12.0
S3762,Noah,Jones,student2762@university.com,Male,24,Business,92.41,31.49,59.04,67.52,67.67,69.74,53.02,58.08,D,Yes,Yes,Bachelor's,High,6,14.7
S3763,Emma,Brown,student2763@university.com,Female,22,Mathematics,87.94,61.49,41.67,61.71,56.43,78.43,42.78,57.09,D,No,Yes,High School,Medium,10,10.8
S3764,John,Wilson,student2764@university.com,Female,21,Engineering,62.89,66.71,40.3,92.21,50.98,40.18,47.83,56.37,D,No,No,Bachelor's,High,4,3.6
S3765,Noah,Lee,student2765@university.com,Male,25,Business,83.45,60.76,95.82,41.55,33.69,93.4,36.46,60.28,D,No,No,Master's,Low,6,19.6
S3766,Noah,Wilson,student2766@university.com,Female,24,Computer Science,65.86,87.01,96.69,62.4,55.73,51.39,46.78,66.67,C,Yes,Yes,Master's,Medium,10,14.8
S3767,Sara,Clark,student2767@university.com,Male,21,Physics,81.55,79.51,40.49,89.96,95.37,80.04,95.27,80.11,B,No,Yes,High School,Medium,7,1.2
S3768,Emma,Taylor,student2768@university.com,Female,25,Mathematics,62.4,41.63,63.99,45.01,34.47,90.48,91.19,61.13,D,No,Yes,High School,Medium,3,2.9
S3769,Maria,Khan,student2769@university.com,Female,24,Engineering,92.12,74.73,71.45,75.21,66.46,84.84,78.55,75.21,B,Yes,Yes,Master's,High,9,15.5
S3770,Ayesha,Wilson,student2770@university.com,Female,21,Mathematics,77.56,45.81,41.71,95.87,88.03,42.31,90.01,67.29,C,No,Yes,Bachelor's,High,4,19.2
S3771,Noah,Ahmed,student2771@university.com,Female,23,Engineering,88.98,30.66,72.86,92.76,50.01,67.96,32.07,57.72,D,No,No,Bachelor's,Medium,10,18.8
S3772,Emma,Jones,student2772@university.com,Female,22,Mathematics,94.61,49.64,86.83,85.56,65.18,88.29,99.81,79.22,B,Yes,Yes,Bachelor's,High,7,12.3
S3773,Ayesha,Clark,student2773@university.com,Female,20,Business,68.27,61.58,37.12,60.78,65.45,68.83,64.84,59.77,D,Yes,No,Bachelor's,High,2,7.9
S3774,Noah,Brown,student2774@university.com,Female,18,Engineering,78.2,37.87,82.66,89.49,60.22,74.76,81.72,71.12,C,Yes,No,Master's,Medium,1,4.9
S3775,Noah,Williams,student2775@university.com,Male,18,Business,75.21,84.37,46.15,83.27,51.45,56.89,81.63,67.29,C,No,Yes,High School,High,3,8.2
S3776,Ahmed,Taylor,student2776@university.com,Male,19,Physics,89.23,71.14,83.87,61.48,38.28,33.51,38.31,54.43,D,Yes,Yes,Master's,Medium,9,6.9
S3777,Noah,Williams,student2777@university.com,Male,21,Business,71.6,48.22,36.56,58.79,37.38,44.91,54.28,46.69,F,Yes,Yes,Master's,Medium,0,3.4
S3778,Omar,Williams,student2778@university.com,Male,20,Mathematics,67.58,97.69,36.06,89.5,30.4,82.67,88.52,70.81,C,No,Yes,High School,Medium,3,10.7
S3779,Maria,Brown,student2779@university.com,Male,20,Computer Science,75.39,65.02,39.75,97.28,71.72,63.5,57.42,65.78,C,No,Yes,High School,Medium,0,12.8
S3780,Omar,Lee,student2780@university.com,Female,24,Computer Science,81.64,32.33,83.09,68.34,70.82,35.84,70.74,60.19,D,No,No,Master's,High,3,18.6
S3781,Ahmed,Wilson,student2781@university.com,Female,25,Physics,95.66,46.53,61.99,89.96,91.86,91.86,38.68,70.15,C,No,Yes,High School,Medium,4,19.7
S3782,Maria,Williams,student2782@university.com,Female,20,Engineering,63.76,63.8,63.84,76.17,35.57,78.31,69.38,64.51,D,Yes,Yes,High School,Medium,0,10.5
S3783,Liam,Taylor,student2783@university.com,Male,25,Business,69.75,92.8,72.4,57.64,61.25,39.68,92.64,69.4,C,Yes,Yes,Bachelor's,Medium,4,2.9
S3784,Noah,Wilson,student2784@university.com,Female,19,Business,79.03,36.5,79.99,50.17,87.05,65.9,80.16,66.63,C,No,Yes,High School,Low,5,1.5
S3785,Sara,Khan,student2785@university.com,Male,18,Computer Science,81.01,31.27,31.23,61.75,85.62,74.05,97.74,63.61,D,Yes,No,Bachelor's,High,3,17.3
S3786,John,Khan,student2786@university.com,Female,18,Computer Science,63.7,77.16,42.94,85.45,88.16,59.38,33.12,64.37,D,Yes,No,Master's,Medium,3,17.8
S3787,Ayesha,Clark,student2787@university.com,Female,21,Business,97.09,76.13,82.06,33.22,65.84,57.19,78.87,65.55,C,No,Yes,High School,Low,9,14.7
S3788,Noah,Wilson,student2788@university.com,Female,21,Engineering,97.55,85.94,46.26,89.49,63.45,49.17,85.76,70.01,C,Yes,Yes,Bachelor's,High,4,8.7
S3789,John,Taylor,student2789@university.com,Female,25,Physics,90.57,62.42,98.34,98.56,72.74,80.34,83.71,82.68,B,No,No,Bachelor's,High,7,17.4
S3790,Liam,Ahmed,student2790@university.com,Female,22,Physics,95.91,85.46,92.1,66.46,57.67,34.42,36.59,62.12,D,No,No,Master's,Low,9,16.5
S3791,Sara,Wilson,student2791@university.com,Female,22,Engineering,76.44,85.14,64.79,31.21,47.25,76.63,93.62,66.44,C,No,Yes,Bachelor's,High,9,5.6
S3792,Ayesha,Wilson,student2792@university.com,Male,19,Computer Science,95.48,33.86,35.75,63.64,75.87,48.08,74.82,55.34,D,No,Yes,High School,Low,6,18.1
S3793,Ayesha,Smith,student2793@university.com,Female,20,Computer Science,73.57,87.84,37.9,85.45,38.64,34.46,89.95,62.37,D,No,No,High School,Low,10,4.3
S3794,Emma,Wilson,student2794@university.com,Female,25,Computer Science,74.3,53.22,93.16,89.97,41.29,90.93,78.05,74.44,C,No,Yes,High School,High,0,13.7
S3795,Omar,Jones,student2795@university.com,Male,18,Engineering,78.35,76.53,90.92,57.62,96.86,76.53,66.25,77.45,B,Yes,Yes,High School,Medium,0,17.5
S3796,Ayesha,Clark,student2796@university.com,Male,18,Engineering,94.38,32.57,33.21,57.26,32.98,54.72,73.97,47.45,F,Yes,Yes,Master's,Medium,1,2.1
S3797,Ali,Ahmed,student2797@university.com,Female,22,Computer Science,81.86,50.19,54.09,66.61,31.29,36.85,71.04,51.68,D,No,No,Master's,Low,4,17.4
S3798,Sara,Wilson,student2798@university.com,Female,19,Physics,94.39,68.85,52.75,86.21,62.78,94.43,92.85,76.31,B,No,Yes,Master's,Medium,2,6.6
S3799,Noah,Taylor,student2799@university.com,Male,25,Engineering,61.29,70.04,75.7,35.12,56.3,60.45,60.81,59.74,D,No,No,Bachelor's,Low,0,19.3
S3800,Omar,Brown,student2800@university.com,Male,20,Physics,71.46,82.04,44.85,42.83,84.63,91.42,81.17,71.16,C,No,Yes,Master's,Low,9,11.5
S3801,John,Khan,student2801@university.com,Female,22,Engineering,87.46,81.29,77.43,39.08,68.16,39.7,32.66,56.39,D,Yes,No,Bachelor's,Low,8,1.4
S3802,Noah,Wilson,student2802@university.com,Female,23,Physics,70.07,91.38,36.14,97.31,69.05,31.8,64.43,65.02,C,Yes,Yes,Bachelor's,Low,9,4.5
S3803,John,Clark,student2803@university.com,Male,22,Physics,87.4,33.09,92.9,34.95,39.42,74.08,66.87,56.88,D,Yes,Yes,Bachelor's,Medium,6,9.1
S3804,Sara,Clark,student2804@university.com,Female,22,Mathematics,68.4,75.35,30.05,85.32,95.72,59.9,47.56,65.65,C,Yes,No,Bachelor's,Low,9,9.6
S3805,Sara,Taylor,student2805@university.com,Female,20,Physics,73.79,46.62,37.11,36.76,91.59,92.74,61.16,61.0,D,Yes,Yes,Bachelor's,Low,6,17.9
S3806,Sara,Jones,student2806@university.com,Female,19,Business,80.32,97.03,95.45,32.14,56.03,72.38,60.95,69.0,C,Yes,Yes,Master's,High,8,19.6
S3807,John,Khan,student2807@university.com,Female,25,Mathematics,80.73,35.5,75.74,66.25,33.73,93.74,32.7,56.28,D,No,No,Bachelor's,High,8,18.6
S3808,Ahmed,Ahmed,student2808@university.com,Male,18,Engineering,78.13,30.65,36.14,64.91,90.06,75.16,68.42,60.89,D,No,No,High School,Low,8,5.2
S3809,Ali,Ahmed,student2809@university.com,Male,24,Computer Science,73.04,64.33,30.15,31.13,66.59,62.83,94.6,58.27,D,No,Yes,Bachelor's,High,5,18.0
S3810,Ayesha,Taylor,student2810@university.com,Female,19,Computer Science,69.32,95.94,41.53,83.8,45.92,46.11,37.8,58.52,D,Yes,Yes,Master's,Low,2,8.7
S3811,John,Lee,student2811@university.com,Female,18,Engineering,74.52,78.73,33.21,78.96,85.97,72.02,89.34,73.04,C,Yes,Yes,Master's,Low,3,17.7
S3812,Noah,Khan,student2812@university.com,Female,22,Engineering,96.49,53.42,78.29,30.43,43.49,91.74,72.17,61.59,D,Yes,No,High School,High,2,1.5
S3813,Liam,Lee,student2813@university.com,Male,24,Mathematics,66.15,51.41,74.55,59.01,36.07,62.1,44.19,54.55,D,Yes,No,High School,Low,2,5.7
S3814,Liam,Williams,student2814@university.com,Female,23,Computer Science,98.6,50.92,41.42,65.87,39.07,91.16,69.58,59.67,D,Yes,No,Bachelor's,High,3,13.9
S3815,Noah,Khan,student2815@university.com,Female,24,Physics,65.01,33.8,88.38,78.6,51.32,59.53,40.68,58.72,D,No,Yes,High School,High,1,16.8
S3816,Ahmed,Jones,student2816@university.com,Male,20,Mathematics,74.91,34.7,51.32,74.92,39.17,46.17,42.97,48.21,F,No,Yes,High School,Low,0,15.2
S3817,Maria,Jones,student2817@university.com,Female,23,Business,79.59,53.52,32.01,96.04,90.4,41.01,93.84,67.8,C,No,No,High School,High,2,16.3
S3818,Emma,Clark,student2818@university.com,Male,18,Mathematics,94.37,85.06,53.52,67.17,59.64,96.85,85.92,74.69,C,No,Yes,Bachelor's,High,0,1.6
S3819,Maria,Brown,student2819@university.com,Female,23,Engineering,71.68,63.12,96.22,73.56,92.26,47.62,67.67,73.41,C,No,No,Master's,Low,3,2.6
S3820,Omar,Lee,student2820@university.com,Male,18,Engineering,95.92,93.39,75.31,49.91,35.11,86.88,48.22,64.8,D,Yes,No,Master's,Medium,4,19.2
S3821,Ali,Brown,student2821@university.com,Female,25,Engineering,71.68,70.41,44.94,65.29,34.67,34.31,48.97,49.77,F,No,No,High School,Low,7,14.1
S3822,Maria,Smith,student2822@university.com,Male,19,Computer Science,77.52,53.39,95.36,38.92,74.03,54.75,32.76,58.2,D,Yes,Yes,Master's,Medium,10,15.5
S3823,Maria,Wilson,student2823@university.com,Male,25,Business,86.3,47.56,92.26,82.47,46.42,90.23,68.71,71.27,C,Yes,No,High School,High,10,11.9
S3824,Ali,Ahmed,student2824@university.com,Female,24,Business,95.38,32.1,85.4,87.86,69.37,89.72,87.74,75.37,B,No,No,Master's,High,8,14.0
S3825,Noah,Wilson,student2825@university.com,Male,24,Engineering,95.29,58.93,57.61,39.93,57.53,73.05,60.14,57.87,D,Yes,No,Master's,High,1,19.8
S3826,John,Clark,student2826@university.com,Male,19,Physics,77.74,84.55,35.43,83.02,98.08,69.28,56.13,71.08,C,No,No,Master's,Medium,0,3.7
S3827,Ali,Brown,student2827@university.com,Female,21,Engineering,80.71,37.1,46.98,48.79,76.49,97.11,44.54,58.5,D,No,No,High School,High,10,5.5
S3828,Ali,Clark,student2828@university.com,Male,21,Business,80.14,50.22,97.23,76.84,92.82,60.67,76.08,75.64,B,Yes,Yes,High School,High,3,9.6
S3829,Emma,Smith,student2829@university.com,Male,18,Engineering,71.13,67.52,39.81,72.67,30.58,59.9,78.38,58.14,D,No,No,High School,Medium,2,17.8
S3830,Ayesha,Taylor,student2830@university.com,Male,23,Engineering,98.15,80.96,90.08,45.53,79.06,68.78,93.51,76.32,B,Yes,No,High School,High,6,14.9
S3831,John,Ahmed,student2831@university.com,Female,20,Mathematics,80.84,82.15,54.8,48.1,99.33,89.5,45.42,69.88,C,Yes,No,Bachelor's,Low,0,3.9
S3832,Omar,Ahmed,student2832@university.com,Male,23,Business,74.0,81.39,98.67,77.64,73.94,36.1,73.83,73.59,C,No,No,High School,High,3,19.0
S3833,Ali,Clark,student2833@university.com,Female,23,Engineering,79.7,68.32,34.96,85.08,81.0,56.3,80.35,67.67,C,Yes,Yes,Bachelor's,Low,0,2.2
S3834,Liam,Smith,student2834@university.com,Male,22,Engineering,72.81,90.47,95.99,58.69,97.8,86.45,45.23,79.11,B,No,Yes,High School,High,7,7.5
S3835,Liam,Clark,student2835@university.com,Male,22,Business,62.22,67.77,55.03,98.06,36.45,78.85,64.15,66.72,C,No,No,High School,High,1,14.4
S3836,Ali,Ahmed,student2836@university.com,Female,23,Physics,67.65,94.31,86.5,50.26,68.35,88.73,68.18,76.05,B,No,Yes,High School,High,4,1.9
S3837,Omar,Ahmed,student2837@university.com,Male,23,Engineering,79.81,47.02,52.83,94.17,42.44,93.4,86.47,69.39,C,No,No,Master's,High,3,7.5
S3838,Ayesha,Taylor,student2838@university.com,Male,19,Mathematics,92.47,73.59,61.2,63.82,81.35,43.44,57.05,63.41,D,No,Yes,High School,High,0,5.9
S3839,Sara,Taylor,student2839@university.com,Female,23,Mathematics,70.16,66.0,38.54,93.2,58.21,67.11,48.24,61.88,D,No,Yes,Master's,Low,7,15.0
S3840,Emma,Smith,student2840@university.com,Male,23,Engineering,88.43,86.69,77.69,98.78,70.11,33.7,79.09,74.34,C,Yes,Yes,Bachelor's,Medium,7,5.0
S3841,Omar,Taylor,student2841@university.com,Male,22,Mathematics,91.7,61.38,97.81,31.19,91.09,56.93,50.37,64.8,D,Yes,Yes,High School,High,10,10.5
S3842,Noah,Jones,student2842@university.com,Male,20,Physics,87.96,71.96,64.92,44.04,57.52,48.2,94.47,63.52,D,No,Yes,Bachelor's,Medium,1,4.9
S3843,Liam,Clark,student2843@university.com,Female,24,Physics,95.02,69.14,36.01,47.7,33.64,55.34,77.0,53.14,D,No,No,Bachelor's,High,3,8.5
S3844,Emma,Brown,student2844@university.com,Male,20,Physics,72.79,96.9,64.87,74.58,32.93,69.84,87.67,71.13,C,Yes,Yes,Bachelor's,Low,9,5.7
S3845,Omar,Brown,student2845@university.com,Male,24,Mathematics,98.77,71.73,39.38,97.52,53.21,55.44,72.88,65.03,C,Yes,No,High School,Low,6,10.5
S3846,Emma,Clark,student2846@university.com,Male,20,Engineering,98.98,88.73,32.92,42.77,81.63,44.44,59.61,58.35,D,Yes,No,High School,Low,10,19.8
S3847,Emma,Taylor,student2847@university.com,Female,25,Business,81.77,53.21,86.34,79.46,41.51,79.03,49.38,64.82,D,No,Yes,Master's,High,10,16.2
S3848,Maria,Clark,student2848@university.com,Female,20,Mathematics,89.18,40.73,63.52,84.17,87.32,30.35,37.55,57.27,D,No,No,Master's,Medium,10,18.8
S3849,Maria,Jones,student2849@university.com,Female,18,Mathematics,81.84,65.21,54.89,58.18,98.62,48.89,47.29,62.18,D,No,No,High School,Medium,1,9.6
S3850,Ali,Lee,student2850@university.com,Male,25,Business,71.33,80.94,35.81,79.54,61.41,47.72,59.18,60.77,D,No,No,Master's,Low,7,19.7
S3851,Omar,Wilson,student2851@university.com,Female,18,Engineering,79.31,96.6,99.06,72.5,36.64,58.36,73.09,72.71,C,Yes,No,Master's,Medium,9,3.2
S3852,Noah,Smith,student2852@university.com,Male,19,Engineering,89.39,30.42,66.72,70.49,41.93,62.86,40.81,52.21,D,Yes,Yes,High School,Low,6,11.5
S3853,Emma,Wilson,student2853@university.com,Female,19,Mathematics,71.1,42.29,62.03,37.43,35.24,93.54,60.4,55.16,D,Yes,No,Bachelor's,High,2,2.2
S3854,Ahmed,Clark,student2854@university.com,Male,24,Physics,96.11,68.8,55.82,92.6,90.81,34.99,89.9,72.15,C,No,No,High School,High,10,4.6
S3855,Ayesha,Wilson,student2855@university.com,Male,19,Physics,74.64,92.52,35.5,53.58,81.04,94.01,41.4,66.34,C,No,No,High School,Medium,6,9.1
S3856,Ahmed,Smith,student2856@university.com,Male,23,Engineering,72.35,54.45,52.86,45.59,56.06,37.32,40.87,47.86,F,No,Yes,High School,High,10,10.6
S3857,Liam,Jones,student2857@university.com,Female,22,Mathematics,89.93,68.3,78.29,43.23,62.06,74.12,87.94,68.99,C,Yes,No,Bachelor's,Medium,2,9.5
S3858,John,Brown,student2858@university.com,Male,18,Physics,93.09,97.14,58.12,43.87,65.77,78.89,74.88,69.78,C,No,No,High School,Low,4,9.3
S3859,Ali,Lee,student2859@university.com,Male,24,Business,63.29,47.34,91.15,36.33,68.97,46.37,36.98,54.52,D,No,Yes,Bachelor's,Low,2,18.6
S3860,Liam,Ahmed,student2860@university.com,Male,24,Engineering,97.82,84.0,84.86,96.74,79.26,42.63,79.58,77.84,B,No,No,Bachelor's,High,10,18.2
S3861,Liam,Williams,student2861@university.com,Female,21,Computer Science,73.25,99.92,44.12,63.61,96.19,42.36,84.69,71.81,C,No,Yes,High School,Low,10,8.9
S3862,Emma,Clark,student2862@university.com,Male,24,Computer Science,88.78,99.13,45.39,72.28,31.95,32.85,46.72,54.72,D,Yes,No,High School,Medium,0,2.5
S3863,Sara,Williams,student2863@university.com,Male,25,Physics,83.96,79.01,60.59,39.71,36.44,42.05,42.95,50.12,D,No,Yes,Master's,High,0,1.7
S3864,John,Lee,student2864@university.com,Male,21,Business,63.01,69.6,46.51,87.19,51.12,83.56,54.94,65.49,C,Yes,No,High School,Medium,0,16.3
S3865,Emma,Williams,student2865@university.com,Female,22,Mathematics,66.92,98.36,91.92,81.16,40.33,83.26,36.56,71.93,C,Yes,No,Master's,Medium,4,14.6
S3866,Emma,Williams,student2866@university.com,Female,20,Engineering,65.87,73.9,41.8,59.62,94.53,70.67,87.19,71.29,C,Yes,Yes,Bachelor's,Low,3,14.3
S3867,John,Clark,student2867@university.com,Female,19,Physics,81.72,86.23,37.22,87.21,49.0,69.1,38.41,61.19,D,No,No,Master's,High,2,7.5
S3868,Ahmed,Jones,student2868@university.com,Female,21,Mathematics,98.27,59.63,48.15,88.22,74.01,89.65,97.73,76.23,B,No,No,Master's,Medium,8,7.8
S3869,Omar,Ahmed,student2869@university.com,Female,22,Mathematics,86.56,70.62,54.63,76.39,72.16,77.0,56.87,67.94,C,Yes,No,Bachelor's,High,5,13.1
S3870,Emma,Williams,student2870@university.com,Female,19,Mathematics,79.15,36.93,74.16,75.34,45.86,54.95,34.36,53.6,D,Yes,Yes,Bachelor's,High,4,6.7
S3871,Omar,Ahmed,student2871@university.com,Female,23,Business,89.76,30.06,97.93,86.45,37.08,91.75,40.59,63.98,D,Yes,No,Master's,High,7,19.3
S3872,Sara,Wilson,student2872@university.com,Female,21,Computer Science,83.73,53.15,43.8,54.46,51.24,96.26,42.57,56.91,D,Yes,Yes,Bachelor's,Low,10,4.4
S3873,Liam,Wilson,student2873@university.com,Female,24,Computer Science,62.32,61.14,74.01,58.89,99.8,73.73,77.96,74.26,C,Yes,No,High School,Low,8,7.6
S3874,Liam,Ahmed,student2874@university.com,Male,23,Physics,62.8,86.1,95.93,72.29,63.41,34.53,53.29,67.59,C,Yes,No,Bachelor's,Medium,7,1.9
S3875,Noah,Khan,student2875@university.com,Female,24,Business,91.26,85.33,82.12,79.03,50.8,62.6,65.38,70.88,C,No,No,Master's,Medium,9,13.0
S3876,Liam,Williams,student2876@university.com,Female,23,Business,62.24,58.08,88.73,56.14,97.04,87.75,44.55,72.05,C,No,Yes,Bachelor's,High,10,18.6
S3877,Liam,Ahmed,student2877@university.com,Male,24,Computer Science,98.51,84.99,50.86,83.87,78.88,37.58,99.5,72.61,C,Yes,No,High School,High,7,20.0
S3878,Ayesha,Brown,student2878@university.com,Male,23,Business,66.69,57.65,36.54,46.91,60.1,78.21,97.62,62.84,D,No,Yes,High School,High,9,7.6
S3879,Omar,Smith,student2879@university.com,Female,18,Physics,70.67,84.72,42.51,87.84,45.47,47.26,78.12,64.32,D,Yes,No,Master's,Low,9,7.0
S3880,Sara,Clark,student2880@university.com,Male,18,Engineering,87.01,69.62,37.11,41.99,85.08,70.07,94.44,66.39,C,Yes,No,Bachelor's,Medium,9,7.0
S3881,Liam,Wilson,student2881@university.com,Male,20,Business,60.6,49.69,76.28,64.43,62.94,59.81,33.72,57.81,D,No,No,High School,Low,7,6.5
S3882,Ahmed,Jones,student2882@university.com,Male,22,Engineering,64.74,62.51,94.56,83.47,66.36,63.15,82.47,75.42,B,No,Yes,Bachelor's,High,3,17.8
S3883,Sara,Jones,student2883@university.com,Male,24,Physics,87.68,66.4,67.52,50.3,84.69,96.96,51.98,69.64,C,No,Yes,Master's,High,8,19.3
S3884,Ahmed,Taylor,student2884@university.com,Male,21,Mathematics,65.7,83.94,43.35,75.74,51.27,81.82,87.29,70.57,C,Yes,Yes,Master's,High,8,2.8
S3885,Ahmed,Wilson,student2885@university.com,Female,22,Mathematics,90.04,95.84,49.05,31.21,70.03,97.12,53.55,66.13,C,Yes,No,High School,High,6,18.5
S3886,John,Wilson,student2886@university.com,Male,18,Physics,70.31,31.93,42.37,58.34,75.37,75.78,87.44,61.87,D,Yes,No,Bachelor's,High,10,18.9
S3887,John,Jones,student2887@university.com,Male,21,Engineering,60.76,84.2,99.91,68.35,94.76,37.64,63.95,74.8,C,Yes,Yes,High School,High,5,11.0
S3888,Sara,Lee,student2888@university.com,Female,21,Mathematics,69.9,62.17,91.94,71.91,77.18,68.65,53.79,70.94,C,Yes,No,Bachelor's,High,4,14.0
S3889,Ali,Smith,student2889@university.com,Female,23,Computer Science,98.21,93.96,80.91,73.39,90.46,99.8,74.64,85.53,A,Yes,Yes,Master's,Medium,2,10.9
S3890,Maria,Taylor,student2890@university.com,Female,24,Business,68.72,65.37,40.82,96.33,31.5,87.72,37.6,59.89,D,No,No,Master's,Medium,0,10.3
S3891,Sara,Smith,student2891@university.com,Male,25,Business,80.12,71.45,88.61,79.23,61.26,45.78,58.78,67.52,C,No,Yes,Master's,High,4,10.5
S3892,Ahmed,Brown,student2892@university.com,Female,25,Physics,82.88,52.36,39.84,57.07,56.92,47.08,46.85,50.02,D,Yes,No,Master's,Low,2,10.2
S3893,Ahmed,Smith,student2893@university.com,Female,19,Physics,71.74,54.06,42.78,66.71,91.79,93.02,83.99,72.06,C,Yes,Yes,High School,Low,3,6.3
S3894,Ahmed,Lee,student2894@university.com,Female,24,Engineering,88.51,47.44,42.88,35.41,79.34,48.09,51.47,50.77,D,No,Yes,High School,Medium,5,6.9
S3895,John,Brown,student2895@university.com,Female,22,Engineering,90.01,45.89,65.56,46.79,32.41,97.43,36.58,54.11,D,No,Yes,High School,Low,4,3.9
S3896,Omar,Wilson,student2896@university.com,Male,19,Business,75.22,60.2,37.67,38.91,42.76,71.84,99.97,58.56,D,No,Yes,Bachelor's,Low,0,9.2
S3897,Ahmed,Williams,student2897@university.com,Female,25,Business,64.8,45.67,50.92,74.06,84.43,51.53,77.28,63.98,D,No,Yes,High School,High,0,2.4
S3898,Emma,Clark,student2898@university.com,Male,18,Engineering,70.86,87.28,79.49,49.0,46.63,96.13,30.3,64.8,D,No,Yes,High School,Low,7,9.4
S3899,Liam,Smith,student2899@university.com,Female,22,Physics,73.63,82.79,30.53,81.76,30.38,85.55,82.39,65.57,C,No,No,High School,Low,0,9.5
S3900,Sara,Smith,student2900@university.com,Female,23,Engineering,78.65,52.68,60.22,35.1,45.09,85.59,71.39,58.34,D,No,No,Bachelor's,High,2,2.6
S3901,Ali,Brown,student2901@university.com,Female,18,Computer Science,98.11,76.44,44.77,44.29,91.1,68.19,49.64,62.41,D,Yes,No,High School,Low,5,19.9
S3902,Noah,Lee,student2902@university.com,Male,20,Business,65.58,66.44,62.91,41.92,53.58,51.92,58.38,55.86,D,Yes,No,High School,Medium,3,17.9
S3903,Noah,Taylor,student2903@university.com,Male,23,Engineering,99.51,83.14,89.0,77.16,86.12,33.47,87.72,76.1,B,No,No,Master's,Low,10,17.5
S3904,Ayesha,Jones,student2904@university.com,Male,22,Engineering,66.62,83.77,67.1,45.36,79.36,55.34,30.39,60.22,D,No,No,Master's,Low,0,12.8
S3905,Noah,Khan,student2905@university.com,Male,23,Engineering,75.56,83.94,86.03,43.87,71.32,39.46,40.09,60.78,D,Yes,Yes,Bachelor's,Low,10,12.5
S3906,Noah,Wilson,student2906@university.com,Female,19,Computer Science,83.16,30.15,36.33,57.92,99.34,58.07,70.65,58.74,D,No,Yes,High School,Low,10,19.0
S3907,Ayesha,Lee,student2907@university.com,Female,18,Engineering,91.54,67.59,41.8,91.36,64.36,58.4,77.22,66.79,C,Yes,No,Master's,Low,8,11.8
S3908,Ali,Ahmed,student2908@university.com,Male,20,Physics,61.31,41.39,41.71,90.77,80.95,39.42,74.84,61.51,D,No,Yes,Bachelor's,Low,1,10.0
S3909,John,Taylor,student2909@university.com,Male,24,Mathematics,77.32,39.18,77.22,57.05,94.38,69.15,89.3,71.05,C,Yes,No,Bachelor's,Low,6,10.1
S3910,Maria,Jones,student2910@university.com,Male,25,Business,65.25,97.31,98.85,78.75,52.11,71.88,48.45,74.56,C,Yes,No,Master's,Low,9,15.6
S3911,Noah,Williams,student2911@university.com,Male,18,Physics,98.16,41.15,89.2,56.77,94.01,39.46,38.32,59.82,D,No,Yes,Master's,High,0,7.2
S3912,Sara,Brown,student2912@university.com,Female,25,Engineering,74.37,67.76,54.7,85.07,68.44,94.08,33.49,67.26,C,Yes,Yes,High School,Low,9,17.7
S3913,Ahmed,Clark,student2913@university.com,Male,25,Business,82.34,62.22,89.73,77.78,77.08,49.9,43.62,66.72,C,No,No,Bachelor's,Low,8,16.8
S3914,Maria,Smith,student2914@university.com,Female,18,Business,83.08,86.4,75.14,73.04,58.34,96.55,50.68,73.36,C,Yes,No,Master's,Low,10,7.7
S3915,Liam,Brown,student2915@university.com,Female,25,Business,76.96,82.11,38.97,79.87,95.85,53.71,82.1,72.1,C,No,No,Bachelor's,Medium,3,17.5
S3916,John,Ahmed,student2916@university.com,Female,20,Computer Science,99.24,95.09,46.4,97.96,91.46,48.67,61.98,73.59,C,No,No,High School,Low,1,16.6
S3917,Liam,Khan,student2917@university.com,Female,18,Physics,98.11,81.72,77.46,49.03,69.53,45.04,69.57,65.39,C,Yes,Yes,High School,Medium,2,1.1
S3918,Ahmed,Lee,student2918@university.com,Female,20,Engineering,61.58,96.17,63.71,56.72,73.32,95.67,55.04,73.44,C,No,No,Bachelor's,High,10,6.1
S3919,Omar,Wilson,student2919@university.com,Male,25,Mathematics,81.23,93.97,41.86,70.72,54.5,41.74,43.86,57.77,D,Yes,No,High School,High,3,5.1
S3920,Liam,Khan,student2920@university.com,Male,18,Mathematics,69.21,97.0,32.47,32.6,60.66,55.85,92.63,61.87,D,Yes,No,High School,High,0,11.6
S3921,Ali,Lee,student2921@university.com,Female,23,Engineering,99.2,53.4,87.2,95.56,84.88,89.13,64.56,79.12,B,Yes,Yes,Master's,High,6,9.2
S3922,Omar,Khan,student2922@university.com,Female,23,Engineering,61.25,89.04,76.99,56.03,87.91,91.34,99.96,83.55,B,Yes,Yes,High School,Medium,7,19.5
S3923,Omar,Ahmed,student2923@university.com,Male,23,Computer Science,61.43,45.78,82.19,35.27,96.61,99.48,97.81,76.19,B,Yes,No,Master's,High,1,10.0
S3924,Ahmed,Ahmed,student2924@university.com,Female,24,Engineering,66.96,50.76,55.83,33.6,79.87,95.59,70.39,64.34,D,No,No,Master's,Low,9,3.5
S3925,Emma,Jones,student2925@university.com,Male,22,Mathematics,76.6,54.19,95.07,46.5,96.71,68.33,65.66,71.08,C,Yes,Yes,Master's,Low,10,2.4
S3926,Sara,Smith,student2926@university.com,Female,21,Computer Science,67.06,93.64,72.54,95.55,45.25,46.25,89.98,73.87,C,No,No,High School,High,8,14.1
S3927,Sara,Lee,student2927@university.com,Female,25,Business,95.91,39.18,41.96,36.39,33.71,70.47,73.08,49.13,F,No,No,High School,Medium,4,4.4
S3928,Ahmed,Clark,student2928@university.com,Male,21,Business,73.86,97.7,51.83,98.34,61.36,58.0,80.83,74.68,C,Yes,Yes,Bachelor's,Low,1,18.3
S3929,Noah,Smith,student2929@university.com,Female,18,Engineering,78.61,88.26,79.85,76.68,92.56,45.18,99.07,80.27,B,No,No,Bachelor's,High,7,10.7
S3930,Sara,Khan,student2930@university.com,Male,23,Computer Science,88.2,57.29,36.29,47.91,50.15,76.22,49.74,52.93,D,No,Yes,Bachelor's,Medium,7,4.2
S3931,Noah,Jones,student2931@university.com,Female,20,Engineering,83.5,97.45,95.89,48.02,83.08,72.32,89.31,81.01,B,Yes,Yes,Master's,Medium,1,2.4
S3932,John,Khan,student2932@university.com,Male,22,Engineering,64.5,90.19,38.61,36.33,66.98,36.19,95.43,60.62,D,Yes,No,Bachelor's,Low,7,3.8
S3933,Ahmed,Taylor,student2933@university.com,Male,24,Mathematics,76.49,58.34,64.87,83.68,67.78,46.02,73.23,65.65,C,Yes,Yes,Master's,High,8,13.1
S3934,Ahmed,Wilson,student2934@university.com,Male,22,Physics,85.49,97.86,42.02,94.34,55.87,53.69,96.16,73.32,C,No,Yes,Bachelor's,Medium,3,17.0
S3935,Sara,Khan,student2935@university.com,Male,20,Computer Science,76.57,54.65,67.7,56.93,44.49,45.08,98.22,61.18,D,No,Yes,Master's,Low,2,7.1
S3936,Ahmed,Clark,student2936@university.com,Female,25,Business,84.83,46.76,47.53,71.7,56.49,84.29,73.16,63.32,D,Yes,Yes,Master's,Medium,3,4.9
S3937,Ayesha,Brown,student2937@university.com,Female,23,Computer Science,95.33,39.97,60.39,56.32,53.1,77.23,49.23,56.04,D,Yes,Yes,Bachelor's,Medium,10,17.9
S3938,Ayesha,Taylor,student2938@university.com,Male,21,Physics,83.98,32.81,68.61,45.28,74.67,85.85,42.07,58.22,D,Yes,No,High School,Low,6,6.8
S3939,John,Williams,student2939@university.com,Female,21,Mathematics,92.2,54.54,63.75,77.71,33.76,30.64,53.14,52.26,D,No,No,Master's,Low,5,9.4
S3940,Ahmed,Wilson,student2940@university.com,Male,18,Mathematics,82.25,86.37,76.19,57.23,62.95,35.95,41.62,60.05,D,No,No,Bachelor's,Low,5,6.1
S3941,Noah,Williams,student2941@university.com,Male,22,Mathematics,60.91,54.15,85.87,55.4,43.98,61.1,76.18,62.78,D,No,Yes,Master's,High,9,12.2
S3942,Maria,Clark,student2942@university.com,Male,18,Engineering,62.0,57.31,38.62,43.09,73.48,94.26,32.13,56.48,D,Yes,No,Master's,Low,9,4.8
S3943,Ahmed,Smith,student2943@university.com,Male,24,Engineering,81.77,42.32,71.75,61.12,57.52,38.22,96.55,61.25,D,Yes,Yes,High School,Low,3,6.8
S3944,Omar,Khan,student2944@university.com,Male,25,Mathematics,78.18,84.77,45.56,39.14,75.16,69.04,75.24,64.82,D,Yes,No,High School,Low,4,3.9
S3945,Sara,Lee,student2945@university.com,Male,23,Mathematics,86.44,59.47,50.35,57.26,82.08,39.27,44.87,55.55,D,Yes,No,Master's,High,6,8.7
S3946,Omar,Smith,student2946@university.com,Female,18,Computer Science,61.64,37.5,84.11,98.73,95.72,80.9,31.25,71.37,C,No,Yes,Master's,High,0,11.0
S3947,Liam,Smith,student2947@university.com,Female,24,Business,83.38,49.54,96.71,99.67,49.35,93.52,87.8,79.43,B,No,Yes,High School,Medium,1,17.1
S3948,Ayesha,Williams,student2948@university.com,Male,21,Physics,90.85,84.91,54.36,39.33,45.38,84.96,30.08,56.5,D,Yes,No,Bachelor's,High,9,20.0
S3949,Sara,Clark,student2949@university.com,Male,20,Computer Science,66.17,51.43,36.64,73.12,94.45,39.29,34.48,54.9,D,Yes,No,Master's,Medium,6,3.9
S3950,Noah,Khan,student2950@university.com,Female,20,Computer Science,82.33,83.72,41.22,41.37,49.56,78.41,34.32,54.77,D,No,Yes,Bachelor's,Low,4,18.6
S3951,Maria,Smith,student2951@university.com,Male,24,Engineering,63.05,66.71,42.32,36.55,48.63,91.97,88.64,62.47,D,Yes,Yes,Bachelor's,Medium,7,8.5
S3952,Sara,Jones,student2952@university.com,Female,21,Mathematics,69.95,43.17,33.49,72.66,66.82,60.9,87.35,60.73,D,No,Yes,Bachelor's,High,2,12.6
S3953,Omar,Taylor,student2953@university.com,Male,23,Business,74.42,67.18,92.31,49.51,60.65,54.35,30.3,59.05,D,No,No,Master's,Low,8,16.9
S3954,Liam,Brown,student2954@university.com,Male,19,Engineering,71.11,82.19,42.94,62.68,60.85,69.59,73.58,65.3,C,Yes,No,Bachelor's,High,7,18.7
S3955,Emma,Lee,student2955@university.com,Female,22,Computer Science,79.72,86.3,47.83,37.05,66.29,74.21,86.34,66.34,C,Yes,No,Bachelor's,High,9,3.3
S3956,John,Brown,student2956@university.com,Female,25,Mathematics,91.05,48.47,93.04,83.95,52.38,44.8,45.25,61.31,D,No,Yes,Bachelor's,Medium,10,6.9
S3957,John,Taylor,student2957@university.com,Male,18,Physics,84.65,75.04,42.86,86.93,72.84,43.82,92.78,69.05,C,Yes,No,Bachelor's,Medium,9,6.9
S3958,Maria,Lee,student2958@university.com,Male,21,Computer Science,88.33,57.66,39.08,97.44,55.39,88.38,63.63,66.93,C,No,Yes,High School,Medium,9,12.0
S3959,Ahmed,Khan,student2959@university.com,Male,19,Computer Science,60.73,53.41,90.82,75.57,90.28,63.75,39.17,68.83,C,No,Yes,Bachelor's,Low,6,8.9
S3960,Sara,Ahmed,student2960@university.com,Female,19,Computer Science,72.35,46.14,48.85,70.09,77.18,54.52,81.79,63.1,D,No,No,Bachelor's,Low,5,1.1
S3961,Maria,Williams,student2961@university.com,Male,18,Mathematics,67.19,54.32,83.73,30.03,68.91,34.25,98.76,61.67,D,No,No,Bachelor's,Low,4,13.3
S3962,John,Taylor,student2962@university.com,Male,24,Business,97.15,63.25,56.67,85.83,98.81,65.81,46.78,69.52,C,Yes,No,High School,Low,0,2.0
S3963,Ayesha,Taylor,student2963@university.com,Male,21,Computer Science,63.59,31.79,53.34,84.13,36.71,91.57,75.59,62.19,D,No,No,Master's,Medium,5,17.3
S3964,Noah,Taylor,student2964@university.com,Female,19,Physics,60.95,64.25,54.3,96.12,38.06,59.58,48.99,60.22,D,No,Yes,High School,Medium,2,9.3
S3965,Noah,Brown,student2965@university.com,Male,20,Computer Science,74.61,55.94,88.99,67.58,75.69,57.53,90.41,72.69,C,Yes,Yes,Bachelor's,High,2,15.2
S3966,Ali,Smith,student2966@university.com,Male,22,Business,96.9,84.44,55.91,72.74,60.68,82.18,76.8,72.12,C,No,Yes,Master's,Medium,1,11.4
S3967,Noah,Ahmed,student2967@university.com,Male,21,Engineering,67.97,59.56,69.32,95.02,76.01,63.38,67.24,71.75,C,Yes,Yes,High School,Medium,2,18.1
S3968,Ahmed,Lee,student2968@university.com,Female,21,Mathematics,95.06,41.63,41.64,63.5,85.49,60.21,40.54,55.5,D,No,No,Bachelor's,High,10,11.3
S3969,Ayesha,Smith,student2969@university.com,Female,23,Computer Science,82.49,98.34,74.9,45.56,48.87,94.77,83.37,74.3,C,No,Yes,Bachelor's,Low,0,15.1
S3970,Noah,Jones,student2970@university.com,Female,22,Mathematics,85.17,46.68,93.28,96.08,69.51,38.44,62.99,67.83,C,No,Yes,Master's,High,1,3.9
S3971,Noah,Smith,student2971@university.com,Male,23,Computer Science,75.96,76.13,89.99,77.23,55.21,79.94,39.8,69.72,C,No,No,Bachelor's,Low,8,10.7
S3972,Noah,Ahmed,student2972@university.com,Female,24,Mathematics,75.83,92.75,32.26,96.32,51.78,84.83,88.86,74.47,C,Yes,No,Bachelor's,Low,5,12.3
S3973,Ayesha,Brown,student2973@university.com,Male,24,Mathematics,61.47,49.31,74.56,82.93,30.35,51.48,45.46,55.68,D,Yes,Yes,Bachelor's,Medium,6,7.9
S3974,Ahmed,Smith,student2974@university.com,Female,22,Engineering,75.48,48.08,89.6,97.98,37.47,60.61,71.49,67.54,C,Yes,Yes,High School,Low,3,17.7
S3975,Omar,Jones,student2975@university.com,Female,22,Engineering,80.35,64.03,47.92,48.1,73.46,81.43,83.06,66.33,C,Yes,No,Master's,Low,4,10.2
S3976,Ahmed,Clark,student2976@university.com,Male,24,Computer Science,82.72,51.77,81.77,68.95,61.21,83.29,99.28,74.38,C,Yes,No,Master's,Low,3,3.0
S3977,Ayesha,Smith,student2977@university.com,Female,24,Engineering,61.64,97.51,58.33,99.18,38.94,96.73,59.36,75.01,B,Yes,Yes,Bachelor's,Low,2,2.1
S3978,John,Khan,student2978@university.com,Female,19,Business,99.31,48.36,88.42,58.43,82.22,67.81,60.86,67.68,C,Yes,No,Bachelor's,Low,2,5.6
S3979,Emma,Lee,student2979@university.com,Female,25,Computer Science,91.31,65.01,73.46,64.22,42.47,63.83,70.43,63.24,D,No,No,High School,Low,2,18.2
S3980,Maria,Jones,student2980@university.com,Male,21,Computer Science,63.21,65.54,81.39,75.44,72.25,56.1,44.65,65.89,C,Yes,Yes,High School,Medium,1,11.0
S3981,Sara,Williams,student2981@university.com,Female,24,Computer Science,62.45,93.72,59.87,73.79,86.29,62.13,40.82,69.44,C,Yes,No,Bachelor's,High,10,6.8
S3982,Noah,Williams,student2982@university.com,Female,20,Engineering,98.86,98.45,97.1,76.76,50.48,43.43,42.09,68.05,C,No,Yes,Bachelor's,High,4,3.2
S3983,Omar,Khan,student2983@university.com,Male,22,Business,81.24,48.5,80.09,80.54,30.76,97.5,65.83,67.2,C,Yes,Yes,Master's,Medium,8,6.9
S3984,John,Brown,student2984@university.com,Male,21,Computer Science,92.79,32.31,98.39,32.43,33.86,46.85,98.42,57.04,D,Yes,Yes,High School,High,7,17.3
S3985,Ahmed,Williams,student2985@university.com,Female,19,Mathematics,82.15,39.27,69.21,36.42,40.51,54.73,31.68,45.3,F,Yes,No,Bachelor's,Medium,7,10.1
S3986,Omar,Khan,student2986@university.com,Male,21,Computer Science,86.46,38.02,32.14,72.5,41.25,88.32,30.94,50.53,D,Yes,Yes,Master's,Low,6,12.2
S3987,Maria,Clark,student2987@university.com,Female,23,Engineering,63.17,56.84,64.11,77.42,72.78,80.57,49.24,66.83,C,Yes,Yes,Bachelor's,High,0,1.0
S3988,Ahmed,Khan,student2988@university.com,Female,25,Computer Science,76.96,85.21,32.77,94.14,60.43,31.93,68.88,62.23,D,Yes,Yes,Bachelor's,High,8,17.2
S3989,Omar,Williams,student2989@university.com,Male,23,Computer Science,84.68,90.67,75.86,43.56,92.78,54.05,51.1,68.0,C,Yes,No,High School,Low,0,11.9
S3990,Ahmed,Ahmed,student2990@university.com,Male,18,Business,86.0,81.84,55.07,60.09,75.7,38.82,66.94,63.08,D,No,Yes,High School,High,4,16.0
S3991,Omar,Williams,student2991@university.com,Male,21,Engineering,65.57,65.26,97.48,96.78,56.63,91.47,53.6,76.87,B,Yes,Yes,High School,Low,10,4.4
S3992,Liam,Smith,student2992@university.com,Female,22,Engineering,81.73,97.73,44.9,95.56,91.67,83.15,71.57,80.76,B,No,No,Master's,Medium,8,1.2
S3993,Maria,Lee,student2993@university.com,Female,25,Mathematics,65.16,81.18,38.76,69.07,92.76,67.05,56.31,67.52,C,No,No,Bachelor's,Low,0,20.0
S3994,Sara,Smith,student2994@university.com,Male,24,Computer Science,93.68,77.23,52.16,85.83,36.57,83.63,85.22,70.11,C,No,Yes,Master's,High,10,18.2
S3995,John,Taylor,student2995@university.com,Male,25,Physics,97.92,50.54,58.74,39.24,45.09,95.16,38.4,54.53,D,No,Yes,Master's,Medium,9,3.9
S3996,Sara,Williams,student2996@university.com,Female,21,Mathematics,67.66,31.02,50.78,63.15,52.82,33.71,67.72,49.87,F,Yes,Yes,High School,High,0,19.9
S3997,John,Brown,student2997@university.com,Female,19,Engineering,81.38,52.63,87.91,98.35,57.2,79.63,92.79,78.08,B,No,Yes,High School,Medium,5,7.1
S3998,Ali,Clark,student2998@university.com,Male,18,Engineering,80.87,84.57,89.16,85.02,30.64,97.58,96.24,80.53,B,No,Yes,Bachelor's,Medium,6,13.9
S3999,Liam,Jones,student2999@university.com,Male,25,Business,69.12,38.66,79.53,37.09,69.28,54.6,86.02,60.86,D,Yes,Yes,Bachelor's,Medium,6,17.2
S4000,Ali,Jones,student3000@university.com,Female,19,Engineering,92.88,41.96,34.91,97.9,95.14,31.1,47.38,58.07,D,No,Yes,Bachelor's,High,2,11.5
S4001,Sara,Clark,student3001@university.com,Female,22,Engineering,71.11,57.36,84.52,92.35,40.7,55.41,88.24,69.76,C,Yes,Yes,High School,High,9,8.8
S4002,Omar,Brown,student3002@university.com,Female,25,Physics,90.32,99.31,41.11,66.39,56.63,62.6,32.71,59.79,D,No,Yes,Bachelor's,High,7,4.9
S4003,Ahmed,Clark,student3003@university.com,Female,23,Mathematics,92.63,64.26,65.7,36.19,49.07,84.78,52.09,58.68,D,No,No,High School,Medium,9,3.0
S4004,John,Khan,student3004@university.com,Male,21,Engineering,60.9,39.97,75.59,54.07,50.23,32.66,63.82,52.72,D,No,No,Master's,High,4,15.1
S4005,Emma,Williams,student3005@university.com,Male,24,Business,93.97,39.4,71.23,75.15,48.41,75.97,98.84,68.17,C,No,No,Master's,Low,8,4.2
S4006,Omar,Taylor,student3006@university.com,Male,22,Mathematics,77.26,75.86,97.1,83.35,45.08,99.25,58.64,76.55,B,No,Yes,High School,High,5,1.8
S4007,Ahmed,Wilson,student3007@university.com,Female,24,Physics,84.97,88.08,76.55,67.55,93.95,35.92,77.39,73.24,C,Yes,Yes,Master's,Medium,4,7.1
S4008,Sara,Smith,student3008@university.com,Female,22,Engineering,67.18,36.86,83.86,94.33,83.76,92.56,89.48,80.14,B,Yes,Yes,Master's,High,2,7.8
S4009,John,Smith,student3009@university.com,Female,22,Computer Science,83.81,98.45,82.61,34.66,77.39,62.67,42.29,66.35,C,Yes,Yes,Bachelor's,High,9,19.2
S4010,Ali,Clark,student3010@university.com,Female,19,Engineering,97.74,66.18,80.78,70.29,70.34,36.56,32.02,59.36,D,No,Yes,Master's,Medium,10,13.0
S4011,Ali,Khan,student3011@university.com,Male,20,Physics,97.08,40.62,59.79,59.14,50.42,44.08,45.05,49.85,F,No,Yes,Bachelor's,High,1,19.7
S4012,Omar,Wilson,student3012@university.com,Male,23,Business,84.68,50.08,96.72,72.01,44.77,67.08,94.55,70.87,C,Yes,No,Master's,High,7,17.1
S4013,Ahmed,Smith,student3013@university.com,Female,23,Engineering,91.75,37.02,30.32,72.22,55.34,74.42,72.0,56.89,D,No,Yes,High School,High,10,4.6
S4014,Liam,Williams,student3014@university.com,Male,22,Mathematics,66.66,72.61,80.58,98.6,78.29,82.11,81.66,82.31,B,Yes,No,Master's,High,6,13.3
S4015,Ali,Brown,student3015@university.com,Female,18,Business,96.59,89.48,70.79,48.4,91.39,48.19,89.76,73.0,C,Yes,Yes,Bachelor's,High,0,17.3
S4016,John,Jones,student3016@university.com,Female,19,Mathematics,79.39,36.29,48.12,94.02,95.49,55.1,41.41,61.74,D,No,Yes,Master's,Medium,1,4.1
S4017,Noah,Smith,student3017@university.com,Female,22,Physics,77.64,39.47,84.02,34.76,96.0,85.03,89.71,71.5,C,No,Yes,Bachelor's,High,3,4.3
S4018,Noah,Clark,student3018@university.com,Female,24,Computer Science,81.6,45.54,73.65,84.5,40.42,39.71,37.21,53.5,D,Yes,Yes,High School,High,8,10.9
S4019,John,Jones,student3019@university.com,Female,24,Mathematics,83.77,98.81,70.91,37.29,72.45,69.06,71.74,70.04,C,No,No,Master's,Low,4,17.4
S4020,Emma,Lee,student3020@university.com,Female,22,Computer Science,64.1,47.82,70.88,62.62,68.39,46.98,56.25,58.82,D,Yes,Yes,Master's,Low,5,7.5
S4021,Ahmed,Khan,student3021@university.com,Male,21,Business,92.18,36.5,35.56,80.79,58.75,98.52,83.4,65.59,C,No,No,Master's,Medium,7,8.1
S4022,John,Jones,student3022@university.com,Female,22,Business,61.38,54.24,96.69,84.69,58.09,32.14,91.55,69.57,C,No,Yes,High School,Medium,1,1.7
S4023,Liam,Williams,student3023@university.com,Male,22,Computer Science,63.1,66.3,39.04,69.08,91.0,82.7,50.7,66.47,C,Yes,No,Bachelor's,Medium,4,14.6
S4024,Ayesha,Smith,student3024@university.com,Female,20,Engineering,88.87,94.9,71.04,74.13,59.87,95.9,70.9,77.79,B,No,Yes,High School,Low,4,13.3
S4025,Noah,Smith,student3025@university.com,Male,18,Mathematics,97.06,86.81,74.9,39.03,65.69,75.76,46.83,64.84,D,Yes,Yes,Bachelor's,Low,1,2.7
S4026,Ahmed,Khan,student3026@university.com,Female,24,Business,86.96,97.7,75.38,35.14,59.25,32.33,54.73,59.09,D,Yes,Yes,Bachelor's,Medium,0,17.2
S4027,Liam,Williams,student3027@university.com,Female,25,Physics,75.26,83.97,32.77,56.01,94.19,31.05,42.96,56.82,D,Yes,Yes,Bachelor's,Medium,6,17.8
S4028,Liam,Clark,student3028@university.com,Female,20,Engineering,80.12,63.38,30.87,78.29,87.26,55.85,96.68,68.72,C,No,Yes,Bachelor's,High,2,14.9
S4029,John,Smith,student3029@university.com,Female,25,Mathematics,87.15,54.41,59.5,77.34,32.15,77.45,58.29,59.86,D,Yes,Yes,Master's,High,8,15.6
S4030,Liam,Brown,student3030@university.com,Female,22,Physics,78.58,59.26,92.46,35.93,31.67,69.95,40.01,54.88,D,Yes,Yes,Master's,High,9,8.7
S4031,Sara,Smith,student3031@university.com,Female,23,Business,90.09,97.94,41.31,63.8,62.16,45.78,71.31,63.72,D,Yes,No,Bachelor's,Low,2,10.3
S4032,Emma,Lee,student3032@university.com,Female,23,Business,77.96,42.82,88.99,36.13,73.27,91.52,78.98,68.62,C,Yes,Yes,Master's,Medium,0,14.1
S4033,Omar,Brown,student3033@university.com,Male,22,Engineering,82.33,76.68,48.31,52.72,46.38,86.2,70.97,63.54,D,Yes,Yes,Bachelor's,High,7,17.2
S4034,Noah,Ahmed,student3034@university.com,Female,23,Physics,86.44,81.11,54.0,89.2,88.17,64.77,58.2,72.58,C,Yes,No,High School,Medium,5,10.0
S4035,Sara,Jones,student3035@university.com,Male,24,Computer Science,76.74,81.48,51.89,31.74,42.09,43.55,63.94,52.45,D,Yes,No,High School,Medium,3,7.2
S4036,Ahmed,Clark,student3036@university.com,Female,22,Mathematics,83.51,86.0,94.04,67.25,89.12,89.03,53.69,79.86,B,No,No,Bachelor's,Medium,1,14.7
S4037,Noah,Brown,student3037@university.com,Male,23,Mathematics,78.63,56.45,98.29,85.68,65.42,45.52,86.78,73.02,C,No,Yes,High School,High,8,18.9
S4038,Sara,Ahmed,student3038@university.com,Male,25,Mathematics,65.11,39.27,36.29,53.78,60.13,97.32,62.2,58.16,D,Yes,No,Master's,High,8,17.2
S4039,Ali,Khan,student3039@university.com,Female,20,Business,77.02,62.75,55.6,87.86,42.51,88.96,36.33,62.33,D,Yes,No,High School,Medium,10,18.9
S4040,Ahmed,Jones,student3040@university.com,Male,21,Business,60.64,39.45,99.89,96.22,84.11,54.22,34.64,68.09,C,No,No,Bachelor's,Low,3,19.4
S4041,Noah,Lee,student3041@university.com,Male,21,Engineering,62.31,53.1,51.9,77.87,77.9,38.32,48.21,57.88,D,Yes,Yes,Master's,Low,2,17.5
S4042,Maria,Clark,student3042@university.com,Female,20,Physics,99.49,49.23,44.38,53.87,82.58,85.01,83.74,66.47,C,Yes,No,Master's,Low,5,17.9
S4043,Omar,Jones,student3043@university.com,Male,22,Computer Science,72.38,67.9,30.85,90.25,31.02,97.35,73.74,65.19,C,Yes,No,Bachelor's,Medium,5,14.0
S4044,Ali,Taylor,student3044@university.com,Female,22,Computer Science,80.24,30.61,84.75,41.1,40.33,89.16,96.38,63.72,D,No,Yes,High School,Medium,5,16.7
S4045,Ayesha,Ahmed,student3045@university.com,Female,21,Mathematics,76.23,67.51,59.65,98.61,52.02,80.83,61.52,70.02,C,No,Yes,Bachelor's,Low,7,8.8
S4046,Maria,Ahmed,student3046@university.com,Male,20,Computer Science,68.42,53.69,93.56,93.58,60.29,97.1,81.38,79.93,B,No,No,Bachelor's,High,4,4.1
S4047,John,Taylor,student3047@university.com,Female,20,Mathematics,79.17,69.29,81.6,97.29,31.56,94.68,93.64,78.01,B,No,No,Bachelor's,High,3,1.5
S4048,Noah,Taylor,student3048@university.com,Male,22,Physics,87.36,78.83,32.32,32.58,98.8,99.69,64.86,67.85,C,Yes,Yes,High School,Low,5,18.5
S4049,Noah,Jones,student3049@university.com,Female,20,Mathematics,86.09,92.53,45.05,84.1,58.91,42.02,46.69,61.55,D,No,No,Master's,Medium,2,1.4
S4050,John,Ahmed,student3050@university.com,Female,25,Business,95.1,94.99,74.5,67.83,85.83,52.95,49.64,70.96,C,Yes,Yes,High School,Low,2,4.2
S4051,Omar,Williams,student3051@university.com,Male,25,Mathematics,70.7,75.07,52.64,51.27,65.89,32.44,39.37,52.78,D,Yes,Yes,Master's,High,2,8.9
S4052,Omar,Clark,student3052@university.com,Female,20,Computer Science,89.26,41.86,58.02,44.82,41.89,38.44,49.23,45.71,F,Yes,No,Bachelor's,High,4,9.9
S4053,Liam,Williams,student3053@university.com,Female,21,Engineering,78.92,67.94,73.72,87.32,55.54,38.13,97.62,70.05,C,No,Yes,High School,Low,7,18.0
S4054,Maria,Williams,student3054@university.com,Female,19,Mathematics,94.59,76.82,77.98,90.78,90.98,76.79,30.41,73.96,C,Yes,Yes,High School,Medium,10,7.7
S4055,Omar,Ahmed,student3055@university.com,Male,22,Computer Science,72.65,30.74,57.55,91.53,72.91,98.53,93.54,74.13,C,Yes,No,Master's,High,10,3.8
S4056,Ahmed,Lee,student3056@university.com,Male,19,Engineering,64.34,85.92,86.81,55.99,37.53,57.14,90.88,69.05,C,Yes,Yes,High School,Medium,6,18.6
S4057,Ahmed,Ahmed,student3057@university.com,Female,25,Business,61.47,41.91,84.87,73.01,89.76,95.55,32.73,69.64,C,Yes,No,Bachelor's,Medium,3,15.7
S4058,Ali,Taylor,student3058@university.com,Male,20,Computer Science,70.08,34.31,46.8,72.8,31.83,96.3,71.13,58.86,D,Yes,Yes,Master's,Low,6,11.7
S4059,John,Brown,student3059@university.com,Female,18,Business,84.23,35.31,36.44,65.73,80.6,41.98,92.8,58.81,D,Yes,Yes,Master's,Low,1,6.9
S4060,Maria,Taylor,student3060@university.com,Male,19,Engineering,61.53,72.13,42.19,52.09,57.22,70.5,98.36,65.42,C,No,No,High School,Medium,0,9.1
S4061,Emma,Jones,student3061@university.com,Male,18,Computer Science,76.81,45.6,88.28,69.85,85.87,95.3,45.08,71.66,C,Yes,Yes,Bachelor's,High,3,7.4
S4062,Noah,Williams,student3062@university.com,Female,22,Business,84.23,89.32,93.86,58.78,58.35,56.07,79.81,72.7,C,Yes,No,High School,Medium,0,4.3
S4063,Sara,Ahmed,student3063@university.com,Male,22,Mathematics,69.02,57.4,78.97,46.8,44.66,76.52,55.5,59.98,D,Yes,Yes,Bachelor's,Low,0,4.7
S4064,Sara,Taylor,student3064@university.com,Male,21,Mathematics,96.98,31.66,39.0,83.85,93.91,42.44,56.9,57.96,D,Yes,No,Master's,High,8,1.3
S4065,Ali,Brown,student3065@university.com,Female,19,Computer Science,100.0,39.57,58.47,58.82,90.97,32.04,71.82,58.62,D,Yes,No,Master's,Medium,9,3.6
S4066,Emma,Taylor,student3066@university.com,Male,23,Engineering,88.51,61.29,67.39,78.3,34.54,76.7,92.87,68.52,C,No,No,Master's,Low,9,13.0
S4067,John,Wilson,student3067@university.com,Male,25,Business,73.35,49.49,30.86,37.98,30.18,86.03,75.38,51.65,D,No,No,High School,Medium,4,15.7
S4068,John,Khan,student3068@university.com,Female,23,Business,64.32,73.66,59.22,42.92,33.93,51.7,79.69,56.85,D,No,Yes,High School,High,8,6.7
S4069,John,Williams,student3069@university.com,Female,22,Computer Science,76.9,66.86,63.71,95.93,93.31,70.04,37.42,71.21,C,Yes,No,High School,Medium,8,13.4
S4070,Liam,Taylor,student3070@university.com,Male,22,Engineering,94.88,97.22,38.09,37.66,67.27,93.66,41.91,62.63,D,No,No,Bachelor's,High,0,14.1
S4071,John,Lee,student3071@university.com,Female,25,Mathematics,97.4,97.88,79.36,83.96,75.34,56.49,98.68,81.95,B,Yes,No,High School,Low,0,3.9
S4072,John,Jones,student3072@university.com,Female,22,Computer Science,70.2,58.3,69.52,84.22,82.34,70.5,46.95,68.64,C,Yes,Yes,Master's,Low,3,13.1
S4073,Ali,Brown,student3073@university.com,Female,20,Mathematics,89.48,71.19,77.01,64.44,40.95,33.75,73.42,60.13,D,Yes,Yes,Master's,Medium,7,9.4
S4074,Liam,Brown,student3074@university.com,Female,22,Computer Science,74.72,43.14,37.64,69.95,86.13,32.34,45.46,52.44,D,Yes,No,Master's,High,6,4.5
S4075,John,Taylor,student3075@university.com,Male,24,Computer Science,67.11,42.15,89.51,57.13,97.49,74.02,57.26,69.59,C,No,No,Master's,High,4,2.9
S4076,Liam,Jones,student3076@university.com,Male,25,Computer Science,71.3,41.05,67.99,64.34,46.01,86.92,89.0,65.89,C,No,Yes,Master's,Medium,10,4.0
S4077,Emma,Jones,student3077@university.com,Male,22,Mathematics,99.13,31.84,37.26,86.05,59.38,98.86,36.34,58.29,D,Yes,Yes,High School,High,4,18.0
S4078,Sara,Jones,student3078@university.com,Female,19,Mathematics,83.59,51.43,41.32,34.89,82.44,31.87,36.19,46.36,F,No,Yes,Master's,Low,1,17.0
S4079,Ayesha,Khan,student3079@university.com,Female,19,Business,85.26,59.28,97.09,82.21,55.92,44.5,85.07,70.68,C,No,Yes,Bachelor's,Low,0,19.1
S4080,Omar,Wilson,student3080@university.com,Male,20,Mathematics,93.92,62.11,98.62,90.79,93.24,52.66,40.86,73.05,C,No,Yes,Bachelor's,Medium,7,14.1
S4081,Liam,Clark,student3081@university.com,Male,23,Computer Science,84.28,60.86,76.98,32.63,82.08,93.97,77.7,70.7,C,Yes,Yes,Master's,Low,1,15.5
S4082,Ahmed,Taylor,student3082@university.com,Female,23,Computer Science,83.61,86.75,96.12,95.94,34.72,61.67,86.52,76.95,B,No,No,Master's,Medium,4,7.2
S4083,Omar,Khan,student3083@university.com,Female,25,Physics,68.22,74.46,84.55,79.73,78.59,89.62,75.78,80.45,B,Yes,Yes,High School,Low,10,4.3
S4084,John,Jones,student3084@university.com,Female,22,Engineering,60.15,80.28,90.63,98.92,32.87,59.59,78.51,73.47,C,Yes,Yes,Bachelor's,High,7,12.4
S4085,Emma,Clark,student3085@university.com,Male,18,Business,71.36,72.1,84.49,80.05,62.65,61.17,34.04,65.75,C,No,Yes,Bachelor's,High,5,10.5
S4086,Ahmed,Clark,student3086@university.com,Male,25,Computer Science,73.99,82.56,56.29,97.47,72.47,63.43,56.36,71.43,C,Yes,Yes,Master's,High,7,19.0
S4087,John,Williams,student3087@university.com,Female,18,Business,70.63,84.4,59.5,77.78,53.16,69.36,79.49,70.62,C,No,Yes,High School,Medium,9,8.7
S4088,Ayesha,Lee,student3088@university.com,Female,24,Mathematics,99.46,98.47,71.09,48.29,71.13,47.87,34.09,61.82,D,No,Yes,High School,Medium,6,10.2
S4089,Ayesha,Lee,student3089@university.com,Female,22,Engineering,69.43,61.87,78.01,84.74,34.83,77.35,38.41,62.53,D,Yes,Yes,High School,Medium,10,5.6
S4090,Ahmed,Smith,student3090@university.com,Male,25,Computer Science,67.88,87.96,35.26,39.65,65.7,71.38,94.34,65.71,C,No,Yes,High School,Low,8,5.0
S4091,Sara,Williams,student3091@university.com,Male,19,Computer Science,98.52,91.19,57.39,90.01,79.87,51.64,36.09,67.7,C,No,No,Bachelor's,High,6,9.2
S4092,John,Clark,student3092@university.com,Female,19,Computer Science,83.64,49.05,59.04,41.38,80.61,42.46,52.44,54.16,D,No,Yes,Bachelor's,Medium,9,16.1
S4093,John,Ahmed,student3093@university.com,Female,22,Physics,85.72,76.42,83.23,91.48,46.78,83.18,66.91,74.67,C,Yes,No,Master's,Medium,7,2.6
S4094,Emma,Lee,student3094@university.com,Male,19,Physics,78.81,47.33,63.29,99.66,44.87,73.97,82.75,68.64,C,No,Yes,High School,Low,1,14.1
S4095,Omar,Williams,student3095@university.com,Female,23,Engineering,66.75,60.51,39.83,38.74,62.24,62.74,39.04,50.52,D,Yes,Yes,High School,Medium,1,11.6
S4096,Noah,Ahmed,student3096@university.com,Male,25,Physics,99.69,59.85,92.51,42.0,55.2,87.64,91.01,71.37,C,No,Yes,High School,Low,2,12.6
S4097,Omar,Williams,student3097@university.com,Female,24,Engineering,74.11,87.89,98.45,90.26,62.15,54.28,65.34,76.39,B,No,Yes,Master's,Low,1,8.2
S4098,Liam,Taylor,student3098@university.com,Male,24,Physics,68.93,77.41,42.08,90.6,35.47,48.11,56.32,58.33,D,No,No,Bachelor's,Medium,6,4.0
S4099,Ali,Khan,student3099@university.com,Male,19,Physics,85.57,61.36,46.41,82.59,70.61,42.93,38.04,56.99,D,No,Yes,Master's,Low,1,6.6
S4100,Ahmed,Jones,student3100@university.com,Male,23,Business,66.81,63.53,85.03,79.02,38.29,85.11,72.81,70.63,C,No,No,Bachelor's,High,0,4.9
S4101,Liam,Wilson,student3101@university.com,Male,23,Physics,86.0,79.19,84.33,55.4,58.68,78.13,50.17,67.65,C,No,Yes,High School,Low,0,14.4
S4102,Sara,Brown,student3102@university.com,Male,20,Computer Science,87.63,53.23,86.21,47.78,96.86,40.29,60.49,64.14,D,Yes,No,Master's,Medium,6,7.7
S4103,Sara,Ahmed,student3103@university.com,Male,23,Engineering,71.87,63.64,42.26,52.43,64.95,43.52,51.92,53.12,D,No,No,Master's,Medium,3,9.0
S4104,Ahmed,Smith,student3104@university.com,Female,18,Computer Science,97.26,99.92,97.37,56.27,33.45,53.22,78.21,69.74,C,Yes,Yes,High School,Low,7,10.8
S4105,Maria,Jones,student3105@university.com,Male,18,Mathematics,67.62,73.65,80.19,72.25,34.45,96.05,51.69,68.05,C,Yes,No,Master's,Medium,10,17.0
S4106,John,Wilson,student3106@university.com,Female,24,Business,78.74,63.77,54.72,81.12,73.71,88.52,80.71,73.76,C,Yes,No,High School,Low,2,17.4
S4107,Ali,Clark,student3107@university.com,Female,18,Computer Science,82.17,51.84,74.93,52.17,97.65,82.78,79.77,73.19,C,Yes,No,High School,Low,6,17.4
S4108,Ali,Brown,student3108@university.com,Male,22,Business,85.81,49.78,99.66,93.59,81.47,73.71,93.27,81.91,B,Yes,Yes,Master's,Medium,2,17.4
S4109,John,Clark,student3109@university.com,Female,20,Business,87.54,94.91,51.03,30.01,63.51,99.99,73.0,68.74,C,Yes,No,High School,Low,2,13.3
S4110,Sara,Jones,student3110@university.com,Female,21,Physics,63.29,44.07,49.63,97.14,33.84,95.41,81.44,66.92,C,Yes,Yes,Bachelor's,Medium,5,11.1
S4111,Emma,Williams,student3111@university.com,Male,23,Mathematics,96.47,53.95,62.54,91.47,91.44,76.23,42.45,69.68,C,No,No,Bachelor's,High,6,11.2
S4112,Sara,Taylor,student3112@university.com,Female,20,Physics,65.62,46.76,33.79,96.92,96.0,52.73,56.99,63.87,D,Yes,No,Bachelor's,Low,6,2.7
S4113,Emma,Williams,student3113@university.com,Female,22,Physics,60.37,51.85,81.14,46.08,56.96,51.99,68.46,59.41,D,Yes,No,Master's,High,8,15.7
S4114,Sara,Williams,student3114@university.com,Female,25,Engineering,82.36,72.85,67.46,43.04,70.48,87.18,50.88,65.31,C,Yes,Yes,High School,High,0,1.2
S4115,Omar,Clark,student3115@university.com,Male,20,Engineering,82.69,51.23,67.13,52.7,40.18,85.74,99.04,66.0,C,No,No,Master's,High,10,15.3
S4116,Ali,Ahmed,student3116@university.com,Male,24,Computer Science,89.38,45.9,40.5,30.87,62.31,72.42,58.86,51.81,D,Yes,Yes,Bachelor's,Medium,0,9.9
S4117,Sara,Ahmed,student3117@university.com,Male,23,Business,89.42,30.03,97.03,31.26,51.12,48.07,93.73,58.54,D,No,Yes,Master's,Low,10,2.3
S4118,Maria,Brown,student3118@university.com,Female,21,Mathematics,86.79,39.1,56.47,80.63,84.95,88.6,48.21,66.33,C,No,No,High School,High,2,11.9
S4119,John,Williams,student3119@university.com,Female,25,Business,86.76,62.8,35.75,48.25,98.75,40.02,85.42,61.83,D,Yes,Yes,Bachelor's,Medium,4,16.3
S4120,Sara,Taylor,student3120@university.com,Male,21,Mathematics,99.65,66.58,51.85,30.55,71.16,52.27,50.9,53.88,D,Yes,No,Bachelor's,Medium,9,14.4
S4121,Omar,Brown,student3121@university.com,Male,25,Computer Science,74.74,38.47,73.24,61.63,98.95,93.7,31.17,66.19,C,Yes,No,Master's,Medium,4,11.2
S4122,Emma,Smith,student3122@university.com,Female,21,Computer Science,93.74,90.91,83.07,97.63,67.79,68.9,68.91,79.54,B,Yes,No,Bachelor's,Medium,8,4.3
S4123,Emma,Williams,student3123@university.com,Female,21,Physics,65.2,32.97,30.79,73.29,43.83,73.2,55.28,51.56,D,Yes,No,Bachelor's,High,5,6.3
S4124,Emma,Jones,student3124@university.com,Male,18,Business,88.29,30.1,54.7,91.27,40.57,86.46,71.59,62.45,D,No,No,Master's,Medium,8,12.5
S4125,Liam,Brown,student3125@university.com,Male,20,Mathematics,87.2,42.72,54.16,47.96,31.37,63.1,67.29,51.1,D,No,Yes,Master's,Medium,6,2.1
S4126,Sara,Ahmed,student3126@university.com,Female,25,Mathematics,82.52,34.2,44.05,33.55,43.14,74.66,45.75,45.89,F,No,No,Master's,Low,5,14.7
S4127,John,Ahmed,student3127@university.com,Female,25,Engineering,60.5,61.89,91.82,93.93,77.66,73.02,33.26,71.93,C,No,No,High School,Medium,0,10.4
S4128,Ali,Brown,student3128@university.com,Male,25,Business,62.61,88.92,48.23,51.25,60.59,37.27,58.03,57.38,D,No,Yes,High School,Medium,6,9.8
S4129,Ahmed,Brown,student3129@university.com,Male,21,Computer Science,89.69,97.44,79.61,68.16,47.97,51.24,89.17,72.27,C,No,Yes,High School,High,0,18.2
S4130,Liam,Wilson,student3130@university.com,Female,22,Engineering,90.43,90.06,39.08,83.28,35.61,38.96,59.58,57.76,D,No,Yes,Bachelor's,Medium,5,1.8
S4131,Liam,Taylor,student3131@university.com,Male,25,Mathematics,64.66,87.38,77.1,98.1,38.44,60.65,56.04,69.62,C,Yes,No,Master's,Medium,2,17.9
S4132,Ali,Khan,student3132@university.com,Female,21,Physics,83.92,64.53,38.79,72.74,63.98,39.94,99.55,63.26,D,No,Yes,High School,Low,9,10.9
S4133,John,Wilson,student3133@university.com,Female,22,Engineering,98.01,62.8,56.2,93.0,42.79,81.28,85.49,70.26,C,No,Yes,Bachelor's,High,5,10.2
S4134,Maria,Smith,student3134@university.com,Male,22,Computer Science,96.51,64.0,60.59,63.93,77.86,54.01,69.39,64.96,D,No,No,Bachelor's,Medium,1,3.8
S4135,Emma,Smith,student3135@university.com,Female,20,Business,89.56,53.63,66.85,40.37,52.61,38.44,88.79,56.78,D,Yes,Yes,Bachelor's,Low,9,12.4
S4136,Ayesha,Khan,student3136@university.com,Female,24,Mathematics,96.56,64.72,97.8,88.73,46.35,41.66,93.11,72.06,C,No,Yes,High School,Medium,3,7.7
S4137,John,Williams,student3137@university.com,Male,19,Business,75.29,43.52,67.94,96.33,64.35,37.41,68.52,63.01,D,Yes,Yes,Master's,Medium,6,7.0
S4138,Emma,Jones,student3138@university.com,Female,23,Computer Science,65.85,52.78,32.86,33.26,62.9,42.84,60.23,47.48,F,Yes,Yes,High School,Low,1,8.8
S4139,Ahmed,Lee,student3139@university.com,Male,24,Business,64.74,91.18,94.55,51.24,44.7,52.44,36.07,61.7,D,No,No,Bachelor's,Low,5,18.2
S4140,Sara,Taylor,student3140@university.com,Female,21,Computer Science,88.41,79.45,45.93,79.34,49.12,93.77,38.92,64.42,D,No,Yes,Master's,High,5,4.5
S4141,Emma,Taylor,student3141@university.com,Female,19,Computer Science,98.02,47.44,63.14,50.72,30.03,78.21,85.21,59.12,D,No,No,Bachelor's,Low,5,6.1
S4142,Noah,Williams,student3142@university.com,Female,23,Mathematics,78.24,76.64,41.83,39.22,74.91,83.88,90.01,67.75,C,No,Yes,Bachelor's,High,9,16.5
S4143,Maria,Jones,student3143@university.com,Female,23,Computer Science,72.86,56.88,38.81,68.32,74.97,66.28,40.79,57.68,D,Yes,No,Bachelor's,Medium,5,4.0
S4144,Emma,Wilson,student3144@university.com,Female,20,Physics,80.39,92.16,84.09,31.93,40.01,39.36,78.46,61.0,D,Yes,Yes,Bachelor's,Medium,4,1.2
S4145,Omar,Clark,student3145@university.com,Female,22,Engineering,75.52,43.83,42.29,42.98,90.06,77.26,65.21,60.27,D,Yes,Yes,High School,High,3,19.5
S4146,Noah,Jones,student3146@university.com,Female,18,Mathematics,64.12,79.26,54.72,58.49,57.41,56.28,50.34,59.42,D,No,Yes,High School,High,8,19.4
S4147,Liam,Clark,student3147@university.com,Female,21,Computer Science,79.3,76.42,36.88,99.39,87.54,31.16,79.59,68.5,C,Yes,Yes,High School,High,2,2.2
S4148,Sara,Khan,student3148@university.com,Male,19,Computer Science,82.25,37.06,42.11,79.32,61.49,85.92,66.65,62.09,D,No,Yes,High School,Low,8,13.0
S4149,Ali,Ahmed,student3149@university.com,Male,23,Mathematics,65.83,71.5,74.08,87.03,32.37,58.76,76.74,66.75,C,Yes,No,High School,Medium,5,7.4
S4150,John,Brown,student3150@university.com,Female,20,Computer Science,97.15,69.12,30.69,88.78,80.33,86.81,84.08,73.3,C,Yes,No,Bachelor's,Medium,4,9.8
S4151,Emma,Brown,student3151@university.com,Female,22,Mathematics,72.47,97.88,51.48,75.44,94.83,90.42,70.43,80.08,B,Yes,No,Bachelor's,Medium,0,7.9
S4152,Omar,Wilson,student3152@university.com,Male,25,Engineering,66.26,99.25,57.35,87.38,45.9,66.5,46.88,67.21,C,No,Yes,Bachelor's,High,6,16.8
S4153,Maria,Jones,student3153@university.com,Female,22,Physics,77.41,59.96,61.07,43.01,43.03,57.41,56.13,53.44,D,Yes,Yes,Bachelor's,Low,1,19.5
S4154,Sara,Williams,student3154@university.com,Male,21,Physics,92.35,78.01,63.87,56.56,48.12,46.38,76.26,61.53,D,No,No,High School,Medium,4,5.3
S4155,Ayesha,Jones,student3155@university.com,Male,24,Business,94.65,71.41,69.81,41.13,94.29,94.91,67.71,73.21,C,Yes,Yes,High School,High,9,18.4
S4156,Maria,Brown,student3156@university.com,Female,20,Mathematics,87.92,83.35,34.12,70.7,64.43,33.07,84.16,61.64,D,Yes,Yes,Bachelor's,Low,0,15.9
S4157,Ahmed,Lee,student3157@university.com,Female,19,Physics,83.9,34.86,83.4,72.96,38.71,60.4,30.53,53.48,D,No,No,Bachelor's,Medium,6,1.4
S4158,Maria,Taylor,student3158@university.com,Female,20,Business,99.54,85.63,69.05,52.58,37.47,71.03,75.66,65.24,C,No,No,High School,Low,6,8.6
S4159,Noah,Clark,student3159@university.com,Female,19,Mathematics,85.65,95.22,34.6,49.48,45.39,40.34,76.68,56.95,D,No,Yes,High School,High,0,18.3
S4160,Ayesha,Smith,student3160@university.com,Male,20,Physics,72.53,98.95,35.83,85.88,90.29,55.97,41.74,68.11,C,No,No,Master's,Medium,1,15.2
S4161,Liam,Jones,student3161@university.com,Female,21,Mathematics,78.01,82.98,89.09,49.15,81.59,84.98,57.38,74.2,C,Yes,Yes,Master's,Medium,5,3.6
S4162,Sara,Khan,student3162@university.com,Female,21,Business,89.54,93.6,70.06,32.39,54.28,33.4,76.58,60.05,D,No,Yes,High School,Low,6,13.4
S4163,Noah,Clark,student3163@university.com,Female,19,Engineering,71.87,56.3,95.75,91.9,63.03,64.23,91.58,77.13,B,Yes,No,Master's,Medium,8,6.9
S4164,Maria,Ahmed,student3164@university.com,Male,20,Business,78.9,64.45,56.25,64.92,43.67,55.87,60.81,57.66,D,No,Yes,Bachelor's,High,3,12.5
S4165,Maria,Brown,student3165@university.com,Male,21,Mathematics,94.32,60.3,63.84,76.33,90.13,31.38,68.11,65.02,C,Yes,Yes,Bachelor's,Medium,1,6.1
S4166,Ayesha,Williams,student3166@university.com,Female,19,Physics,74.22,52.81,34.74,90.56,56.8,35.79,38.41,51.52,D,No,Yes,High School,High,9,2.6
S4167,Maria,Smith,student3167@university.com,Female,19,Engineering,62.73,90.85,44.82,81.92,79.19,33.73,98.74,71.54,C,Yes,Yes,Master's,High,5,3.4
S4168,Omar,Brown,student3168@university.com,Male,23,Computer Science,79.76,75.89,77.25,63.39,45.45,93.58,39.97,65.92,C,No,Yes,High School,Medium,8,14.1
S4169,John,Lee,student3169@university.com,Female,20,Mathematics,75.23,77.83,54.05,58.43,82.75,92.26,66.72,72.01,C,Yes,Yes,Bachelor's,High,4,11.4
S4170,Ali,Smith,student3170@university.com,Female,25,Engineering,89.89,94.52,58.34,47.19,79.2,43.86,77.64,66.79,C,No,Yes,Bachelor's,Medium,2,17.1
S4171,Emma,Williams,student3171@university.com,Female,18,Mathematics,85.77,37.07,51.75,51.41,50.21,89.77,62.71,57.15,D,Yes,No,High School,Medium,9,2.6
S4172,John,Smith,student3172@university.com,Male,24,Physics,71.42,54.94,50.66,35.27,38.48,98.22,51.27,54.81,D,No,Yes,High School,High,7,15.9
S4173,Omar,Brown,student3173@university.com,Female,20,Engineering,82.27,37.06,51.58,83.9,83.14,86.59,98.28,73.42,C,Yes,No,Master's,Low,4,5.9
S4174,Ahmed,Williams,student3174@university.com,Male,19,Business,77.92,85.46,54.56,76.18,51.99,92.31,38.49,66.5,C,Yes,No,Master's,Low,5,2.8
S4175,Emma,Jones,student3175@university.com,Male,18,Physics,93.0,52.87,65.38,37.9,45.78,69.14,95.0,61.01,D,No,Yes,High School,Low,1,2.7
S4176,Ali,Clark,student3176@university.com,Female,20,Physics,92.39,81.98,30.92,71.91,90.05,51.76,94.22,70.14,C,Yes,No,Master's,Medium,6,1.4
S4177,John,Smith,student3177@university.com,Male,23,Engineering,64.06,70.85,39.89,95.01,50.52,76.94,93.63,71.14,C,Yes,No,Bachelor's,High,2,11.5
S4178,John,Jones,student3178@university.com,Male,20,Mathematics,79.07,98.26,64.05,39.07,48.74,54.65,82.06,64.47,D,Yes,Yes,Bachelor's,Medium,9,19.4
S4179,John,Smith,student3179@university.com,Female,21,Computer Science,71.08,68.89,75.99,69.82,91.9,63.03,92.41,77.01,B,Yes,No,Bachelor's,Low,7,11.2
S4180,Ayesha,Jones,student3180@university.com,Female,24,Business,76.94,44.88,37.03,31.17,82.68,55.91,86.96,56.44,D,Yes,No,Bachelor's,Medium,7,14.9
S4181,John,Taylor,student3181@university.com,Female,23,Computer Science,66.57,34.74,51.22,97.42,92.85,69.85,31.22,62.88,D,Yes,No,Bachelor's,Low,10,16.1
S4182,John,Smith,student3182@university.com,Female,21,Engineering,82.19,71.99,67.38,93.61,66.74,42.23,92.8,72.46,C,Yes,Yes,Master's,Medium,8,1.8
S4183,Maria,Clark,student3183@university.com,Female,25,Computer Science,62.33,66.55,49.27,75.65,41.24,91.67,64.38,64.79,D,No,No,Master's,High,3,8.8
S4184,Ayesha,Ahmed,student3184@university.com,Female,24,Business,65.83,67.83,77.77,38.54,84.0,90.36,36.35,65.81,C,Yes,Yes,Master's,High,4,5.9
S4185,Liam,Wilson,student3185@university.com,Female,18,Engineering,85.96,32.08,41.87,83.12,64.94,41.45,68.35,55.3,D,No,No,Master's,Low,0,13.2
S4186,Emma,Ahmed,student3186@university.com,Male,21,Computer Science,68.62,98.09,38.15,51.48,59.51,81.83,57.12,64.36,D,No,No,Master's,Medium,3,2.7
S4187,Noah,Brown,student3187@university.com,Female,20,Mathematics,95.45,39.84,81.37,77.6,98.98,33.21,84.64,69.27,C,Yes,No,Bachelor's,Low,5,1.0
S4188,Maria,Khan,student3188@university.com,Female,24,Business,99.78,42.88,65.86,66.3,55.98,64.95,78.57,62.42,D,Yes,Yes,Bachelor's,Low,5,2.0
S4189,Ahmed,Smith,student3189@university.com,Male,21,Engineering,90.33,82.41,93.06,37.67,67.13,92.66,99.74,78.78,B,Yes,No,High School,High,5,10.5
S4190,Ayesha,Ahmed,student3190@university.com,Male,21,Physics,74.01,59.08,43.83,37.74,57.26,58.42,31.53,47.98,F,Yes,No,Master's,Medium,2,2.8
S4191,Emma,Wilson,student3191@university.com,Female,22,Business,86.97,67.31,78.85,35.81,52.67,33.23,59.55,54.57,D,No,No,High School,High,3,12.1
S4192,Noah,Smith,student3192@university.com,Female,23,Business,97.2,94.3,41.31,62.86,40.41,94.66,35.43,61.5,D,Yes,No,High School,Low,4,6.4
S4193,Maria,Brown,student3193@university.com,Female,19,Mathematics,73.18,49.0,72.58,70.37,69.34,79.21,37.16,62.94,D,No,No,Master's,Low,6,8.8
S4194,John,Jones,student3194@university.com,Female,24,Physics,63.58,73.82,97.17,90.93,62.4,49.29,38.1,68.62,C,Yes,No,Bachelor's,Medium,1,16.2
S4195,Omar,Williams,student3195@university.com,Male,24,Computer Science,63.46,94.14,77.55,52.84,59.59,81.56,73.68,73.23,C,No,Yes,Bachelor's,Medium,1,19.3
S4196,Emma,Clark,student3196@university.com,Female,21,Computer Science,78.79,81.08,39.93,33.56,89.79,91.14,94.89,71.73,C,Yes,No,Master's,High,2,14.4
S4197,Sara,Clark,student3197@university.com,Female,18,Engineering,77.35,41.73,50.88,46.16,42.48,76.56,63.72,53.59,D,No,Yes,Master's,Medium,7,9.0
S4198,Ahmed,Jones,student3198@university.com,Male,20,Computer Science,63.18,74.05,77.39,37.9,82.27,62.54,66.96,66.85,C,No,No,Bachelor's,High,6,3.4
S4199,Maria,Clark,student3199@university.com,Female,18,Computer Science,78.45,93.24,91.5,65.03,31.11,94.81,93.96,78.27,B,Yes,No,High School,Medium,10,13.3
S4200,Ali,Jones,student3200@university.com,Female,23,Mathematics,86.85,93.03,79.12,66.21,80.19,76.38,91.26,81.03,B,Yes,Yes,Bachelor's,Low,9,14.6
S4201,Ali,Jones,student3201@university.com,Male,24,Mathematics,79.35,79.16,46.69,48.08,98.61,59.52,55.18,64.54,D,No,Yes,High School,High,8,7.8
S4202,Ayesha,Lee,student3202@university.com,Male,23,Physics,69.67,39.08,71.91,85.76,63.63,33.18,68.44,60.33,D,No,No,Bachelor's,Medium,0,14.5
S4203,Ali,Jones,student3203@university.com,Female,18,Computer Science,89.96,42.42,80.86,53.26,63.7,76.57,38.03,59.14,D,Yes,Yes,High School,High,6,7.4
S4204,Ahmed,Wilson,student3204@university.com,Female,19,Engineering,96.21,59.14,80.36,30.08,84.63,53.24,39.97,57.9,D,No,Yes,High School,Medium,2,8.5
S4205,Noah,Jones,student3205@university.com,Female,19,Physics,70.6,37.24,78.78,70.83,59.94,60.38,39.01,57.7,D,Yes,Yes,High School,Low,5,19.3
S4206,Ahmed,Clark,student3206@university.com,Male,25,Physics,99.9,47.7,39.65,50.58,36.89,72.39,66.28,52.25,D,Yes,No,Master's,Medium,8,8.8
S4207,Omar,Clark,student3207@university.com,Female,18,Engineering,74.82,55.12,67.55,35.55,97.19,56.8,66.88,63.18,D,Yes,No,High School,Medium,8,15.4
S4208,Sara,Brown,student3208@university.com,Male,19,Mathematics,60.14,42.59,78.46,47.54,40.38,46.72,32.83,48.09,F,No,No,High School,Low,2,8.6
S4209,John,Jones,student3209@university.com,Male,18,Computer Science,90.45,89.6,64.56,98.4,98.0,91.31,47.36,81.54,B,Yes,Yes,Master's,High,4,6.5
S4210,Emma,Jones,student3210@university.com,Female,22,Physics,99.49,84.08,87.85,69.47,32.34,45.51,92.79,68.67,C,Yes,No,Bachelor's,Medium,1,5.1
S4211,Ahmed,Wilson,student3211@university.com,Male,25,Physics,84.12,55.52,37.14,89.72,35.82,31.31,41.8,48.55,F,Yes,No,High School,Low,7,5.6
S4212,Omar,Jones,student3212@university.com,Female,21,Physics,66.47,93.56,97.05,71.25,84.58,46.21,96.7,81.56,B,Yes,No,High School,Medium,1,2.6
S4213,Liam,Clark,student3213@university.com,Female,18,Business,66.31,63.0,38.19,67.92,69.17,44.55,94.14,62.83,D,No,No,Master's,Medium,7,4.1
S4214,Liam,Khan,student3214@university.com,Male,20,Computer Science,83.48,51.03,82.02,60.36,82.52,38.38,97.27,68.6,C,No,No,Master's,Low,10,14.2
S4215,Maria,Wilson,student3215@university.com,Female,19,Engineering,69.99,66.57,38.67,47.66,34.31,88.95,56.53,55.45,D,No,No,High School,High,8,6.4
S4216,John,Taylor,student3216@university.com,Male,18,Computer Science,94.82,38.28,63.63,66.28,66.6,86.57,30.24,58.6,D,No,Yes,Master's,Medium,4,3.2
S4217,Ali,Williams,student3217@university.com,Male,25,Business,60.24,77.7,78.47,73.62,65.59,42.43,46.49,64.05,D,No,Yes,Master's,Medium,9,11.1
S4218,Noah,Clark,student3218@university.com,Male,18,Engineering,63.88,96.21,52.75,94.89,30.84,97.64,58.46,71.8,C,No,Yes,Bachelor's,Medium,2,20.0
S4219,Emma,Brown,student3219@university.com,Male,24,Mathematics,67.78,90.35,60.06,59.44,86.5,63.44,36.56,66.06,C,No,No,Master's,Low,5,16.3
S4220,Liam,Williams,student3220@university.com,Female,24,Mathematics,85.0,63.19,91.72,53.17,91.61,53.96,61.29,69.16,C,No,Yes,Bachelor's,Low,8,10.3
S4221,Omar,Smith,student3221@university.com,Female,23,Physics,80.71,46.26,61.69,60.17,52.6,66.8,34.05,53.59,D,Yes,Yes,Bachelor's,High,7,15.3
S4222,Ayesha,Williams,student3222@university.com,Female,19,Computer Science,69.43,43.95,54.25,54.45,54.18,98.22,76.47,63.59,D,Yes,Yes,High School,Low,3,3.0
S4223,Ali,Williams,student3223@university.com,Male,25,Engineering,78.28,95.64,64.63,88.16,89.62,65.8,45.83,74.95,C,No,No,Master's,Medium,6,13.2
S4224,Omar,Clark,student3224@university.com,Female,23,Computer Science,63.68,64.85,50.54,43.36,41.06,38.75,48.77,47.89,F,No,No,Bachelor's,Medium,9,14.0
S4225,Ali,Jones,student3225@university.com,Male,21,Computer Science,76.79,88.91,70.58,70.45,64.82,47.97,68.91,68.61,C,No,Yes,Bachelor's,High,1,16.1
S4226,Omar,Khan,student3226@university.com,Female,21,Computer Science,67.55,43.81,80.74,74.4,92.8,87.56,37.74,69.51,C,No,Yes,Bachelor's,Low,5,15.7
S4227,Emma,Clark,student3227@university.com,Female,19,Engineering,61.01,35.13,59.4,85.05,44.66,34.32,38.0,49.43,F,No,No,High School,Medium,8,16.4
S4228,Ayesha,Lee,student3228@university.com,Male,23,Mathematics,94.77,53.95,62.81,57.6,50.0,37.39,44.39,51.02,D,Yes,Yes,Bachelor's,Medium,1,12.8
S4229,Ahmed,Wilson,student3229@university.com,Female,23,Computer Science,73.59,59.95,33.94,73.44,56.67,87.91,44.24,59.36,D,No,No,High School,High,10,18.8
S4230,Maria,Khan,student3230@university.com,Male,18,Physics,87.1,81.55,61.43,45.58,99.5,65.23,55.3,68.1,C,No,Yes,Bachelor's,Medium,9,15.4
S4231,Noah,Williams,student3231@university.com,Female,21,Computer Science,65.84,67.0,80.05,74.27,34.82,88.28,60.67,67.52,C,No,No,High School,High,3,7.2
S4232,Noah,Clark,student3232@university.com,Male,20,Physics,78.38,55.46,91.29,80.28,52.57,81.52,43.4,67.42,C,No,No,Master's,Medium,9,7.5
S4233,Noah,Brown,student3233@university.com,Male,23,Computer Science,96.42,35.26,96.02,41.38,86.81,49.03,60.05,61.43,D,Yes,No,Master's,Low,8,2.7
S4234,Ahmed,Brown,student3234@university.com,Female,25,Computer Science,90.38,75.67,32.01,77.96,94.12,37.51,82.87,66.69,C,No,Yes,Master's,High,5,17.8
S4235,Ayesha,Williams,student3235@university.com,Female,20,Computer Science,67.98,75.53,51.15,67.97,47.55,59.47,91.58,65.54,C,Yes,No,Master's,High,5,18.1
S4236,Ali,Ahmed,student3236@university.com,Male,20,Physics,73.11,43.18,31.36,95.51,78.02,57.02,77.06,63.69,D,Yes,No,Bachelor's,High,10,17.3
S4237,Noah,Jones,student3237@university.com,Male,20,Business,63.19,63.3,53.77,78.22,58.31,62.54,46.56,60.45,D,No,Yes,Bachelor's,High,8,1.8
S4238,Sara,Clark,student3238@university.com,Male,25,Business,79.68,56.43,69.44,73.92,79.03,49.87,37.12,60.97,D,Yes,No,Master's,Medium,3,6.2
S4239,Ahmed,Brown,student3239@university.com,Male,21,Physics,85.71,36.22,86.31,31.89,81.1,31.07,61.84,54.74,D,Yes,No,High School,Low,4,3.2
S4240,John,Williams,student3240@university.com,Female,21,Engineering,85.2,72.72,63.06,55.91,60.91,75.86,84.69,68.86,C,Yes,No,Bachelor's,Low,1,10.6
S4241,Ali,Clark,student3241@university.com,Female,24,Computer Science,98.64,32.98,84.52,81.05,40.47,56.69,75.72,61.91,D,Yes,No,Bachelor's,High,2,3.6
S4242,Ayesha,Lee,student3242@university.com,Male,22,Business,63.15,71.02,43.25,80.84,94.1,82.58,58.69,71.75,C,Yes,Yes,Master's,Medium,2,14.5
S4243,Emma,Wilson,student3243@university.com,Male,22,Business,93.51,49.63,59.05,93.0,64.1,75.53,92.53,72.31,C,No,No,Bachelor's,Low,5,8.7
S4244,Ali,Taylor,student3244@university.com,Female,25,Engineering,90.04,77.57,87.46,92.37,33.58,90.34,41.29,70.43,C,No,Yes,Master's,High,9,12.5
S4245,Ayesha,Jones,student3245@university.com,Female,18,Computer Science,96.93,92.01,42.38,77.04,31.67,92.75,37.19,62.17,D,No,No,High School,High,8,18.9
S4246,Liam,Jones,student3246@university.com,Male,23,Physics,75.17,90.79,99.28,48.46,83.58,90.35,65.15,79.6,B,Yes,No,High School,Medium,5,19.5
S4247,Maria,Smith,student3247@university.com,Male,19,Engineering,74.88,90.15,78.54,98.07,46.57,60.4,63.75,72.91,C,No,No,High School,Medium,5,13.4
S4248,Ali,Jones,student3248@university.com,Female,19,Mathematics,96.88,84.99,71.76,30.1,62.92,64.17,69.99,63.99,D,No,No,High School,Medium,6,10.4
S4249,Maria,Khan,student3249@university.com,Female,21,Engineering,78.73,65.59,37.06,52.0,43.63,80.41,34.44,52.19,D,No,Yes,Bachelor's,Low,1,19.3
S4250,Ali,Clark,student3250@university.com,Female,25,Computer Science,86.65,55.09,33.0,46.24,77.41,55.65,36.83,50.7,D,No,Yes,High School,Medium,0,1.7
S4251,Ayesha,Taylor,student3251@university.com,Female,25,Physics,87.93,76.0,82.15,31.75,67.34,83.46,77.16,69.64,C,No,No,Bachelor's,Low,0,18.4
S4252,Sara,Wilson,student3252@university.com,Male,21,Business,66.38,83.19,40.88,91.58,38.96,89.64,43.7,64.66,D,Yes,No,Bachelor's,High,9,12.9
S4253,Maria,Brown,student3253@university.com,Female,25,Computer Science,85.86,72.91,32.39,37.89,80.24,37.66,52.79,52.31,D,No,No,Bachelor's,High,3,11.4
S4254,Ahmed,Brown,student3254@university.com,Male,18,Computer Science,89.36,99.59,98.87,96.62,83.76,79.07,66.1,87.33,A,Yes,No,Master's,High,7,15.0
S4255,Ali,Williams,student3255@university.com,Male,24,Computer Science,63.61,76.43,81.3,41.71,67.78,68.81,50.63,64.44,D,No,No,Bachelor's,Medium,8,2.1
S4256,Maria,Smith,student3256@university.com,Female,25,Business,60.79,75.14,78.05,99.29,96.62,46.65,58.24,75.67,B,Yes,No,Bachelor's,High,9,1.8
S4257,Liam,Wilson,student3257@university.com,Female,25,Engineering,97.98,38.97,97.25,41.96,40.0,91.63,67.04,62.81,D,Yes,No,Master's,High,3,8.5
S4258,Ayesha,Williams,student3258@university.com,Female,19,Computer Science,75.77,78.63,60.65,80.77,91.52,74.97,52.83,73.23,C,Yes,No,High School,Low,2,14.8
S4259,Noah,Taylor,student3259@university.com,Male,22,Engineering,77.02,33.2,97.89,36.84,61.78,34.92,89.16,58.96,D,No,Yes,Master's,High,4,18.5
S4260,Maria,Khan,student3260@university.com,Male,19,Engineering,63.48,66.87,68.63,71.27,52.93,47.29,39.89,57.81,D,Yes,No,High School,Medium,3,17.6
S4261,Ali,Taylor,student3261@university.com,Male,24,Engineering,87.37,96.67,94.1,92.77,80.33,38.04,37.47,73.23,C,No,No,Master's,High,1,2.7
S4262,Sara,Brown,student3262@university.com,Female,20,Mathematics,73.34,51.24,65.59,54.15,59.92,84.94,73.3,64.86,D,No,Yes,Bachelor's,Medium,6,2.6
S4263,Sara,Clark,student3263@university.com,Male,20,Business,93.77,88.25,92.98,59.43,92.49,54.94,61.94,75.01,B,No,Yes,Master's,High,3,18.7
S4264,Emma,Lee,student3264@university.com,Male,19,Computer Science,95.97,59.75,53.77,64.21,69.12,30.67,36.24,52.29,D,No,No,High School,Medium,1,19.6
S4265,Noah,Brown,student3265@university.com,Male,24,Mathematics,65.9,64.91,43.06,93.13,85.89,64.68,90.3,73.66,C,Yes,Yes,Bachelor's,Low,3,17.1
S4266,Ahmed,Khan,student3266@university.com,Male,24,Business,73.98,99.22,34.14,93.92,89.55,47.28,55.96,70.01,C,Yes,Yes,Bachelor's,Low,5,1.1
S4267,Ahmed,Smith,student3267@university.com,Female,25,Engineering,68.99,44.56,70.98,45.86,47.91,33.63,92.04,55.83,D,Yes,Yes,High School,Medium,3,1.8
S4268,Omar,Brown,student3268@university.com,Male,22,Physics,64.12,52.03,71.15,40.54,72.84,80.09,76.98,65.61,C,No,Yes,Master's,Medium,7,17.4
S4269,Ahmed,Jones,student3269@university.com,Male,24,Computer Science,82.65,39.69,69.01,43.57,69.44,52.67,94.34,61.45,D,Yes,Yes,Bachelor's,Medium,8,2.0
S4270,Ali,Lee,student3270@university.com,Male,24,Engineering,70.62,34.03,85.51,49.64,48.66,30.19,65.44,52.25,D,Yes,Yes,Master's,High,7,13.1
S4271,John,Smith,student3271@university.com,Female,25,Business,87.65,70.55,56.03,43.75,33.64,54.22,52.87,51.84,D,No,No,Bachelor's,High,6,12.4
S4272,Ali,Clark,student3272@university.com,Female,21,Engineering,80.57,95.76,85.84,69.67,86.9,73.63,70.88,80.45,B,No,No,Bachelor's,Medium,3,9.6
S4273,Emma,Brown,student3273@university.com,Female,22,Mathematics,60.24,49.36,90.62,79.27,68.95,36.45,85.29,68.32,C,No,No,High School,Low,1,8.5
S4274,John,Jones,student3274@university.com,Male,25,Physics,89.94,78.29,83.59,89.74,89.83,87.91,32.89,77.04,B,Yes,No,Master's,Medium,1,12.5
S4275,Omar,Jones,student3275@university.com,Female,25,Business,70.78,72.67,67.26,43.33,53.98,42.04,62.23,56.92,D,No,Yes,High School,High,6,19.6
S4276,Ahmed,Khan,student3276@university.com,Male,21,Business,67.36,97.77,71.17,73.58,96.83,91.15,62.89,82.23,B,No,Yes,High School,Low,9,7.1
S4277,Ahmed,Ahmed,student3277@university.com,Female,18,Computer Science,68.84,64.7,66.91,91.34,97.41,90.66,56.33,77.89,B,No,Yes,Bachelor's,Medium,6,15.9
S4278,Noah,Williams,student3278@university.com,Male,25,Engineering,97.32,73.92,69.85,48.84,78.16,72.42,98.89,73.68,C,No,Yes,Bachelor's,High,3,11.9
S4279,Liam,Khan,student3279@university.com,Female,23,Physics,90.96,46.46,42.17,88.75,40.74,46.42,67.73,55.38,D,Yes,No,Master's,High,5,19.5
S4280,Liam,Khan,student3280@university.com,Female,24,Computer Science,87.49,88.53,46.43,99.96,69.39,68.46,44.27,69.51,C,No,No,Master's,Low,9,19.0
S4281,Ahmed,Ahmed,student3281@university.com,Female,20,Mathematics,95.6,61.37,31.11,40.61,90.47,70.99,32.8,54.56,D,No,Yes,Master's,Low,10,14.6
S4282,Ahmed,Brown,student3282@university.com,Male,24,Mathematics,76.48,73.51,89.57,34.9,80.8,41.4,80.27,66.74,C,Yes,Yes,High School,Low,6,12.8
S4283,John,Brown,student3283@university.com,Female,24,Computer Science,98.9,66.66,40.45,73.69,79.37,79.01,42.93,63.69,D,Yes,Yes,Bachelor's,High,3,17.7
S4284,Noah,Lee,student3284@university.com,Female,21,Business,80.02,88.84,99.93,71.1,96.02,54.3,57.51,77.95,B,Yes,No,High School,Medium,4,5.9
S4285,Noah,Ahmed,student3285@university.com,Male,19,Business,73.49,46.04,79.26,57.98,80.57,84.78,63.34,68.66,C,Yes,Yes,Master's,High,10,15.3
S4286,Noah,Khan,student3286@university.com,Male,20,Business,65.29,57.14,78.22,39.89,59.17,80.95,58.12,62.25,D,No,Yes,Master's,Medium,1,4.2
S4287,John,Wilson,student3287@university.com,Female,20,Physics,66.68,55.76,82.83,31.15,77.39,64.96,64.53,62.77,D,Yes,No,Bachelor's,Low,0,19.1
S4288,Ahmed,Khan,student3288@university.com,Male,23,Business,84.37,49.47,69.5,43.25,85.03,43.87,91.56,63.78,D,No,Yes,Bachelor's,Medium,7,17.9
S4289,John,Ahmed,student3289@university.com,Male,21,Computer Science,93.6,47.75,36.59,59.46,40.75,53.16,84.28,53.66,D,No,Yes,Master's,Medium,0,5.7
S4290,Noah,Wilson,student3290@university.com,Female,21,Business,78.28,67.41,91.24,68.85,37.11,52.44,33.79,58.47,D,No,Yes,Master's,Low,9,16.6
S4291,Omar,Brown,student3291@university.com,Female,24,Physics,92.51,90.79,98.81,33.44,41.29,73.12,55.86,65.55,C,Yes,No,Master's,Medium,3,7.2
S4292,Maria,Khan,student3292@university.com,Female,21,Physics,68.04,66.54,93.85,40.41,39.06,68.83,71.34,63.34,D,Yes,Yes,High School,Low,9,11.0
S4293,Liam,Jones,student3293@university.com,Female,19,Mathematics,67.74,50.05,51.99,93.67,54.46,73.17,46.54,61.65,D,No,Yes,Bachelor's,Medium,9,14.8
S4294,John,Khan,student3294@university.com,Male,24,Mathematics,74.1,84.9,33.57,32.43,83.88,60.0,48.83,57.27,D,No,No,Bachelor's,Low,3,9.8
S4295,Noah,Wilson,student3295@university.com,Female,18,Mathematics,77.43,72.62,37.0,54.58,90.98,43.03,62.81,60.17,D,Yes,No,Master's,Low,7,1.6
S4296,Sara,Lee,student3296@university.com,Female,19,Engineering,70.94,64.05,81.89,42.5,49.15,94.04,89.18,70.14,C,No,Yes,Bachelor's,High,8,19.0
S4297,Sara,Lee,student3297@university.com,Male,20,Computer Science,66.1,40.99,37.17,52.11,62.45,82.2,60.92,55.97,D,No,No,High School,High,4,12.5
S4298,Ayesha,Jones,student3298@university.com,Female,22,Physics,93.82,77.39,52.13,51.11,93.44,57.92,59.15,65.19,C,Yes,No,Bachelor's,Low,2,15.6
S4299,Ahmed,Smith,student3299@university.com,Male,23,Physics,96.44,83.91,31.69,84.35,97.6,40.14,38.17,62.64,D,No,Yes,High School,Low,10,9.8
S4300,Omar,Taylor,student3300@university.com,Male,21,Mathematics,61.47,97.93,57.54,84.68,95.72,39.14,53.84,71.48,C,Yes,Yes,Master's,High,7,12.4
S4301,John,Jones,student3301@university.com,Female,23,Engineering,64.99,93.15,87.29,34.41,82.69,96.67,54.25,74.74,C,No,Yes,Bachelor's,Low,8,14.1
S4302,Ali,Clark,student3302@university.com,Male,20,Business,88.81,79.4,85.25,62.48,66.96,77.59,52.93,70.77,C,No,No,Master's,Low,2,17.7
S4303,Omar,Clark,student3303@university.com,Female,23,Computer Science,89.77,84.96,37.65,47.73,36.07,84.27,58.98,58.28,D,Yes,No,High School,High,9,16.2
S4304,Maria,Ahmed,student3304@university.com,Female,24,Computer Science,71.42,64.07,59.69,97.6,79.65,71.9,42.11,69.17,C,No,Yes,Bachelor's,Low,8,10.0
S4305,Noah,Khan,student3305@university.com,Male,20,Business,63.36,62.68,87.68,55.88,41.59,57.87,75.16,63.48,D,No,No,High School,Low,2,9.3
S4306,Emma,Ahmed,student3306@university.com,Female,25,Engineering,85.32,41.35,69.1,34.75,39.72,74.32,58.68,52.99,D,No,No,Master's,Low,8,5.6
S4307,Emma,Clark,student3307@university.com,Female,25,Mathematics,86.38,83.07,69.37,31.45,50.26,46.05,39.37,53.26,D,No,No,High School,Medium,1,4.8
S4308,Maria,Williams,student3308@university.com,Male,25,Computer Science,82.5,39.35,88.54,51.02,44.22,36.42,44.52,50.68,D,Yes,No,High School,High,8,19.4
S4309,Liam,Brown,student3309@university.com,Male,18,Mathematics,60.16,92.99,47.07,96.61,86.55,84.68,67.41,79.22,B,Yes,Yes,Bachelor's,Medium,10,17.3
S4310,Ayesha,Khan,student3310@university.com,Male,24,Physics,76.68,98.95,88.17,77.55,54.98,37.64,38.86,66.03,C,Yes,Yes,Bachelor's,Medium,3,16.1
S4311,Liam,Brown,student3311@university.com,Female,22,Engineering,67.33,42.57,90.11,85.65,71.7,90.9,93.65,79.1,B,Yes,Yes,Bachelor's,Medium,5,2.4
S4312,John,Ahmed,student3312@university.com,Male,19,Business,81.07,84.76,78.62,71.27,73.77,78.92,55.25,73.77,C,No,Yes,Master's,Low,0,13.1
S4313,John,Brown,student3313@university.com,Female,21,Business,87.06,33.18,45.57,76.57,54.74,88.16,60.54,59.79,D,No,Yes,High School,High,8,11.3
S4314,Omar,Brown,student3314@university.com,Male,23,Mathematics,78.66,68.65,91.21,70.4,70.3,53.27,30.58,64.07,D,No,Yes,High School,Medium,8,8.0
S4315,Omar,Smith,student3315@university.com,Male,25,Engineering,73.92,80.37,39.12,84.23,76.01,62.87,94.44,72.84,C,Yes,Yes,Bachelor's,Low,4,14.4
S4316,Ahmed,Jones,student3316@university.com,Male,20,Computer Science,68.07,80.16,79.32,96.71,35.87,84.64,80.03,76.12,B,No,No,Master's,Medium,7,1.3
S4317,Ahmed,Taylor,student3317@university.com,Female,18,Physics,62.73,64.77,30.29,59.0,93.64,98.69,30.27,62.78,D,Yes,Yes,Master's,Low,1,19.9
S4318,Sara,Williams,student3318@university.com,Female,19,Mathematics,80.43,39.48,98.63,99.07,75.76,94.04,67.74,79.12,B,No,No,High School,High,1,17.6
S4319,Maria,Smith,student3319@university.com,Male,24,Mathematics,74.26,98.19,86.95,43.23,58.88,85.64,51.67,70.76,C,No,No,Bachelor's,Medium,7,15.6
S4320,Ahmed,Lee,student3320@university.com,Male,23,Business,81.14,75.17,47.19,66.71,83.41,82.24,80.6,72.55,C,No,No,Bachelor's,Low,5,2.6
S4321,Omar,Lee,student3321@university.com,Male,21,Physics,65.27,49.37,85.11,51.22,79.08,95.64,63.63,70.67,C,No,Yes,High School,Medium,5,1.8
S4322,John,Williams,student3322@university.com,Male,18,Business,71.93,94.72,39.36,77.08,99.5,93.3,30.8,72.46,C,No,No,Bachelor's,Medium,0,9.8
S4323,Maria,Wilson,student3323@university.com,Female,19,Mathematics,99.4,98.94,57.95,30.5,69.21,74.1,54.85,64.26,D,No,Yes,High School,Low,9,3.0
S4324,Ali,Clark,student3324@university.com,Female,18,Business,85.24,61.95,60.08,81.64,88.66,46.71,90.87,71.65,C,No,No,Bachelor's,Low,7,18.1
S4325,Maria,Taylor,student3325@university.com,Female,19,Engineering,86.82,38.45,36.32,33.08,99.36,71.89,30.5,51.6,D,Yes,Yes,Master's,Low,3,14.4
S4326,Liam,Lee,student3326@university.com,Male,24,Physics,94.4,30.41,71.74,90.51,87.27,55.56,62.62,66.35,C,No,No,High School,High,10,19.0
S4327,John,Taylor,student3327@university.com,Female,19,Mathematics,60.94,32.99,62.96,88.27,88.62,93.64,47.89,69.06,C,Yes,No,Master's,High,3,15.4
S4328,Ali,Brown,student3328@university.com,Male,21,Computer Science,95.43,84.07,86.38,35.88,80.11,65.28,33.29,64.17,D,No,Yes,Bachelor's,Medium,6,4.0
S4329,John,Williams,student3329@university.com,Female,23,Engineering,78.64,71.42,49.89,89.61,66.23,36.69,40.55,59.07,D,No,Yes,Master's,Medium,10,15.5
S4330,Emma,Ahmed,student3330@university.com,Male,18,Business,96.37,83.87,76.64,85.45,87.16,75.64,62.75,78.58,B,Yes,No,High School,Low,9,19.8
S4331,Liam,Clark,student3331@university.com,Male,20,Computer Science,75.29,60.79,81.44,73.56,51.12,66.87,91.0,70.8,C,Yes,No,High School,Low,1,18.5
S4332,Liam,Lee,student3332@university.com,Female,23,Mathematics,92.05,32.51,94.11,81.59,50.4,66.25,82.25,67.85,C,No,Yes,Bachelor's,Low,6,8.0
S4333,Sara,Taylor,student3333@university.com,Female,18,Business,83.82,33.76,72.87,86.12,83.66,97.52,51.76,70.95,C,No,No,Master's,Low,3,17.9
S4334,Maria,Wilson,student3334@university.com,Female,21,Mathematics,61.71,88.25,90.01,80.07,76.87,83.36,60.94,79.92,B,No,Yes,High School,High,7,1.0
S4335,Maria,Jones,student3335@university.com,Female,21,Mathematics,67.68,35.21,57.6,62.04,31.16,34.57,84.38,50.83,D,Yes,No,High School,Medium,1,16.7
S4336,Noah,Brown,student3336@university.com,Male,25,Mathematics,84.74,96.55,76.64,83.06,65.46,75.66,68.16,77.59,B,No,Yes,Bachelor's,Low,5,8.2
S4337,Omar,Ahmed,student3337@university.com,Male,20,Engineering,97.92,77.9,96.89,91.87,44.37,33.86,53.5,66.4,C,No,No,High School,Medium,5,19.3
S4338,Omar,Clark,student3338@university.com,Male,20,Mathematics,72.24,33.32,83.6,95.51,78.43,52.96,88.97,72.13,C,No,Yes,High School,High,8,1.4
S4339,Omar,Jones,student3339@university.com,Male,22,Engineering,71.29,33.53,67.85,38.32,93.97,42.26,67.61,57.26,D,No,No,Bachelor's,Medium,8,9.2
S4340,Ayesha,Smith,student3340@university.com,Female,25,Computer Science,63.91,41.61,56.36,39.07,54.84,99.0,96.9,64.63,D,Yes,No,Bachelor's,Low,9,16.1
S4341,Ayesha,Clark,student3341@university.com,Male,20,Physics,82.93,86.61,31.45,80.75,94.81,63.12,92.39,74.86,C,Yes,No,High School,High,6,7.0
S4342,Liam,Jones,student3342@university.com,Male,24,Business,69.05,32.83,95.56,88.06,73.67,38.5,71.07,66.61,C,Yes,No,High School,Medium,10,6.0
S4343,Ayesha,Brown,student3343@university.com,Male,23,Mathematics,96.73,82.04,98.02,39.22,54.28,99.17,70.71,73.91,C,No,No,Master's,Medium,0,9.7
S4344,John,Smith,student3344@university.com,Male,21,Mathematics,75.7,38.72,93.43,53.37,48.97,31.84,70.43,56.13,D,Yes,Yes,Bachelor's,Low,10,9.2
S4345,Sara,Jones,student3345@university.com,Female,24,Physics,97.38,73.54,86.65,41.77,69.61,42.47,50.05,60.68,D,No,Yes,High School,High,5,7.5
S4346,Sara,Khan,student3346@university.com,Female,21,Physics,74.76,36.19,73.31,79.97,66.35,42.86,44.58,57.21,D,Yes,No,Master's,Medium,6,12.7
S4347,Maria,Williams,student3347@university.com,Male,22,Physics,69.3,66.86,53.5,63.27,56.59,66.39,41.52,58.02,D,No,No,Bachelor's,High,5,5.3
S4348,Ali,Brown,student3348@university.com,Female,23,Business,98.43,45.9,94.46,39.53,86.97,94.17,32.09,65.52,C,No,Yes,Bachelor's,Medium,7,7.5
S4349,John,Khan,student3349@university.com,Male,25,Computer Science,82.2,80.17,59.95,58.76,90.4,43.01,98.22,71.75,C,No,No,Master's,Medium,9,18.8
S4350,Noah,Wilson,student3350@university.com,Female,19,Mathematics,85.98,56.64,67.51,96.38,86.14,61.65,63.12,71.91,C,No,No,Master's,Medium,4,16.9
S4351,Ahmed,Jones,student3351@university.com,Female,21,Computer Science,61.92,38.02,60.32,77.46,64.16,48.13,37.25,54.22,D,No,Yes,Master's,Medium,4,13.8
S4352,Maria,Lee,student3352@university.com,Male,25,Computer Science,81.24,50.88,70.09,87.09,30.27,40.89,34.01,52.21,D,No,No,Bachelor's,High,1,2.3
S4353,Maria,Ahmed,student3353@university.com,Female,25,Computer Science,90.32,62.49,46.98,51.04,97.68,89.7,74.23,70.35,C,No,Yes,Bachelor's,Medium,6,14.9
S4354,Liam,Brown,student3354@university.com,Male,19,Business,80.43,37.15,86.0,95.45,79.22,86.34,61.7,74.31,C,Yes,Yes,Master's,High,6,19.8
S4355,Sara,Ahmed,student3355@university.com,Female,18,Engineering,73.69,43.37,80.99,88.52,96.87,39.27,89.07,73.02,C,Yes,Yes,High School,Low,4,3.1
S4356,Maria,Ahmed,student3356@university.com,Female,23,Mathematics,93.23,44.41,86.83,86.96,86.83,65.52,37.13,67.95,C,Yes,Yes,Master's,Medium,6,4.4
S4357,Emma,Smith,student3357@university.com,Female,25,Computer Science,90.67,57.99,95.84,81.46,61.07,51.69,96.97,74.17,C,Yes,Yes,Master's,Low,4,1.4
S4358,Ali,Clark,student3358@university.com,Female,21,Business,77.8,31.64,88.49,33.68,38.7,40.16,36.19,44.81,F,No,No,Bachelor's,High,3,3.0
S4359,Liam,Williams,student3359@university.com,Female,25,Computer Science,83.45,49.96,81.89,84.62,96.76,82.45,58.44,75.69,B,Yes,Yes,Master's,High,0,9.8
S4360,Noah,Taylor,student3360@university.com,Female,24,Business,70.54,94.28,90.63,58.23,91.23,41.67,91.84,77.98,B,Yes,Yes,High School,Low,9,12.8
S4361,Liam,Wilson,student3361@university.com,Female,20,Mathematics,66.51,96.49,54.77,89.43,97.6,64.19,75.18,79.61,B,Yes,Yes,High School,High,1,18.4
S4362,Noah,Clark,student3362@university.com,Male,22,Physics,81.46,89.7,84.01,93.54,55.49,73.12,65.51,76.89,B,No,No,Master's,Medium,1,1.0
S4363,Ahmed,Khan,student3363@university.com,Female,23,Mathematics,89.87,55.06,99.96,51.62,64.94,33.83,69.77,62.53,D,Yes,No,Master's,Low,0,19.2
S4364,Ali,Khan,student3364@university.com,Female,19,Engineering,78.18,53.16,32.55,86.42,98.04,35.17,97.9,67.21,C,Yes,Yes,Master's,Low,10,1.9
S4365,Sara,Williams,student3365@university.com,Female,25,Mathematics,68.62,66.11,39.29,68.96,98.72,74.96,36.22,64.04,D,Yes,Yes,High School,Medium,4,14.9
S4366,Emma,Lee,student3366@university.com,Female,19,Engineering,74.99,99.55,54.91,83.65,62.91,49.28,69.83,70.02,C,Yes,No,High School,High,0,5.3
S4367,Ayesha,Ahmed,student3367@university.com,Male,21,Engineering,81.63,33.69,67.3,97.38,82.56,35.48,50.82,61.21,D,No,No,Master's,Low,9,15.7
S4368,Noah,Williams,student3368@university.com,Female,22,Computer Science,96.78,61.9,80.91,45.81,41.12,80.0,68.47,63.04,D,No,Yes,Master's,Low,3,19.6
S4369,Maria,Taylor,student3369@university.com,Male,18,Physics,93.57,62.35,80.81,68.08,37.26,77.32,52.69,63.09,D,Yes,Yes,Master's,Low,5,10.1
S4370,Ayesha,Jones,student3370@university.com,Male,25,Mathematics,66.65,42.0,51.54,45.04,41.94,75.55,32.4,48.08,F,Yes,No,Master's,Medium,3,15.8
S4371,Maria,Clark,student3371@university.com,Male,21,Computer Science,85.33,36.1,56.85,91.91,34.06,59.69,78.99,59.6,D,Yes,Yes,High School,Medium,3,10.3
S4372,Omar,Khan,student3372@university.com,Male,23,Computer Science,80.14,31.58,84.61,67.33,53.34,64.43,61.3,60.43,D,Yes,No,High School,Medium,8,1.3
S4373,Ahmed,Smith,student3373@university.com,Male,22,Engineering,79.9,89.31,71.13,77.23,37.17,64.38,58.7,66.32,C,No,No,High School,Low,4,1.9
S4374,Ayesha,Lee,student3374@university.com,Female,20,Physics,81.33,72.85,42.3,46.48,87.8,88.03,57.73,65.87,C,No,Yes,Bachelor's,High,9,16.3
S4375,Omar,Ahmed,student3375@university.com,Male,18,Business,86.94,32.88,52.96,67.56,59.26,77.11,85.75,62.59,D,No,Yes,Master's,Medium,5,1.1
S4376,Maria,Taylor,student3376@university.com,Female,22,Engineering,60.82,59.75,92.31,88.46,89.13,45.69,44.7,70.01,C,Yes,No,Bachelor's,Low,8,2.8
S4377,Sara,Jones,student3377@university.com,Female,20,Physics,83.29,76.67,96.72,45.28,65.14,40.43,66.75,65.17,C,Yes,No,Master's,High,0,15.4
S4378,John,Jones,student3378@university.com,Male,20,Mathematics,61.34,49.14,82.58,90.17,72.0,98.19,62.71,75.8,B,Yes,No,High School,Low,9,5.8
S4379,Emma,Taylor,student3379@university.com,Female,21,Physics,62.21,36.14,59.19,40.39,35.04,32.8,41.01,40.76,F,No,Yes,High School,Medium,1,7.2
S4380,Ahmed,Khan,student3380@university.com,Male,20,Computer Science,60.41,51.54,85.75,38.44,58.99,60.56,50.82,57.68,D,No,No,High School,Medium,4,1.9
S4381,John,Lee,student3381@university.com,Male,23,Mathematics,85.47,66.73,82.02,49.74,45.12,79.67,85.74,68.17,C,Yes,Yes,Bachelor's,Low,10,9.9
S4382,Emma,Brown,student3382@university.com,Male,24,Mathematics,88.71,37.0,84.56,67.49,72.56,88.39,31.55,63.59,D,Yes,No,Bachelor's,Medium,5,7.8
S4383,Sara,Smith,student3383@university.com,Female,22,Computer Science,83.65,62.17,82.82,48.29,49.66,95.62,67.36,67.65,C,No,Yes,High School,High,4,13.9
S4384,Liam,Smith,student3384@university.com,Male,25,Computer Science,81.31,76.9,41.96,34.98,76.48,98.05,87.03,69.23,C,Yes,No,High School,Low,7,4.7
S4385,Emma,Taylor,student3385@university.com,Male,19,Business,89.45,98.56,30.05,63.3,70.03,62.76,31.49,59.37,D,No,No,Master's,Medium,3,3.4
S4386,Ali,Williams,student3386@university.com,Male,25,Business,94.57,41.7,30.03,94.81,61.85,77.62,60.99,61.17,D,No,Yes,Master's,Medium,10,14.3
S4387,Liam,Taylor,student3387@university.com,Female,25,Engineering,94.75,78.55,87.27,59.27,94.31,45.48,37.36,67.04,C,Yes,Yes,High School,Low,5,17.0
S4388,Ahmed,Clark,student3388@university.com,Female,23,Physics,95.78,37.39,64.09,49.09,91.75,35.62,43.19,53.52,D,Yes,Yes,Master's,Medium,1,12.2
S4389,John,Clark,student3389@university.com,Male,24,Physics,76.29,44.55,32.95,62.72,99.03,98.05,54.08,65.23,C,Yes,Yes,High School,Medium,2,4.2
S4390,Ahmed,Brown,student3390@university.com,Male,20,Physics,97.68,51.52,95.95,38.44,63.58,98.71,95.58,73.96,C,No,No,Bachelor's,High,5,6.2
S4391,Sara,Smith,student3391@university.com,Female,20,Engineering,99.67,85.23,43.99,45.0,57.01,55.12,35.08,53.57,D,Yes,No,Bachelor's,Medium,7,17.8
S4392,Emma,Ahmed,student3392@university.com,Male,18,Engineering,68.92,31.24,48.22,47.32,43.99,63.31,72.3,51.06,D,No,No,High School,Medium,4,4.8
S4393,Liam,Brown,student3393@university.com,Male,22,Computer Science,73.39,36.05,76.06,84.29,34.05,56.01,69.58,59.34,D,Yes,No,Bachelor's,High,3,14.9
S4394,Ahmed,Lee,student3394@university.com,Male,18,Engineering,60.35,34.85,85.57,36.56,44.85,76.1,51.54,54.91,D,Yes,Yes,High School,Low,8,13.3
S4395,Sara,Wilson,student3395@university.com,Female,24,Physics,73.93,97.53,64.89,81.94,37.89,38.28,79.16,66.61,C,No,Yes,Master's,Low,7,7.7
S4396,Emma,Jones,student3396@university.com,Female,22,Physics,60.82,51.27,87.33,98.46,49.06,85.55,44.61,69.38,C,Yes,No,High School,Low,1,15.7
S4397,Omar,Jones,student3397@university.com,Male,19,Engineering,80.28,61.78,60.61,81.55,57.02,46.0,77.49,64.08,D,No,Yes,Master's,High,1,9.3
S4398,Ayesha,Brown,student3398@university.com,Female,19,Engineering,99.39,37.03,69.94,35.83,78.74,39.79,55.78,52.85,D,Yes,Yes,Master's,High,3,6.5
S4399,Omar,Wilson,student3399@university.com,Female,20,Physics,98.92,58.25,30.26,73.14,64.74,88.59,73.01,64.67,D,No,Yes,Master's,Medium,0,18.5
S4400,Liam,Williams,student3400@university.com,Male,25,Engineering,77.57,56.79,30.55,90.5,78.69,85.76,47.74,65.0,C,Yes,No,Master's,Low,2,1.2
S4401,Emma,Ahmed,student3401@university.com,Female,20,Physics,64.73,67.2,57.36,41.38,85.3,71.64,53.88,62.79,D,Yes,Yes,High School,Low,5,7.2
S4402,Maria,Smith,student3402@university.com,Female,22,Engineering,99.45,56.94,57.35,86.67,79.68,57.94,56.9,65.91,C,Yes,Yes,Bachelor's,Low,9,9.6
S4403,Ahmed,Taylor,student3403@university.com,Male,25,Physics,79.66,63.18,31.08,65.7,61.81,43.73,47.79,52.22,D,Yes,Yes,High School,Medium,7,12.5
S4404,Ahmed,Khan,student3404@university.com,Male,24,Computer Science,89.71,57.97,41.02,54.97,66.64,60.1,64.5,57.53,D,No,No,Master's,Medium,9,17.4
S4405,Ayesha,Jones,student3405@university.com,Female,22,Mathematics,66.54,89.67,83.52,68.55,93.32,97.79,62.61,82.58,B,Yes,Yes,Master's,High,8,16.6
S4406,John,Lee,student3406@university.com,Female,23,Physics,90.76,64.12,38.61,34.55,69.15,40.29,43.02,48.29,F,No,Yes,Master's,Low,6,14.6
S4407,Ayesha,Brown,student3407@university.com,Female,19,Business,88.03,92.22,52.91,78.91,87.65,30.84,44.42,64.49,D,Yes,Yes,Master's,High,1,2.6
S4408,John,Ahmed,student3408@university.com,Female,18,Business,99.15,94.58,51.76,30.28,31.68,46.68,59.17,52.36,D,Yes,Yes,High School,High,0,2.3
S4409,Noah,Jones,student3409@university.com,Female,25,Mathematics,96.41,37.79,89.14,42.96,71.0,91.6,85.57,69.68,C,Yes,No,Bachelor's,Medium,1,18.4
S4410,Maria,Khan,student3410@university.com,Male,21,Business,90.01,89.59,58.29,74.68,99.81,82.75,55.44,76.76,B,No,Yes,Master's,Medium,3,9.4
S4411,Sara,Clark,student3411@university.com,Male,22,Computer Science,61.9,88.55,44.92,77.9,94.87,79.91,97.79,80.66,B,No,Yes,Master's,Low,8,6.9
S4412,Omar,Williams,student3412@university.com,Female,20,Computer Science,87.18,64.24,54.99,54.49,69.57,85.86,37.07,61.04,D,Yes,Yes,Bachelor's,Medium,6,12.8
S4413,Omar,Wilson,student3413@university.com,Female,21,Computer Science,69.61,46.15,65.95,62.93,52.68,97.0,54.49,63.2,D,Yes,Yes,Master's,Medium,8,18.8
S4414,Emma,Brown,student3414@university.com,Male,22,Business,70.72,90.32,75.07,35.48,76.45,37.07,70.19,64.1,D,No,Yes,Bachelor's,Low,9,9.7
S4415,Sara,Taylor,student3415@university.com,Female,22,Mathematics,80.75,46.46,67.81,57.64,96.34,65.02,55.76,64.84,D,No,No,Bachelor's,Low,5,3.2
S4416,Ali,Brown,student3416@university.com,Female,21,Physics,94.33,31.07,37.86,75.82,40.25,80.23,57.89,53.85,D,No,Yes,High School,High,8,2.1
S4417,Ahmed,Taylor,student3417@university.com,Female,25,Mathematics,94.96,30.24,75.09,89.71,86.75,34.39,58.44,62.44,D,Yes,Yes,Bachelor's,High,7,16.5
S4418,Emma,Taylor,student3418@university.com,Female,24,Business,82.3,40.98,99.92,30.19,98.16,72.73,84.88,71.14,C,No,Yes,Master's,High,3,8.5
S4419,Ayesha,Williams,student3419@university.com,Female,18,Engineering,97.17,58.03,64.28,60.76,37.23,91.04,55.11,61.07,D,No,Yes,Bachelor's,High,7,9.6
S4420,Liam,Clark,student3420@university.com,Female,20,Physics,97.9,45.3,36.48,54.02,69.2,99.72,64.41,61.52,D,Yes,Yes,Bachelor's,Low,6,17.3
S4421,Omar,Lee,student3421@university.com,Female,18,Physics,90.74,70.25,70.55,64.63,37.84,85.54,80.87,68.28,C,Yes,No,Master's,High,3,6.9
S4422,Ayesha,Williams,student3422@university.com,Female,22,Business,82.07,40.82,55.88,96.61,45.0,82.65,38.08,59.84,D,No,Yes,Bachelor's,High,3,7.0
S4423,John,Ahmed,student3423@university.com,Male,20,Business,94.95,90.56,83.85,42.35,79.19,31.77,45.19,62.15,D,No,Yes,Bachelor's,High,6,13.5
S4424,Omar,Ahmed,student3424@university.com,Male,22,Engineering,61.41,70.58,49.31,58.4,90.03,57.96,90.25,69.42,C,No,No,High School,High,0,11.6
S4425,Ayesha,Taylor,student3425@university.com,Female,23,Physics,84.02,47.97,53.91,80.07,35.1,45.07,47.87,51.66,D,Yes,Yes,Master's,Low,2,2.5
S4426,John,Taylor,student3426@university.com,Female,20,Business,82.92,81.91,46.49,87.64,76.28,47.48,47.13,64.49,D,Yes,Yes,High School,Medium,0,17.4
S4427,Maria,Brown,student3427@university.com,Male,23,Computer Science,64.88,38.42,70.56,64.9,80.13,32.03,52.04,56.35,D,Yes,No,Master's,Medium,4,7.2
S4428,Ali,Khan,student3428@university.com,Male,18,Engineering,68.18,83.93,60.13,63.98,53.03,98.54,89.25,74.81,C,Yes,No,High School,Medium,1,3.4
S4429,Ali,Khan,student3429@university.com,Male,23,Business,66.01,61.17,42.98,51.57,53.78,48.55,58.14,52.7,D,Yes,Yes,Bachelor's,Low,2,18.7
S4430,Ali,Jones,student3430@university.com,Female,24,Business,68.48,79.03,35.31,60.2,42.63,71.7,46.72,55.93,D,No,Yes,Master's,High,8,20.0
S4431,Ali,Khan,student3431@university.com,Male,23,Physics,63.22,57.56,73.4,84.87,87.56,38.02,73.76,69.19,C,No,Yes,Bachelor's,Medium,10,7.9
S4432,Noah,Taylor,student3432@university.com,Female,23,Physics,80.76,64.03,51.82,31.35,62.85,80.25,80.48,61.8,D,Yes,No,High School,Medium,1,18.9
S4433,Maria,Williams,student3433@university.com,Female,23,Business,75.44,60.08,45.17,56.19,31.3,64.52,93.31,58.43,D,No,Yes,High School,High,4,12.7
S4434,Maria,Brown,student3434@university.com,Female,20,Mathematics,75.47,76.15,80.99,71.37,75.94,40.97,71.49,69.48,C,Yes,Yes,Bachelor's,Low,6,13.6
S4435,Omar,Ahmed,student3435@university.com,Male,21,Engineering,66.09,56.92,32.42,72.08,32.37,42.01,71.97,51.29,D,Yes,Yes,Bachelor's,Medium,2,19.6
S4436,Noah,Wilson,student3436@university.com,Male,21,Mathematics,70.63,92.54,94.73,64.19,71.04,71.68,42.73,72.82,C,Yes,Yes,Bachelor's,Medium,1,12.9
S4437,Ahmed,Taylor,student3437@university.com,Female,18,Business,78.53,90.14,85.62,86.88,62.38,56.47,66.84,74.72,C,Yes,Yes,High School,High,8,8.2
S4438,John,Clark,student3438@university.com,Male,20,Computer Science,67.05,34.81,42.28,50.87,40.69,38.21,41.58,41.41,F,Yes,No,Master's,Medium,5,17.0
S4439,Emma,Jones,student3439@university.com,Male,18,Computer Science,80.92,77.5,77.84,41.82,56.58,36.23,73.87,60.64,D,No,Yes,Bachelor's,Medium,7,6.3
S4440,Omar,Ahmed,student3440@university.com,Male,24,Computer Science,62.31,60.17,90.93,45.93,94.0,80.19,47.09,69.72,C,No,No,High School,Low,1,13.7
S4441,Liam,Clark,student3441@university.com,Female,25,Physics,93.77,48.96,89.05,62.58,98.93,36.22,32.08,61.3,D,No,Yes,High School,Low,7,16.1
S4442,Liam,Jones,student3442@university.com,Male,19,Physics,71.38,75.29,53.55,98.51,42.81,45.07,84.36,66.6,C,No,Yes,Bachelor's,High,9,19.1
S4443,Noah,Brown,student3443@university.com,Female,23,Mathematics,68.75,85.46,94.78,94.37,71.46,95.34,82.99,87.4,A,No,No,High School,Medium,5,8.0
S4444,Emma,Lee,student3444@university.com,Female,22,Computer Science,76.85,81.17,86.96,73.51,90.6,48.93,80.32,76.92,B,No,Yes,Master's,Low,4,15.0
S4445,Noah,Wilson,student3445@university.com,Male,24,Mathematics,92.14,62.16,68.57,35.61,98.11,37.23,88.69,65.06,C,No,No,Bachelor's,Medium,3,1.9
S4446,Ayesha,Jones,student3446@university.com,Female,20,Mathematics,69.51,77.79,73.44,79.97,90.21,86.77,31.28,73.24,C,No,Yes,High School,Medium,10,7.5
S4447,Liam,Smith,student3447@university.com,Female,25,Computer Science,71.96,77.83,58.92,40.36,51.0,76.8,93.29,66.37,C,No,No,High School,High,7,14.0
S4448,Ahmed,Brown,student3448@university.com,Male,23,Mathematics,73.2,92.94,54.67,69.73,96.14,90.2,85.55,81.54,B,Yes,Yes,Bachelor's,Medium,1,13.1
S4449,Ahmed,Wilson,student3449@university.com,Female,20,Engineering,67.28,31.86,37.74,80.98,36.34,87.66,92.09,61.11,D,Yes,Yes,Master's,Low,0,4.2
S4450,Ayesha,Williams,student3450@university.com,Female,23,Business,70.78,61.98,85.41,53.29,53.14,34.63,65.39,58.97,D,No,Yes,Master's,Medium,1,4.9
S4451,Ayesha,Jones,student3451@university.com,Male,19,Business,83.21,69.69,96.81,91.61,39.08,41.48,48.29,64.49,D,No,Yes,Master's,Medium,3,6.0
S4452,Ayesha,Smith,student3452@university.com,Male,23,Engineering,93.88,84.51,92.47,43.98,33.79,33.87,74.07,60.45,D,Yes,Yes,Master's,Low,1,7.0
S4453,Noah,Taylor,student3453@university.com,Male,19,Business,69.54,35.07,43.36,85.6,87.86,36.71,80.03,61.44,D,No,Yes,Master's,High,8,2.0
S4454,John,Clark,student3454@university.com,Female,18,Business,78.75,45.71,36.89,31.95,61.98,43.07,78.43,49.67,F,Yes,No,High School,Medium,10,17.2
S4455,John,Ahmed,student3455@university.com,Female,25,Computer Science,69.67,68.32,74.27,33.84,56.08,37.26,43.29,52.18,D,No,Yes,Master's,High,4,8.7
S4456,Liam,Brown,student3456@university.com,Female,19,Mathematics,94.26,39.01,56.23,54.33,64.52,91.79,47.03,58.82,D,Yes,Yes,High School,High,2,8.1
S4457,Noah,Clark,student3457@university.com,Male,22,Computer Science,60.94,73.7,38.35,85.73,79.28,81.96,78.21,72.87,C,Yes,Yes,Master's,Medium,8,12.0
S4458,Noah,Smith,student3458@university.com,Male,24,Mathematics,77.69,92.62,75.67,39.83,72.73,48.8,35.5,60.86,D,No,Yes,High School,Low,10,15.0
S4459,Omar,Smith,student3459@university.com,Female,18,Mathematics,61.43,90.05,80.45,47.24,39.04,75.56,68.7,66.84,C,Yes,No,Bachelor's,Medium,8,2.1
S4460,Ali,Wilson,student3460@university.com,Female,21,Business,80.33,44.93,70.61,88.55,89.26,59.55,46.42,66.55,C,Yes,Yes,Master's,Medium,7,10.4
S4461,John,Clark,student3461@university.com,Female,23,Physics,77.54,31.97,51.27,47.17,39.15,87.58,48.52,50.94,D,No,No,Master's,High,8,15.5
S4462,Ali,Williams,student3462@university.com,Female,20,Computer Science,72.63,73.67,33.27,55.67,79.43,61.85,48.24,58.69,D,Yes,Yes,High School,High,0,5.5
S4463,Ali,Williams,student3463@university.com,Male,23,Computer Science,64.66,46.75,51.0,50.43,51.37,59.35,81.57,56.75,D,Yes,No,Bachelor's,Medium,6,15.7
S4464,Ali,Smith,student3464@university.com,Male,21,Physics,77.86,42.49,38.07,50.74,90.01,36.49,81.24,56.51,D,Yes,No,Bachelor's,Low,3,19.8
S4465,Emma,Lee,student3465@university.com,Male,20,Engineering,69.42,78.1,99.75,46.31,67.58,75.39,82.69,74.97,C,Yes,Yes,High School,Medium,4,14.1
S4466,Omar,Taylor,student3466@university.com,Female,21,Mathematics,73.91,55.61,93.31,82.29,91.71,88.1,36.95,74.66,C,Yes,Yes,Bachelor's,Medium,3,7.0
S4467,Ayesha,Wilson,student3467@university.com,Male,23,Mathematics,93.24,80.75,67.95,47.96,80.36,54.88,86.72,69.77,C,Yes,Yes,Bachelor's,High,4,10.2
S4468,Ahmed,Williams,student3468@university.com,Female,19,Engineering,66.05,79.34,74.74,34.93,31.92,99.91,80.29,66.86,C,No,No,Bachelor's,High,5,2.5
S4469,Emma,Ahmed,student3469@university.com,Male,19,Mathematics,64.22,87.21,63.82,74.08,95.82,64.9,64.63,75.08,B,Yes,No,High School,High,3,15.0
S4470,Noah,Lee,student3470@university.com,Male,22,Computer Science,81.9,89.93,44.05,78.96,62.94,76.62,54.53,67.84,C,No,No,Master's,Medium,10,3.9
S4471,Ayesha,Jones,student3471@university.com,Female,24,Mathematics,65.89,76.69,30.04,97.64,78.54,52.21,50.14,64.21,D,Yes,Yes,High School,High,3,6.8
S4472,Noah,Taylor,student3472@university.com,Male,24,Mathematics,78.38,97.39,79.17,90.24,85.35,84.62,95.22,88.67,A,Yes,Yes,Master's,High,2,11.9
S4473,Noah,Smith,student3473@university.com,Male,18,Physics,64.16,41.27,99.78,30.85,92.05,71.59,63.66,66.53,C,Yes,No,High School,High,0,10.7
S4474,Noah,Taylor,student3474@university.com,Female,18,Computer Science,63.52,67.38,36.45,69.05,65.56,61.31,41.3,56.84,D,Yes,No,High School,Low,2,16.7
S4475,Ali,Ahmed,student3475@university.com,Male,22,Physics,91.05,58.26,95.84,85.56,39.43,52.32,57.69,64.85,D,No,Yes,High School,High,2,9.0
S4476,John,Taylor,student3476@university.com,Male,18,Computer Science,85.08,83.03,90.7,56.3,84.07,58.35,51.01,70.58,C,No,No,High School,Low,10,12.3
S4477,Ayesha,Wilson,student3477@university.com,Female,19,Computer Science,86.84,82.67,51.97,74.41,57.79,88.17,75.69,71.78,C,Yes,No,Master's,Medium,9,2.2
S4478,Emma,Jones,student3478@university.com,Female,20,Business,87.53,99.45,55.36,47.79,55.73,59.0,78.89,66.04,C,Yes,Yes,Bachelor's,High,2,3.8
S4479,Noah,Williams,student3479@university.com,Female,22,Mathematics,71.69,61.84,58.14,58.98,64.11,67.11,87.55,66.29,C,No,No,Bachelor's,High,0,10.8
S4480,Ahmed,Williams,student3480@university.com,Female,19,Engineering,77.82,71.09,52.81,38.26,90.68,43.91,35.04,55.3,D,Yes,Yes,Bachelor's,Medium,3,19.3
S4481,Liam,Jones,student3481@university.com,Male,20,Mathematics,69.71,31.91,43.39,41.81,73.38,73.86,76.19,56.76,D,No,No,Bachelor's,High,0,17.4
S4482,Maria,Williams,student3482@university.com,Female,19,Physics,93.87,65.71,86.45,86.2,56.83,30.08,91.47,69.46,C,No,No,Master's,Low,8,15.9
S4483,John,Khan,student3483@university.com,Male,20,Mathematics,99.36,77.05,41.09,85.21,86.97,58.85,54.53,67.28,C,No,Yes,Master's,High,5,11.4
S4484,Omar,Brown,student3484@university.com,Female,25,Business,78.29,45.34,63.61,41.25,39.52,40.87,88.4,53.16,D,Yes,No,Master's,Low,6,11.0
S4485,Maria,Smith,student3485@university.com,Female,18,Computer Science,67.21,53.79,72.9,97.46,81.59,64.16,87.85,76.29,B,No,No,Master's,Low,5,16.6
S4486,Maria,Smith,student3486@university.com,Female,19,Engineering,85.0,75.85,38.62,45.12,78.12,65.61,97.3,66.77,C,No,No,High School,Low,2,15.5
S4487,Ayesha,Jones,student3487@university.com,Female,23,Engineering,82.55,39.59,36.37,56.88,59.75,90.21,69.24,58.67,D,Yes,No,High School,Low,2,5.8
S4488,Emma,Williams,student3488@university.com,Male,19,Physics,84.26,48.36,97.23,93.91,76.03,60.08,86.96,77.09,B,No,Yes,High School,Low,2,18.5
S4489,Emma,Taylor,student3489@university.com,Male,21,Engineering,85.24,67.61,90.32,67.16,81.13,98.51,88.05,82.13,B,No,Yes,Bachelor's,Low,10,15.7
S4490,John,Brown,student3490@university.com,Female,24,Computer Science,60.06,74.31,32.63,62.32,51.6,62.46,42.15,54.24,D,Yes,Yes,Bachelor's,High,7,2.0
S4491,Liam,Clark,student3491@university.com,Female,23,Engineering,82.64,71.92,31.6,36.96,79.8,40.52,81.09,56.98,D,Yes,Yes,High School,Low,4,12.6
S4492,Sara,Brown,student3492@university.com,Male,22,Physics,68.62,56.03,73.56,84.02,53.94,55.85,59.69,63.85,D,Yes,Yes,High School,High,9,4.9
S4493,Omar,Lee,student3493@university.com,Female,19,Business,65.59,64.03,55.36,57.08,63.96,32.02,85.64,59.68,D,No,No,High School,Low,6,2.2
S4494,Maria,Jones,student3494@university.com,Female,20,Computer Science,93.71,72.42,53.12,81.98,80.91,80.1,89.21,76.29,B,No,Yes,High School,Low,10,7.9
S4495,Maria,Khan,student3495@university.com,Male,19,Computer Science,71.56,49.0,35.31,83.03,86.92,37.74,55.7,57.95,D,No,No,High School,Low,5,19.1
S4496,Emma,Khan,student3496@university.com,Male,20,Computer Science,63.58,65.82,69.79,40.96,88.46,83.13,38.17,64.39,D,Yes,No,High School,High,10,3.9
S4497,Ali,Smith,student3497@university.com,Male,24,Physics,61.07,98.66,85.13,91.64,47.0,98.53,71.01,82.0,B,Yes,Yes,Master's,High,1,16.8
S4498,Maria,Williams,student3498@university.com,Female,18,Mathematics,87.63,86.27,95.38,95.34,41.79,49.05,78.35,74.36,C,Yes,No,High School,Low,1,2.5
S4499,Ayesha,Clark,student3499@university.com,Male,18,Mathematics,80.35,80.06,72.03,91.67,71.89,41.47,44.92,67.01,C,No,No,High School,High,2,19.6
S4500,Liam,Ahmed,student3500@university.com,Male,23,Engineering,80.94,61.86,88.66,67.77,91.55,38.94,55.95,67.45,C,Yes,No,High School,Low,2,5.4
S4501,Omar,Khan,student3501@university.com,Female,19,Business,97.19,37.63,95.41,61.36,83.18,60.81,73.37,68.63,C,No,Yes,High School,Medium,0,2.8
S4502,Emma,Jones,student3502@university.com,Male,25,Business,84.25,81.47,92.38,63.55,47.09,96.49,71.68,75.44,B,Yes,Yes,Bachelor's,High,10,15.1
S4503,Sara,Clark,student3503@university.com,Male,24,Mathematics,65.99,98.8,93.9,85.23,34.17,71.62,95.17,79.82,B,Yes,Yes,Master's,Low,2,15.6
S4504,Emma,Wilson,student3504@university.com,Female,24,Mathematics,77.47,48.62,66.65,96.23,95.77,74.37,51.22,72.14,C,Yes,Yes,Master's,Medium,2,16.0
S4505,John,Ahmed,student3505@university.com,Female,19,Computer Science,81.37,94.38,69.12,56.73,37.29,34.69,30.35,53.76,D,No,No,Master's,Low,2,12.4
S4506,Emma,Lee,student3506@university.com,Female,21,Business,75.8,72.9,56.19,70.03,96.24,58.37,57.23,68.49,C,Yes,No,Master's,High,5,11.9
S4507,Noah,Jones,student3507@university.com,Female,24,Computer Science,83.69,56.91,49.39,72.37,40.88,85.34,77.01,63.65,D,Yes,Yes,High School,Low,5,1.4
S4508,Ali,Brown,student3508@university.com,Female,20,Business,88.81,72.17,66.85,93.04,59.46,54.37,51.09,66.16,C,Yes,No,High School,Medium,6,13.9
S4509,Ahmed,Ahmed,student3509@university.com,Female,18,Mathematics,70.86,94.69,54.76,90.85,41.36,35.65,68.96,64.38,D,No,Yes,Master's,High,6,11.5
S4510,Omar,Williams,student3510@university.com,Male,20,Physics,60.47,92.48,38.68,58.33,79.47,85.94,55.36,68.38,C,No,Yes,Bachelor's,Low,2,12.3
S4511,Ayesha,Brown,student3511@university.com,Female,19,Physics,86.05,51.0,63.39,78.6,42.31,44.04,97.99,62.89,D,No,No,Bachelor's,Low,2,19.7
S4512,Maria,Taylor,student3512@university.com,Female,21,Mathematics,72.41,36.87,86.05,94.27,72.95,63.97,48.2,67.05,C,Yes,Yes,Bachelor's,Medium,7,16.8
S4513,Ayesha,Ahmed,student3513@university.com,Female,20,Business,62.93,46.04,49.53,70.01,43.46,75.87,41.76,54.44,D,No,No,Master's,Medium,6,18.2
S4514,Omar,Khan,student3514@university.com,Male,22,Mathematics,79.32,44.97,33.79,40.45,88.55,78.22,72.19,59.7,D,No,No,Master's,High,5,14.6
S4515,Emma,Lee,student3515@university.com,Male,20,Mathematics,76.14,70.83,57.44,61.1,99.64,64.3,56.97,68.38,C,No,No,High School,Medium,1,14.3
S4516,Liam,Khan,student3516@university.com,Male,24,Mathematics,80.15,74.24,99.72,70.68,43.3,85.45,61.2,72.43,C,No,Yes,Master's,High,1,2.5
S4517,Ayesha,Taylor,student3517@university.com,Male,18,Business,81.22,95.3,98.81,81.75,74.35,65.39,53.16,78.13,B,No,Yes,Master's,Low,7,2.1
S4518,Sara,Khan,student3518@university.com,Male,24,Mathematics,77.96,92.78,48.26,55.0,77.97,72.74,91.53,73.05,C,Yes,No,High School,Low,7,14.1
S4519,John,Ahmed,student3519@university.com,Male,24,Physics,72.14,95.95,67.03,94.7,39.03,36.9,40.9,62.42,D,Yes,Yes,High School,Low,0,11.2
S4520,Sara,Clark,student3520@university.com,Female,19,Engineering,85.24,79.13,42.31,43.02,91.68,77.5,68.78,67.07,C,Yes,Yes,Master's,Low,2,12.4
S4521,Omar,Lee,student3521@university.com,Male,21,Computer Science,83.6,77.02,81.94,66.38,57.17,72.83,60.16,69.25,C,Yes,No,Master's,High,3,4.7
S4522,Emma,Khan,student3522@university.com,Male,20,Computer Science,83.5,68.98,98.72,99.79,69.2,61.64,59.46,76.3,B,Yes,No,High School,High,6,11.7
S4523,Noah,Jones,student3523@university.com,Female,21,Engineering,96.39,38.12,63.86,74.19,92.91,44.16,58.31,61.93,D,No,No,High School,Low,1,1.6
S4524,Ali,Jones,student3524@university.com,Male,24,Physics,82.61,56.84,96.33,45.65,92.83,89.76,81.16,77.1,B,Yes,Yes,Bachelor's,Medium,7,8.0
S4525,Omar,Lee,student3525@university.com,Female,20,Business,81.61,63.59,39.98,73.55,93.85,66.11,38.0,62.51,D,No,No,Bachelor's,Low,6,17.7
S4526,Sara,Taylor,student3526@university.com,Male,23,Computer Science,65.36,83.88,81.01,77.41,88.79,67.54,83.33,80.33,B,Yes,No,Master's,Medium,8,12.8
S4527,Omar,Smith,student3527@university.com,Male,18,Computer Science,81.53,97.65,67.93,95.79,84.3,83.9,61.8,81.9,B,No,Yes,Bachelor's,Medium,0,1.6
S4528,John,Clark,student3528@university.com,Male,21,Computer Science,90.05,32.77,89.45,85.24,75.53,35.73,74.01,65.45,C,Yes,No,Bachelor's,Low,2,16.6
S4529,Omar,Smith,student3529@university.com,Female,18,Business,86.37,92.8,58.11,86.31,54.99,44.09,79.56,69.31,C,Yes,Yes,High School,Medium,6,14.1
S4530,Omar,Khan,student3530@university.com,Male,25,Computer Science,82.98,74.13,98.34,84.14,75.46,66.46,60.4,76.49,B,Yes,No,Bachelor's,Medium,1,13.6
S4531,Ahmed,Brown,student3531@university.com,Male,19,Mathematics,69.29,49.93,64.72,63.76,76.33,40.45,99.62,65.8,C,Yes,Yes,Master's,Low,9,13.2
S4532,Noah,Wilson,student3532@university.com,Male,24,Business,64.93,47.18,47.01,33.14,39.08,53.98,40.85,43.54,F,No,Yes,High School,High,2,13.9
S4533,Ali,Khan,student3533@university.com,Female,18,Physics,67.52,57.2,84.2,93.17,67.45,84.34,94.32,80.11,B,No,No,Bachelor's,High,2,2.4
S4534,John,Clark,student3534@university.com,Male,20,Engineering,92.93,80.84,60.9,69.83,30.73,88.44,38.4,61.52,D,No,Yes,Master's,Low,2,16.9
S4535,Ali,Ahmed,student3535@university.com,Female,20,Mathematics,61.15,79.16,35.61,42.4,80.35,79.62,68.1,64.21,D,Yes,No,Master's,Low,7,9.9
S4536,Emma,Brown,student3536@university.com,Female,22,Computer Science,66.64,48.06,69.07,38.08,66.2,87.94,82.67,65.34,C,No,No,Master's,Low,1,14.6
S4537,Liam,Brown,student3537@university.com,Female,25,Mathematics,91.45,79.79,48.83,40.7,64.1,61.36,60.93,59.28,D,Yes,Yes,High School,Medium,9,14.1
S4538,Ahmed,Smith,student3538@university.com,Female,21,Computer Science,89.68,48.28,72.85,30.34,98.86,47.58,86.15,64.01,D,No,No,Master's,Low,5,9.1
S4539,Maria,Wilson,student3539@university.com,Male,23,Computer Science,67.6,87.5,35.58,39.25,51.89,63.64,79.05,59.48,D,No,No,Master's,Medium,1,13.7
S4540,Omar,Williams,student3540@university.com,Female,21,Computer Science,68.33,72.71,98.13,66.08,45.42,94.84,70.54,74.62,C,No,Yes,High School,Medium,3,9.0
S4541,Ali,Taylor,student3541@university.com,Female,22,Business,72.78,75.45,91.94,88.97,76.4,82.89,51.93,77.93,B,Yes,Yes,Master's,Medium,4,14.3
S4542,Ali,Clark,student3542@university.com,Female,20,Business,66.75,50.44,69.95,97.83,82.88,50.38,94.43,74.32,C,Yes,Yes,Bachelor's,Low,0,9.2
S4543,Omar,Ahmed,student3543@university.com,Female,24,Computer Science,68.79,54.18,60.4,91.78,58.18,80.08,94.93,73.26,C,No,No,Bachelor's,Low,6,6.0
S4544,Noah,Khan,student3544@university.com,Male,20,Business,67.35,45.71,98.38,64.7,46.61,59.25,64.41,63.18,D,No,Yes,Bachelor's,High,5,17.8
S4545,Ahmed,Lee,student3545@university.com,Female,24,Computer Science,84.91,36.49,98.68,30.08,34.49,32.76,74.47,51.16,D,No,No,High School,Low,8,6.8
S4546,Ayesha,Taylor,student3546@university.com,Male,18,Engineering,82.3,34.46,38.35,48.18,84.63,91.17,48.18,57.5,D,Yes,No,Master's,Low,2,6.1
S4547,Ali,Khan,student3547@university.com,Female,21,Physics,87.55,93.35,82.6,44.18,33.35,72.7,37.71,60.65,D,No,Yes,Bachelor's,High,7,14.4
S4548,Maria,Ahmed,student3548@university.com,Male,25,Computer Science,95.19,58.23,49.15,41.28,91.01,67.25,49.07,59.33,D,Yes,Yes,Bachelor's,Low,5,17.1
S4549,Omar,Khan,student3549@university.com,Female,23,Mathematics,83.8,52.26,78.22,51.96,79.54,57.71,55.29,62.5,D,Yes,No,Master's,Medium,3,12.5
S4550,Maria,Khan,student3550@university.com,Female,22,Computer Science,98.78,83.36,49.9,75.89,50.65,65.59,34.51,59.98,D,Yes,Yes,Bachelor's,Low,9,11.7
S4551,Ayesha,Taylor,student3551@university.com,Female,18,Business,66.76,52.11,34.18,64.13,78.52,53.95,60.96,57.31,D,Yes,No,High School,High,0,6.1
S4552,Ayesha,Ahmed,student3552@university.com,Female,19,Physics,85.95,87.75,52.79,77.36,83.52,84.86,61.0,74.55,C,Yes,Yes,High School,Medium,0,3.9
S4553,Maria,Clark,student3553@university.com,Male,24,Business,84.7,87.73,62.19,87.38,86.96,78.4,32.78,72.57,C,Yes,No,Master's,Medium,2,3.7
S4554,Maria,Taylor,student3554@university.com,Female,24,Business,94.77,91.87,99.28,77.78,74.86,49.5,99.06,82.06,B,No,No,High School,High,3,8.3
S4555,Ahmed,Wilson,student3555@university.com,Female,24,Computer Science,95.57,39.71,68.77,52.3,66.78,64.67,39.43,55.28,D,No,No,Bachelor's,High,5,12.0
S4556,Noah,Ahmed,student3556@university.com,Male,20,Business,93.67,98.31,70.75,86.16,62.94,59.72,60.53,73.07,C,No,No,Bachelor's,High,6,6.9
S4557,Liam,Williams,student3557@university.com,Female,19,Engineering,66.11,90.05,42.54,46.97,50.88,59.24,67.72,59.57,D,No,Yes,Bachelor's,Medium,2,14.3
S4558,Noah,Jones,student3558@university.com,Female,20,Mathematics,99.0,90.68,39.76,49.43,96.77,84.25,53.81,69.12,C,No,Yes,Bachelor's,Low,4,16.1
S4559,Ayesha,Smith,student3559@university.com,Female,22,Mathematics,74.34,42.39,87.84,65.21,66.27,40.61,49.59,58.65,D,Yes,Yes,Bachelor's,Low,8,15.6
S4560,Emma,Clark,student3560@university.com,Female,19,Business,98.21,30.5,58.75,30.57,77.3,30.1,46.56,45.63,F,No,Yes,Master's,Low,7,1.9
S4561,Noah,Smith,student3561@university.com,Male,24,Business,64.1,38.65,72.69,58.43,67.36,66.52,67.5,61.86,D,Yes,Yes,Master's,Medium,10,5.7
S4562,Ahmed,Clark,student3562@university.com,Male,19,Engineering,93.44,64.17,49.58,40.1,99.07,69.95,93.04,69.32,C,No,Yes,High School,Low,5,13.4
S4563,Maria,Lee,student3563@university.com,Male,20,Computer Science,94.69,87.32,41.77,33.61,73.1,80.35,81.16,66.22,C,No,Yes,High School,Medium,2,12.6
S4564,Omar,Lee,student3564@university.com,Male,23,Mathematics,91.73,32.53,46.62,73.35,72.22,71.97,68.08,60.79,D,Yes,Yes,Master's,Low,5,1.7
S4565,Emma,Lee,student3565@university.com,Female,20,Business,95.54,85.24,36.13,83.43,65.29,72.95,94.35,72.9,C,Yes,Yes,High School,High,8,5.3
S4566,Ali,Lee,student3566@university.com,Female,25,Business,97.31,83.91,34.88,56.14,31.93,76.68,68.29,58.64,D,Yes,Yes,Bachelor's,High,4,12.5
S4567,Omar,Clark,student3567@university.com,Female,24,Physics,99.06,78.82,79.56,97.38,54.4,53.58,32.03,65.96,C,Yes,No,High School,Low,10,9.0
S4568,Noah,Taylor,student3568@university.com,Male,25,Computer Science,90.92,63.21,89.13,90.46,49.52,91.02,62.18,74.25,C,Yes,No,High School,Low,4,1.6
S4569,Emma,Clark,student3569@university.com,Female,18,Physics,85.32,86.03,67.18,31.2,84.28,95.12,61.25,70.84,C,No,No,Bachelor's,Low,9,8.2
S4570,Omar,Williams,student3570@university.com,Male,19,Computer Science,72.88,53.95,66.01,76.24,54.79,48.94,37.33,56.21,D,No,Yes,High School,Medium,4,5.2
S4571,John,Ahmed,student3571@university.com,Female,19,Computer Science,78.35,46.48,96.99,99.74,32.26,64.13,70.91,68.42,C,Yes,No,Master's,High,9,18.8
S4572,Ali,Khan,student3572@university.com,Female,25,Computer Science,96.3,67.69,45.63,54.98,95.09,38.7,33.13,55.87,D,Yes,No,Bachelor's,High,0,9.1
S4573,Emma,Jones,student3573@university.com,Male,18,Business,96.18,87.98,65.52,46.13,55.58,35.63,94.63,64.24,D,Yes,No,Bachelor's,High,7,1.3
S4574,Maria,Brown,student3574@university.com,Female,18,Mathematics,65.62,40.41,75.76,55.73,97.04,69.12,67.32,67.56,C,No,No,Master's,Low,2,15.8
S4575,Ahmed,Ahmed,student3575@university.com,Female,21,Physics,83.67,62.5,88.6,94.11,70.93,75.18,63.37,75.78,B,Yes,No,High School,High,6,2.8
S4576,Omar,Ahmed,student3576@university.com,Female,18,Computer Science,61.91,37.89,97.76,38.71,52.32,81.51,40.45,58.11,D,Yes,Yes,Master's,Medium,6,15.3
S4577,Omar,Lee,student3577@university.com,Male,18,Engineering,86.34,30.7,91.94,60.58,80.01,47.01,74.74,64.16,D,No,No,Master's,High,6,1.2
S4578,Sara,Williams,student3578@university.com,Female,19,Engineering,99.33,48.65,32.63,81.8,61.28,41.83,67.5,55.62,D,Yes,No,High School,Medium,9,2.0
S4579,Maria,Khan,student3579@university.com,Female,18,Business,87.72,81.98,80.98,59.27,81.77,33.29,85.56,70.48,C,No,Yes,Bachelor's,Medium,6,4.5
S4580,Emma,Wilson,student3580@university.com,Male,19,Mathematics,62.66,71.95,88.58,94.36,98.31,33.06,67.93,75.7,B,Yes,No,Master's,Low,0,10.7
S4581,Ayesha,Williams,student3581@university.com,Female,24,Engineering,95.95,49.61,72.42,95.17,84.58,48.75,96.39,74.49,C,No,No,Bachelor's,Low,6,20.0
S4582,Ahmed,Brown,student3582@university.com,Female,24,Computer Science,63.73,57.92,74.47,56.52,72.17,72.68,92.69,71.08,C,No,No,Master's,Medium,0,15.1
S4583,Emma,Brown,student3583@university.com,Female,23,Engineering,92.13,81.12,90.33,96.3,91.65,61.65,40.66,76.95,B,No,Yes,High School,Low,6,11.1
S4584,Liam,Williams,student3584@university.com,Male,18,Physics,98.18,67.42,41.15,77.41,75.35,80.29,41.65,63.88,D,No,No,High School,Medium,4,18.3
S4585,Noah,Williams,student3585@university.com,Female,23,Physics,86.15,76.27,89.03,75.81,64.37,88.29,96.42,81.7,B,Yes,No,Bachelor's,High,10,11.9
S4586,Sara,Khan,student3586@university.com,Female,23,Business,83.18,53.09,36.62,53.76,94.95,77.39,38.62,59.07,D,No,Yes,High School,High,0,11.5
S4587,Emma,Wilson,student3587@university.com,Male,21,Business,68.76,89.41,67.92,72.43,57.59,83.32,59.53,71.7,C,Yes,Yes,High School,Medium,5,6.5
S4588,Omar,Jones,student3588@university.com,Male,25,Business,60.04,89.85,36.95,82.57,81.32,71.14,70.74,72.09,C,Yes,No,High School,High,8,3.6
S4589,Ali,Clark,student3589@university.com,Female,20,Business,77.01,73.45,37.49,99.36,91.8,58.84,50.87,68.64,C,No,No,Master's,Medium,3,16.7
S4590,Ayesha,Clark,student3590@university.com,Female,19,Computer Science,78.87,64.19,84.78,99.76,92.99,54.41,53.88,75.0,B,No,No,Master's,Low,7,19.4
S4591,Maria,Wilson,student3591@university.com,Male,24,Computer Science,82.48,77.55,63.36,91.99,51.76,54.64,57.47,66.13,C,No,Yes,Master's,Medium,0,17.6
S4592,Maria,Brown,student3592@university.com,Male,21,Engineering,84.61,79.23,31.71,93.23,47.38,87.83,56.68,66.01,C,No,Yes,Bachelor's,Medium,4,14.3
S4593,Ayesha,Taylor,student3593@university.com,Female,21,Mathematics,62.05,78.36,85.83,72.62,71.91,41.96,96.07,74.46,C,No,No,Master's,Low,0,11.3
S4594,Sara,Khan,student3594@university.com,Female,24,Computer Science,74.21,89.74,78.82,83.19,31.26,69.87,68.68,70.26,C,Yes,No,High School,Medium,10,12.6
S4595,Sara,Williams,student3595@university.com,Female,21,Mathematics,98.06,91.27,78.97,58.06,73.7,64.45,56.11,70.43,C,Yes,Yes,High School,High,2,1.8
S4596,Ahmed,Wilson,student3596@university.com,Male,22,Computer Science,89.3,78.29,93.08,41.83,94.9,67.21,96.63,78.66,B,Yes,No,Master's,High,0,13.0
S4597,Ali,Wilson,student3597@university.com,Female,23,Engineering,78.8,40.14,45.58,97.12,82.88,74.22,54.92,65.81,C,No,Yes,Master's,Medium,1,13.8
S4598,Sara,Wilson,student3598@university.com,Male,24,Physics,73.63,35.13,51.21,85.02,51.94,42.66,99.72,60.95,D,Yes,Yes,Master's,Medium,9,4.2
S4599,Noah,Clark,student3599@university.com,Female,19,Engineering,99.49,66.18,73.34,56.94,97.44,70.56,74.21,73.11,C,Yes,No,Master's,Medium,8,3.2
S4600,Omar,Khan,student3600@university.com,Female,25,Mathematics,80.38,40.18,98.89,81.63,91.03,48.34,81.84,73.65,C,No,No,High School,Low,5,1.6
S4601,Emma,Ahmed,student3601@university.com,Female,21,Physics,78.34,94.0,38.12,64.18,82.45,60.84,41.34,63.49,D,Yes,Yes,Master's,High,10,14.4
S4602,Omar,Williams,student3602@university.com,Female,21,Physics,85.57,50.78,38.47,62.17,98.81,86.22,48.63,64.18,D,Yes,No,Master's,Low,0,1.6
S4603,Noah,Jones,student3603@university.com,Female,19,Business,81.06,34.46,34.87,37.59,68.74,72.54,60.83,51.5,D,Yes,Yes,Master's,High,10,19.9
S4604,Noah,Williams,student3604@university.com,Female,22,Mathematics,68.53,76.19,53.36,59.56,90.73,80.01,79.91,73.29,C,Yes,No,High School,Low,9,11.4
S4605,Noah,Ahmed,student3605@university.com,Male,25,Physics,66.7,80.67,40.53,48.86,87.83,56.56,53.97,61.4,D,Yes,No,High School,Medium,2,18.5
S4606,John,Khan,student3606@university.com,Male,23,Mathematics,77.13,61.86,65.54,46.66,60.85,89.19,98.79,70.48,C,Yes,Yes,Master's,High,1,11.3
S4607,Ayesha,Khan,student3607@university.com,Male,23,Computer Science,78.8,53.73,67.51,84.86,81.09,66.78,66.93,70.15,C,Yes,No,Master's,High,4,18.7
S4608,Maria,Brown,student3608@university.com,Male,23,Mathematics,65.63,45.2,73.63,96.23,46.1,40.87,53.59,59.27,D,No,Yes,Master's,Low,2,15.8
S4609,Ahmed,Smith,student3609@university.com,Female,22,Physics,64.1,39.12,76.62,68.35,94.95,50.71,40.93,61.78,D,No,Yes,Master's,Medium,5,14.8
S4610,Ahmed,Ahmed,student3610@university.com,Male,24,Engineering,85.06,69.09,79.74,62.37,93.9,65.61,80.04,75.13,B,Yes,No,Master's,Medium,1,7.9
S4611,Ali,Smith,student3611@university.com,Female,19,Engineering,80.72,76.05,79.65,41.76,55.11,94.56,45.98,65.52,C,Yes,Yes,Master's,Medium,7,6.6
S4612,Ahmed,Lee,student3612@university.com,Female,22,Mathematics,66.11,51.64,63.11,49.72,47.46,83.7,58.01,58.94,D,No,Yes,Bachelor's,High,4,3.8
S4613,Ayesha,Clark,student3613@university.com,Female,18,Business,74.04,70.65,31.9,93.18,38.82,30.82,86.7,58.68,D,Yes,Yes,Master's,Medium,5,8.1
S4614,Omar,Williams,student3614@university.com,Male,18,Mathematics,63.61,56.59,77.53,85.94,93.0,99.82,45.94,76.47,B,Yes,Yes,High School,High,5,8.3
S4615,Omar,Taylor,student3615@university.com,Male,25,Physics,93.29,93.86,37.94,97.79,54.76,34.33,75.86,65.76,C,No,No,Master's,High,1,6.0
S4616,Liam,Brown,student3616@university.com,Male,21,Mathematics,64.07,65.93,91.11,99.28,85.66,46.78,72.24,76.83,B,No,Yes,Master's,High,7,18.4
S4617,Ahmed,Wilson,student3617@university.com,Male,21,Mathematics,71.29,92.98,68.89,91.78,63.99,76.53,91.94,81.02,B,No,No,Master's,Medium,6,14.0
S4618,Ahmed,Taylor,student3618@university.com,Female,25,Computer Science,60.14,97.07,86.56,85.94,53.68,96.2,70.61,81.68,B,Yes,Yes,Master's,Low,1,19.1
S4619,Liam,Clark,student3619@university.com,Female,18,Computer Science,87.38,36.01,72.7,63.98,48.9,68.83,48.31,56.46,D,Yes,Yes,High School,High,4,12.7
S4620,Emma,Williams,student3620@university.com,Male,21,Physics,97.04,34.01,44.71,80.0,84.19,80.06,80.71,67.28,C,No,No,Bachelor's,Medium,9,4.1
S4621,Noah,Ahmed,student3621@university.com,Female,25,Computer Science,64.05,55.14,90.37,34.94,65.11,35.09,49.12,54.96,D,Yes,Yes,Bachelor's,High,5,16.3
S4622,Maria,Taylor,student3622@university.com,Female,20,Mathematics,99.85,87.39,67.44,55.73,76.0,90.47,82.61,76.61,B,Yes,No,Bachelor's,High,3,6.3
S4623,Ali,Ahmed,student3623@university.com,Male,18,Business,84.99,83.05,93.51,79.44,40.91,82.78,52.58,72.04,C,No,No,Master's,High,5,13.2
S4624,Omar,Jones,student3624@university.com,Male,23,Business,68.23,58.55,41.33,96.02,91.97,43.5,74.23,67.6,C,Yes,Yes,High School,Medium,4,15.5
S4625,Omar,Clark,student3625@university.com,Male,18,Engineering,63.96,91.52,42.9,87.92,37.9,66.52,90.4,69.53,C,No,Yes,High School,Low,9,4.2
S4626,Maria,Ahmed,student3626@university.com,Female,19,Business,82.41,41.32,44.62,46.66,89.28,86.73,37.36,57.66,D,Yes,Yes,Bachelor's,High,0,4.8
S4627,Liam,Lee,student3627@university.com,Female,23,Computer Science,69.07,31.4,61.36,76.09,95.45,63.91,91.74,69.99,C,No,Yes,High School,Low,5,8.5
S4628,Omar,Lee,student3628@university.com,Female,23,Computer Science,83.17,33.35,58.18,31.81,46.19,56.2,71.97,49.62,F,No,Yes,Master's,High,10,3.2
S4629,Emma,Taylor,student3629@university.com,Male,20,Computer Science,63.61,56.59,39.15,83.45,86.65,56.31,96.68,69.81,C,Yes,Yes,Bachelor's,Medium,5,17.4
S4630,John,Taylor,student3630@university.com,Male,24,Business,61.54,54.1,46.91,84.96,75.72,41.57,69.51,62.13,D,No,No,Bachelor's,Medium,3,6.9
S4631,Ali,Jones,student3631@university.com,Female,23,Computer Science,61.51,36.78,92.35,55.54,94.69,50.29,45.17,62.47,D,No,No,High School,Low,7,14.3
S4632,Ahmed,Brown,student3632@university.com,Male,19,Physics,79.73,90.51,71.65,31.32,66.16,63.78,70.17,65.6,C,Yes,No,High School,Medium,1,5.8
S4633,John,Ahmed,student3633@university.com,Female,23,Physics,64.71,47.47,32.24,37.72,54.17,36.39,33.86,40.31,F,Yes,Yes,Bachelor's,Low,2,15.5
S4634,Liam,Williams,student3634@university.com,Male,18,Business,85.24,45.92,94.37,85.79,86.84,53.3,48.72,69.16,C,Yes,Yes,Master's,High,3,9.1
S4635,John,Jones,student3635@university.com,Female,20,Mathematics,83.66,99.5,96.12,35.19,89.28,69.76,73.48,77.22,B,No,No,Bachelor's,High,7,5.4
S4636,Emma,Lee,student3636@university.com,Female,23,Business,93.79,54.03,78.75,69.93,32.77,81.25,44.62,60.23,D,No,Yes,High School,High,8,17.0
S4637,Noah,Clark,student3637@university.com,Female,24,Physics,70.19,34.39,92.24,75.74,42.66,94.85,47.96,64.64,D,No,No,Bachelor's,Low,10,17.8
S4638,Sara,Wilson,student3638@university.com,Male,22,Mathematics,81.29,90.86,80.24,37.98,80.27,80.47,85.34,75.86,B,No,Yes,High School,Medium,1,17.4
S4639,Emma,Williams,student3639@university.com,Female,21,Mathematics,81.65,41.18,93.62,42.01,70.74,78.95,88.26,69.13,C,Yes,No,Bachelor's,High,7,12.6
S4640,Emma,Jones,student3640@university.com,Female,21,Computer Science,61.71,98.01,65.52,58.54,82.99,91.65,52.71,74.9,C,Yes,Yes,Bachelor's,High,1,19.0
S4641,Maria,Khan,student3641@university.com,Female,25,Physics,84.16,85.64,31.51,81.92,98.78,95.09,73.56,77.75,B,Yes,Yes,Bachelor's,Low,2,19.6
S4642,Sara,Wilson,student3642@university.com,Male,24,Engineering,88.23,44.74,54.02,83.52,56.01,68.98,46.34,58.94,D,No,No,High School,Low,8,1.1
S4643,Sara,Taylor,student3643@university.com,Female,21,Physics,81.82,92.55,59.35,92.64,82.91,48.66,56.06,72.03,C,Yes,Yes,High School,Medium,1,11.7
S4644,John,Wilson,student3644@university.com,Female,21,Business,64.43,74.97,62.59,31.15,73.77,65.82,94.41,67.12,C,No,No,Bachelor's,Medium,6,3.1
S4645,Liam,Wilson,student3645@university.com,Male,25,Computer Science,85.36,71.43,48.02,37.4,93.32,81.5,82.32,69.0,C,Yes,Yes,Master's,Medium,8,13.5
S4646,Emma,Brown,student3646@university.com,Male,24,Business,96.93,74.09,34.09,44.54,43.5,89.91,60.43,57.76,D,Yes,Yes,High School,Low,8,10.1
S4647,Noah,Jones,student3647@university.com,Male,22,Engineering,77.99,36.85,80.9,95.35,87.0,58.35,80.24,73.12,C,No,No,Master's,Medium,5,13.4
S4648,Emma,Taylor,student3648@university.com,Male,22,Computer Science,97.71,76.09,79.55,94.5,86.04,68.62,88.26,82.18,B,No,No,High School,Low,8,7.5
S4649,Ali,Ahmed,student3649@university.com,Male,18,Computer Science,92.16,79.35,47.11,84.99,84.38,63.35,61.78,70.16,C,No,Yes,High School,High,3,18.0
S4650,Noah,Brown,student3650@university.com,Female,18,Engineering,62.54,35.54,32.18,82.67,72.05,94.7,48.38,60.92,D,No,No,High School,Medium,3,15.2
S4651,Liam,Taylor,student3651@university.com,Female,22,Computer Science,70.55,51.46,64.66,51.54,45.86,38.01,50.27,50.3,D,No,No,Bachelor's,High,4,15.9
S4652,Ahmed,Brown,student3652@university.com,Male,20,Mathematics,98.66,84.05,34.12,64.09,70.13,67.0,52.43,61.97,D,No,Yes,Bachelor's,Medium,3,13.3
S4653,Omar,Jones,student3653@university.com,Female,23,Physics,87.73,49.84,66.08,52.28,61.53,45.72,59.59,55.84,D,Yes,Yes,High School,Low,1,15.2
S4654,Liam,Ahmed,student3654@university.com,Female,18,Mathematics,78.54,58.73,80.82,91.63,89.72,60.39,66.77,74.68,C,No,Yes,Master's,Low,9,15.0
S4655,Omar,Lee,student3655@university.com,Female,25,Engineering,61.25,47.54,80.63,39.42,86.0,62.12,46.51,60.37,D,No,No,Master's,Low,4,13.5
S4656,Sara,Clark,student3656@university.com,Female,18,Computer Science,86.39,54.64,98.61,70.55,54.37,71.8,42.05,65.34,C,Yes,Yes,High School,High,5,9.5
S4657,Noah,Williams,student3657@university.com,Male,25,Mathematics,64.37,96.07,91.11,53.15,59.83,89.29,97.91,81.23,B,Yes,No,High School,High,3,9.6
S4658,Omar,Lee,student3658@university.com,Male,18,Computer Science,67.42,90.46,80.99,31.88,62.85,82.69,79.09,71.33,C,No,No,High School,High,1,13.2
S4659,Liam,Brown,student3659@university.com,Female,25,Mathematics,68.95,60.1,42.33,45.04,57.23,97.43,78.06,63.37,D,Yes,No,High School,Medium,4,20.0
S4660,Ali,Jones,student3660@university.com,Female,20,Engineering,96.81,73.44,96.25,83.23,45.04,32.9,46.46,62.89,D,Yes,Yes,Bachelor's,Low,10,10.2
S4661,John,Smith,student3661@university.com,Female,24,Mathematics,70.49,88.56,80.52,57.96,64.05,53.05,38.89,63.84,D,Yes,No,Bachelor's,High,2,11.7
S4662,Noah,Williams,student3662@university.com,Male,23,Mathematics,71.65,71.92,75.6,70.61,33.87,72.69,58.97,63.94,D,No,No,High School,Medium,8,14.1
S4663,Ahmed,Jones,student3663@university.com,Female,24,Business,82.18,55.7,62.15,49.83,56.59,44.45,97.86,61.1,D,No,No,Master's,High,2,5.1
S4664,Noah,Jones,student3664@university.com,Male,22,Business,86.11,91.71,58.43,36.89,31.29,62.24,34.76,52.55,D,No,No,Master's,Low,8,15.8
S4665,Emma,Brown,student3665@university.com,Female,21,Engineering,67.83,88.16,96.22,84.2,73.87,74.85,90.66,84.66,B,No,Yes,High School,Medium,2,7.3
S4666,Sara,Wilson,student3666@university.com,Male,22,Business,93.24,68.66,82.77,42.96,49.08,40.04,35.89,53.23,D,Yes,No,Bachelor's,High,7,17.3
S4667,Noah,Brown,student3667@university.com,Male,25,Mathematics,95.81,72.69,57.36,93.53,97.89,61.62,76.31,76.57,B,Yes,Yes,Bachelor's,Low,5,4.8
S4668,Maria,Brown,student3668@university.com,Male,24,Physics,90.63,64.18,82.73,66.23,88.25,67.98,81.24,75.1,B,Yes,Yes,Master's,Low,6,14.8
S4669,Maria,Smith,student3669@university.com,Female,24,Computer Science,74.08,31.31,43.82,88.47,66.13,73.36,50.33,58.9,D,No,No,Master's,Low,8,15.4
S4670,John,Khan,student3670@university.com,Male,21,Mathematics,95.52,63.91,97.17,95.76,66.75,54.09,78.35,76.0,B,No,Yes,Bachelor's,High,4,7.9
S4671,Sara,Khan,student3671@university.com,Female,24,Mathematics,95.37,60.86,75.02,91.13,31.9,72.92,41.66,62.25,D,Yes,No,Master's,Medium,1,18.6
S4672,Ahmed,Lee,student3672@university.com,Male,22,Mathematics,95.37,59.29,49.54,74.33,97.73,35.93,86.21,67.17,C,No,Yes,Bachelor's,High,4,17.1
S4673,Ali,Clark,student3673@university.com,Male,21,Mathematics,68.72,42.77,94.03,99.41,34.66,72.93,68.54,68.72,C,Yes,Yes,Bachelor's,Low,5,12.8
S4674,Emma,Taylor,student3674@university.com,Male,19,Engineering,80.0,58.81,78.49,56.94,85.95,83.43,59.88,70.58,C,Yes,Yes,Bachelor's,High,4,5.6
S4675,Emma,Wilson,student3675@university.com,Male,18,Physics,69.15,77.72,97.28,97.57,46.87,33.46,44.82,66.29,C,Yes,Yes,Bachelor's,Medium,6,18.2
S4676,Ahmed,Smith,student3676@university.com,Female,24,Computer Science,93.98,75.21,95.46,72.36,70.69,41.77,50.6,67.68,C,Yes,Yes,High School,Medium,0,10.0
S4677,Sara,Brown,student3677@university.com,Male,25,Computer Science,84.25,79.67,97.18,97.46,52.85,49.66,67.5,74.05,C,Yes,Yes,Master's,High,9,16.9
S4678,John,Wilson,student3678@university.com,Female,22,Mathematics,67.55,34.02,51.32,94.15,98.38,62.33,33.67,62.31,D,No,Yes,Bachelor's,Medium,10,14.7
S4679,Maria,Ahmed,student3679@university.com,Male,24,Mathematics,80.7,96.5,72.29,90.55,80.73,37.75,76.8,75.77,B,Yes,No,High School,Low,0,11.2
S4680,Ali,Khan,student3680@university.com,Female,24,Business,72.43,68.61,97.39,61.37,74.5,76.97,82.12,76.83,B,No,Yes,High School,Low,2,13.6
S4681,Sara,Lee,student3681@university.com,Male,23,Mathematics,65.79,71.33,46.11,78.61,32.13,98.7,33.4,60.05,D,Yes,No,Master's,High,5,7.0
S4682,Noah,Lee,student3682@university.com,Female,19,Physics,60.45,66.46,89.94,76.19,83.39,90.99,41.39,74.73,C,Yes,Yes,Master's,Medium,1,15.6
S4683,Emma,Smith,student3683@university.com,Male,20,Engineering,76.67,97.13,41.01,62.74,86.51,57.73,73.66,69.8,C,Yes,Yes,High School,Low,5,6.3
S4684,Omar,Lee,student3684@university.com,Male,19,Business,67.11,56.27,36.26,34.18,66.3,78.55,37.93,51.58,D,No,Yes,Bachelor's,Low,2,15.8
S4685,Maria,Brown,student3685@university.com,Female,19,Engineering,89.87,50.94,64.7,88.24,75.78,74.52,53.39,67.93,C,Yes,Yes,Bachelor's,High,8,2.0
S4686,Ahmed,Wilson,student3686@university.com,Female,23,Engineering,70.16,87.86,90.94,78.54,42.37,96.78,37.78,72.38,C,Yes,No,Bachelor's,Low,10,19.5
S4687,Maria,Wilson,student3687@university.com,Male,22,Business,73.96,99.92,76.76,65.75,99.16,82.32,75.03,83.16,B,No,No,Master's,High,10,15.1
S4688,Ali,Ahmed,student3688@university.com,Female,20,Business,75.54,91.81,77.44,96.71,84.9,98.07,84.26,88.87,A,Yes,No,Master's,Medium,0,5.1
S4689,John,Brown,student3689@university.com,Female,22,Business,99.15,66.57,58.36,89.66,41.91,55.55,56.57,61.44,D,Yes,No,Master's,Low,10,12.9
S4690,Sara,Clark,student3690@university.com,Female,20,Engineering,89.96,81.22,89.78,74.02,42.16,59.14,60.31,67.77,C,Yes,No,Bachelor's,High,6,8.6
S4691,Noah,Smith,student3691@university.com,Female,22,Physics,62.86,99.48,48.26,65.46,89.84,79.76,38.11,70.15,C,No,No,Master's,Medium,10,3.6
S4692,Omar,Taylor,student3692@university.com,Male,20,Engineering,73.48,79.61,52.76,32.55,61.39,89.63,59.54,62.58,D,No,No,High School,Low,8,2.6
S4693,Ayesha,Wilson,student3693@university.com,Female,18,Mathematics,78.46,38.17,91.03,79.46,57.3,72.79,46.32,64.18,D,Yes,No,Master's,Low,5,8.9
S4694,Sara,Clark,student3694@university.com,Female,23,Business,73.78,94.62,57.12,34.75,69.34,89.04,93.9,73.13,C,No,No,Bachelor's,High,0,9.5
S4695,Emma,Jones,student3695@university.com,Male,22,Physics,66.08,41.87,36.9,44.39,53.11,98.52,74.25,58.17,D,No,Yes,Master's,Medium,6,9.2
S4696,Noah,Khan,student3696@university.com,Female,24,Computer Science,77.02,57.66,49.8,54.51,91.93,79.06,42.93,62.65,D,No,Yes,Master's,Medium,1,15.4
S4697,Ahmed,Williams,student3697@university.com,Female,20,Engineering,78.2,53.2,58.6,69.91,60.96,62.55,66.42,61.94,D,No,No,High School,Low,6,6.3
S4698,Ahmed,Williams,student3698@university.com,Female,19,Engineering,72.74,36.71,86.06,81.07,76.91,70.31,99.84,75.15,B,Yes,Yes,High School,Low,0,5.7
S4699,Liam,Brown,student3699@university.com,Male,21,Computer Science,95.82,78.16,55.96,89.51,50.68,59.6,70.1,67.33,C,Yes,Yes,Bachelor's,High,6,5.9
S4700,Liam,Wilson,student3700@university.com,Male,23,Computer Science,67.45,62.75,53.63,83.77,83.79,91.94,46.24,70.35,C,No,No,High School,High,9,1.7
S4701,Ayesha,Clark,student3701@university.com,Male,21,Business,82.38,89.56,86.16,65.66,93.22,91.26,53.21,79.84,B,Yes,Yes,High School,Low,10,9.2
S4702,Sara,Khan,student3702@university.com,Male,23,Engineering,72.98,50.54,79.34,54.7,41.77,68.99,55.71,58.51,D,No,Yes,Bachelor's,Medium,6,19.4
S4703,John,Ahmed,student3703@university.com,Female,25,Physics,68.36,42.96,88.09,42.32,36.77,60.22,33.34,50.62,D,Yes,Yes,High School,Low,0,14.6
S4704,Emma,Taylor,student3704@university.com,Female,22,Physics,67.28,96.91,31.88,75.1,60.17,67.33,43.89,62.55,D,Yes,No,Master's,Medium,6,11.4
S4705,Ali,Taylor,student3705@university.com,Male,18,Physics,89.22,65.68,41.14,87.53,55.46,78.79,47.23,62.64,D,No,Yes,High School,Medium,6,13.7
S4706,Maria,Wilson,student3706@university.com,Male,23,Mathematics,86.09,73.06,83.67,48.58,99.93,69.53,39.25,69.0,C,No,Yes,High School,Medium,2,9.3
S4707,Ahmed,Smith,student3707@university.com,Male,18,Computer Science,80.96,96.51,73.81,86.51,84.42,39.38,96.98,79.6,B,No,No,Bachelor's,Medium,1,15.4
S4708,Maria,Jones,student3708@university.com,Male,25,Mathematics,67.43,51.79,67.98,81.57,96.24,55.14,33.17,64.31,D,Yes,No,Bachelor's,Medium,6,12.1
S4709,Ali,Jones,student3709@university.com,Male,23,Physics,62.31,95.04,97.16,84.76,86.2,38.67,55.89,76.29,B,Yes,Yes,High School,High,4,1.4
S4710,Emma,Williams,student3710@university.com,Male,24,Physics,76.37,42.42,51.76,72.81,31.74,86.55,72.88,59.69,D,No,Yes,Bachelor's,Low,10,6.5
S4711,Emma,Lee,student3711@university.com,Female,21,Physics,78.39,54.52,63.63,80.29,84.33,32.27,42.91,59.66,D,Yes,No,High School,Low,9,12.8
S4712,John,Ahmed,student3712@university.com,Male,21,Computer Science,97.57,40.48,42.21,89.64,70.63,76.03,64.76,63.96,D,Yes,No,Bachelor's,Medium,0,2.5
S4713,Noah,Lee,student3713@university.com,Female,24,Mathematics,90.23,94.41,56.31,87.83,37.47,79.14,36.73,65.31,C,Yes,Yes,Bachelor's,Low,2,12.9
S4714,Ali,Brown,student3714@university.com,Female,24,Physics,97.09,74.44,56.25,47.56,66.53,84.62,33.37,60.46,D,Yes,Yes,Master's,High,5,4.1
S4715,Sara,Clark,student3715@university.com,Female,22,Computer Science,70.1,44.19,76.45,63.38,84.98,56.93,63.41,64.89,D,No,No,Master's,Low,1,10.4
S4716,Noah,Taylor,student3716@university.com,Female,19,Business,69.37,71.28,34.09,38.96,30.12,52.59,94.6,53.61,D,No,No,Bachelor's,Medium,8,9.9
S4717,Sara,Smith,student3717@university.com,Male,24,Computer Science,84.93,85.78,73.36,81.31,59.03,66.16,68.85,72.42,C,Yes,No,High School,Medium,8,9.6
S4718,John,Clark,student3718@university.com,Female,22,Engineering,76.62,51.25,53.02,35.13,96.99,36.24,74.74,57.9,D,Yes,No,Master's,High,6,8.6
S4719,Liam,Brown,student3719@university.com,Female,25,Mathematics,81.66,68.53,79.53,80.27,75.68,33.19,31.03,61.37,D,No,No,Master's,High,6,12.4
S4720,Emma,Wilson,student3720@university.com,Female,23,Physics,92.68,41.25,37.41,51.78,85.64,50.36,67.47,55.65,D,No,Yes,Master's,Medium,10,11.8
S4721,Ali,Williams,student3721@university.com,Male,21,Mathematics,65.65,39.97,48.0,50.35,65.79,40.42,32.33,46.14,F,Yes,No,Bachelor's,Medium,6,18.6
S4722,Ayesha,Lee,student3722@university.com,Female,25,Business,73.72,54.13,97.28,74.27,97.39,59.07,51.93,72.34,C,No,Yes,Master's,Medium,7,5.7
S4723,Ayesha,Ahmed,student3723@university.com,Female,24,Mathematics,78.57,35.71,76.6,44.13,80.38,67.78,94.78,66.56,C,Yes,Yes,Bachelor's,Low,8,15.2
S4724,Ahmed,Ahmed,student3724@university.com,Male,23,Business,82.13,97.44,97.35,78.69,94.27,82.3,52.73,83.8,B,No,No,Master's,Medium,4,16.1
S4725,Sara,Jones,student3725@university.com,Male,22,Business,85.14,38.98,42.82,74.21,60.58,96.99,57.26,61.81,D,Yes,No,Master's,Low,5,8.9
S4726,Maria,Smith,student3726@university.com,Male,21,Mathematics,74.58,42.91,73.24,86.51,51.82,61.99,47.03,60.58,D,No,No,Master's,High,0,1.3
S4727,Maria,Clark,student3727@university.com,Female,23,Computer Science,95.65,51.19,91.73,36.61,32.86,89.26,41.22,57.15,D,No,Yes,High School,High,4,5.2
S4728,Liam,Brown,student3728@university.com,Male,20,Business,96.87,74.61,56.1,70.34,65.2,68.13,96.88,71.88,C,Yes,Yes,High School,High,0,2.2
S4729,Omar,Khan,student3729@university.com,Female,23,Computer Science,65.17,42.22,77.64,99.72,75.42,78.44,82.98,76.07,B,No,Yes,High School,Low,0,11.7
S4730,John,Wilson,student3730@university.com,Male,18,Mathematics,69.41,42.07,37.26,43.4,84.51,52.38,85.61,57.54,D,No,Yes,Bachelor's,Medium,10,1.8
S4731,Ali,Ahmed,student3731@university.com,Female,20,Physics,61.43,65.6,49.91,34.18,91.31,38.7,33.73,52.24,D,Yes,Yes,High School,High,10,1.6
S4732,Omar,Khan,student3732@university.com,Female,20,Physics,94.69,70.85,55.31,81.5,32.51,75.76,81.72,66.27,C,No,Yes,High School,Low,10,19.3
S4733,Ahmed,Taylor,student3733@university.com,Female,25,Physics,64.5,45.1,43.23,87.06,71.08,80.75,42.12,61.56,D,Yes,Yes,Bachelor's,Medium,3,17.3
S4734,Liam,Williams,student3734@university.com,Male,25,Mathematics,64.86,56.14,82.42,60.61,52.81,79.63,47.2,63.13,D,No,No,Bachelor's,Medium,2,9.6
S4735,Ayesha,Lee,student3735@university.com,Male,22,Business,79.78,60.25,40.12,55.35,31.93,86.3,53.19,54.52,D,No,Yes,Master's,Medium,8,2.8
S4736,Noah,Lee,student3736@university.com,Male,25,Engineering,71.67,60.26,43.36,47.2,81.29,55.01,91.94,63.18,D,Yes,Yes,High School,Medium,6,9.6
S4737,Omar,Brown,student3737@university.com,Male,23,Physics,70.78,78.01,40.92,70.49,65.11,33.97,45.95,55.74,D,Yes,Yes,High School,Low,0,12.7
S4738,Liam,Williams,student3738@university.com,Female,20,Business,92.7,98.98,69.51,64.0,58.86,54.55,47.66,65.59,C,No,Yes,High School,Low,3,15.3
S4739,Noah,Lee,student3739@university.com,Male,23,Business,81.59,80.01,32.16,69.54,94.81,84.77,30.7,65.33,C,Yes,No,High School,High,9,12.4
S4740,Ayesha,Wilson,student3740@university.com,Female,21,Business,99.99,60.15,74.45,61.69,39.34,61.13,96.36,65.52,C,No,Yes,Bachelor's,High,5,12.3
S4741,Ayesha,Jones,student3741@university.com,Male,25,Mathematics,73.03,74.99,45.54,95.03,36.21,53.51,41.44,57.79,D,No,Yes,High School,Medium,8,4.8
S4742,Ayesha,Brown,student3742@university.com,Female,24,Computer Science,78.42,58.41,41.66,37.96,83.86,59.06,49.29,55.04,D,No,Yes,High School,Low,1,5.0
S4743,Ahmed,Wilson,student3743@university.com,Female,24,Mathematics,94.83,64.01,75.39,33.79,82.51,31.42,41.32,54.74,D,Yes,Yes,Bachelor's,Medium,2,6.6
S4744,John,Jones,student3744@university.com,Female,21,Physics,93.97,58.04,62.59,32.37,71.83,75.87,91.22,65.32,C,Yes,No,Bachelor's,Medium,1,18.0
S4745,John,Lee,student3745@university.com,Male,20,Physics,85.16,69.24,71.06,36.21,98.81,40.3,96.07,68.62,C,No,No,Bachelor's,Low,2,17.8
S4746,Noah,Lee,student3746@university.com,Male,25,Computer Science,91.83,67.47,96.87,83.31,62.23,98.68,31.15,73.28,C,Yes,No,Master's,High,0,11.2
S4747,Ali,Williams,student3747@university.com,Male,20,Mathematics,61.74,71.8,88.24,70.68,82.88,67.63,33.74,69.16,C,Yes,No,High School,High,7,12.8
S4748,Ayesha,Jones,student3748@university.com,Female,21,Business,85.64,98.99,44.03,84.42,97.02,85.01,38.15,74.6,C,Yes,Yes,Master's,High,1,10.3
S4749,Noah,Clark,student3749@university.com,Male,24,Mathematics,92.18,93.02,43.83,43.99,83.14,32.36,91.58,64.65,D,No,No,High School,High,8,13.7
S4750,Emma,Williams,student3750@university.com,Male,20,Computer Science,66.03,82.57,46.02,77.88,30.41,94.02,60.03,65.15,C,No,No,High School,High,1,9.8
S4751,Noah,Khan,student3751@university.com,Female,20,Business,65.23,34.52,64.48,49.19,55.44,90.13,95.45,64.87,D,No,Yes,Bachelor's,Low,9,9.3
S4752,Ahmed,Khan,student3752@university.com,Male,20,Engineering,67.34,85.6,71.62,60.34,58.64,79.16,36.57,65.32,C,No,No,High School,Medium,9,12.7
S4753,John,Clark,student3753@university.com,Male,18,Engineering,88.5,86.88,67.19,55.43,56.83,40.32,73.57,63.37,D,No,Yes,Bachelor's,Medium,5,9.1
S4754,Noah,Ahmed,student3754@university.com,Female,23,Business,87.3,38.55,34.82,78.98,63.58,49.77,46.44,52.02,D,No,Yes,Master's,Low,8,8.1
S4755,Liam,Lee,student3755@university.com,Female,24,Computer Science,89.62,76.0,96.54,74.22,70.99,45.07,99.65,77.08,B,Yes,Yes,Bachelor's,Low,8,16.8
S4756,John,Khan,student3756@university.com,Female,22,Engineering,67.17,67.54,41.22,87.16,62.6,41.41,70.43,61.73,D,Yes,Yes,High School,Low,3,14.5
S4757,Noah,Ahmed,student3757@university.com,Male,22,Physics,82.79,39.76,35.34,84.92,84.3,39.62,50.17,55.69,D,Yes,No,Bachelor's,Low,5,17.5
S4758,Ayesha,Clark,student3758@university.com,Female,19,Computer Science,64.1,89.88,42.56,68.67,54.46,69.98,60.34,64.31,D,Yes,Yes,Master's,Low,8,14.6
S4759,Sara,Ahmed,student3759@university.com,Male,22,Computer Science,65.87,56.34,40.61,97.5,96.37,98.18,98.39,81.23,B,No,No,Master's,Medium,9,6.6
S4760,Emma,Smith,student3760@university.com,Female,20,Business,91.22,60.43,36.42,82.25,76.83,35.02,61.53,58.75,D,No,No,Master's,Low,8,13.1
S4761,Ahmed,Smith,student3761@university.com,Male,25,Engineering,71.84,50.85,99.87,52.63,77.96,58.8,92.87,72.16,C,No,Yes,High School,Medium,5,9.4
S4762,Liam,Lee,student3762@university.com,Male,19,Computer Science,90.5,31.87,95.69,69.44,85.67,83.57,54.01,70.04,C,Yes,Yes,High School,Medium,1,19.0
S4763,John,Khan,student3763@university.com,Female,24,Business,96.15,78.44,74.45,46.62,73.57,43.31,39.34,59.29,D,No,No,Master's,High,9,4.6
S4764,John,Williams,student3764@university.com,Female,21,Computer Science,65.56,87.59,42.89,57.5,36.62,65.25,82.21,62.01,D,Yes,No,Master's,High,9,9.4
S4765,Ahmed,Lee,student3765@university.com,Female,25,Computer Science,96.23,51.86,47.06,45.11,78.64,85.93,69.14,62.96,D,No,Yes,Master's,Medium,4,10.3
S4766,Emma,Clark,student3766@university.com,Female,24,Business,84.86,79.46,45.64,56.37,76.86,96.75,84.64,73.29,C,Yes,Yes,Bachelor's,Medium,4,2.8
S4767,Maria,Smith,student3767@university.com,Male,23,Computer Science,69.24,64.01,42.63,64.22,67.4,48.94,76.24,60.57,D,No,Yes,Master's,Low,5,11.6
S4768,Maria,Brown,student3768@university.com,Female,18,Computer Science,66.54,99.38,78.4,96.03,35.66,63.11,52.82,70.9,C,No,No,Master's,Low,8,1.8
S4769,Ali,Clark,student3769@university.com,Female,20,Computer Science,68.08,73.14,51.03,33.65,64.54,81.88,38.89,57.19,D,Yes,No,High School,High,2,5.1
S4770,John,Jones,student3770@university.com,Male,25,Mathematics,82.45,95.25,43.72,56.88,46.63,47.89,64.9,59.21,D,Yes,Yes,Master's,Low,8,6.1
S4771,Maria,Khan,student3771@university.com,Male,25,Engineering,77.07,93.95,69.15,87.63,94.49,71.57,81.44,83.04,B,Yes,No,High School,Low,3,7.2
S4772,Sara,Clark,student3772@university.com,Male,23,Computer Science,83.32,86.59,30.28,68.36,48.48,86.56,60.5,63.46,D,Yes,No,Master's,Medium,8,10.0
S4773,Ahmed,Brown,student3773@university.com,Female,23,Engineering,99.41,50.91,81.29,78.93,40.33,79.12,59.3,64.98,D,Yes,Yes,Master's,High,8,17.9
S4774,Maria,Taylor,student3774@university.com,Female,23,Engineering,89.51,96.42,32.04,31.28,85.04,92.9,92.48,71.69,C,Yes,Yes,Master's,Low,5,17.4
S4775,John,Wilson,student3775@university.com,Female,21,Physics,95.16,91.91,86.43,96.15,46.15,35.02,79.24,72.48,C,No,Yes,Bachelor's,High,4,3.8
S4776,Maria,Brown,student3776@university.com,Female,24,Mathematics,68.43,39.61,61.91,82.65,71.68,49.58,75.32,63.46,D,Yes,Yes,High School,Medium,4,7.5
S4777,Emma,Clark,student3777@university.com,Male,25,Business,62.39,35.86,95.01,97.07,51.2,70.83,95.14,74.18,C,Yes,Yes,High School,High,3,6.7
S4778,Noah,Smith,student3778@university.com,Male,18,Mathematics,66.41,73.23,40.72,43.35,97.9,78.1,86.58,69.98,C,Yes,Yes,Bachelor's,Low,0,10.9
S4779,John,Lee,student3779@university.com,Female,19,Physics,76.65,78.18,38.08,62.92,67.2,96.27,32.62,62.54,D,Yes,Yes,High School,Low,5,3.2
S4780,Liam,Khan,student3780@university.com,Male,18,Computer Science,80.08,30.98,90.48,92.27,58.16,56.78,38.34,61.17,D,Yes,No,High School,Medium,9,10.6
S4781,Noah,Lee,student3781@university.com,Male,23,Mathematics,62.13,30.16,80.49,87.15,99.02,56.47,96.95,75.04,B,Yes,Yes,High School,Medium,10,7.0
S4782,Liam,Brown,student3782@university.com,Female,21,Engineering,74.44,45.53,44.19,35.99,97.18,46.4,33.6,50.48,D,Yes,Yes,High School,Medium,9,10.6
S4783,Ayesha,Lee,student3783@university.com,Female,19,Business,93.07,69.68,46.2,98.65,97.04,95.0,96.79,83.89,B,No,Yes,High School,Low,5,14.4
S4784,Maria,Williams,student3784@university.com,Female,21,Business,99.76,87.33,97.61,56.09,54.12,98.43,85.52,79.85,B,Yes,Yes,High School,Medium,2,4.0
S4785,Omar,Ahmed,student3785@university.com,Female,20,Engineering,62.09,83.04,38.6,49.62,43.57,86.86,90.96,65.44,C,Yes,Yes,High School,High,7,10.1
S4786,Emma,Jones,student3786@university.com,Female,19,Business,79.29,42.0,77.83,46.7,96.39,50.91,46.68,60.09,D,Yes,Yes,Master's,Low,2,11.5
S4787,Ayesha,Wilson,student3787@university.com,Male,23,Physics,73.67,82.68,53.31,46.93,52.23,48.65,98.1,63.65,D,No,Yes,Bachelor's,High,3,17.1
S4788,Ahmed,Clark,student3788@university.com,Male,18,Computer Science,99.93,35.0,93.03,87.3,33.39,56.94,94.95,66.77,C,No,No,Bachelor's,Low,7,7.4
S4789,Ali,Clark,student3789@university.com,Male,23,Physics,60.13,70.8,59.45,89.46,77.11,45.95,76.11,69.81,C,Yes,No,Bachelor's,Low,5,13.0
S4790,Maria,Khan,student3790@university.com,Male,21,Business,85.06,35.58,60.85,66.28,51.31,91.88,85.13,65.17,C,Yes,Yes,Master's,Medium,8,1.4
S4791,John,Ahmed,student3791@university.com,Male,20,Physics,77.29,62.14,72.76,60.91,76.7,32.42,38.21,57.19,D,Yes,No,Bachelor's,Low,9,6.1
S4792,Sara,Williams,student3792@university.com,Female,19,Business,74.44,98.56,91.98,93.66,79.83,60.03,98.66,87.12,A,No,No,High School,High,10,12.6
S4793,John,Ahmed,student3793@university.com,Male,18,Computer Science,68.08,95.37,78.14,31.77,95.93,49.89,64.11,69.2,C,Yes,Yes,High School,Medium,6,3.3
S4794,Ali,Taylor,student3794@university.com,Male,21,Engineering,68.37,48.18,67.21,97.3,37.85,37.81,33.92,53.71,D,No,No,Bachelor's,Low,5,5.3
S4795,Ahmed,Williams,student3795@university.com,Female,20,Mathematics,98.97,69.76,61.39,45.06,54.15,65.17,75.36,61.82,D,No,Yes,Bachelor's,Medium,4,3.9
S4796,Emma,Clark,student3796@university.com,Female,25,Engineering,64.52,45.19,42.63,57.79,81.56,54.96,41.37,53.92,D,No,Yes,High School,Low,6,4.1
S4797,Maria,Williams,student3797@university.com,Male,21,Engineering,88.83,83.64,48.0,72.51,83.72,83.75,98.77,78.4,B,Yes,No,Master's,High,3,8.1
S4798,Noah,Smith,student3798@university.com,Female,20,Mathematics,76.61,33.5,35.28,82.62,68.82,80.74,94.31,65.88,C,Yes,No,High School,Medium,0,6.9
S4799,Maria,Jones,student3799@university.com,Male,18,Physics,72.14,35.53,81.59,57.11,37.25,54.18,35.0,50.11,D,No,Yes,High School,Medium,7,16.1
S4800,Ahmed,Williams,student3800@university.com,Female,19,Physics,72.38,78.54,66.73,85.13,86.84,95.73,84.46,82.91,B,No,No,Master's,Medium,10,15.1
S4801,Omar,Wilson,student3801@university.com,Female,24,Engineering,73.41,50.41,69.39,90.38,79.38,43.79,94.05,71.23,C,No,No,Master's,Low,3,11.9
S4802,Ali,Taylor,student3802@university.com,Male,19,Mathematics,67.73,61.29,45.94,30.48,57.28,68.74,68.26,55.33,D,No,Yes,Bachelor's,Low,6,20.0
S4803,Emma,Taylor,student3803@university.com,Male,24,Physics,64.44,39.59,55.55,76.49,90.33,77.95,79.8,69.95,C,Yes,Yes,High School,Low,5,19.4
S4804,Noah,Brown,student3804@university.com,Female,21,Physics,71.39,64.75,69.66,93.32,75.65,89.2,52.73,74.22,C,Yes,No,Bachelor's,Medium,5,2.5
S4805,Ali,Lee,student3805@university.com,Male,23,Computer Science,85.87,70.95,66.45,83.54,41.05,77.36,70.7,68.34,C,No,Yes,Bachelor's,High,2,6.8
S4806,Liam,Taylor,student3806@university.com,Male,19,Business,78.47,35.83,57.8,85.63,56.74,98.68,74.55,68.2,C,Yes,No,High School,High,6,7.5
S4807,Emma,Taylor,student3807@university.com,Female,22,Physics,70.99,95.55,86.9,60.81,46.0,65.61,51.23,67.68,C,No,Yes,Bachelor's,High,4,15.7
S4808,Ahmed,Jones,student3808@university.com,Female,23,Mathematics,71.77,71.98,32.65,60.91,39.06,72.33,85.25,60.36,D,No,No,High School,High,4,12.3
S4809,Maria,Taylor,student3809@university.com,Female,23,Physics,79.97,33.33,82.51,60.53,52.38,67.82,56.44,58.84,D,Yes,Yes,Master's,Medium,5,17.0
S4810,Liam,Lee,student3810@university.com,Male,21,Mathematics,92.3,38.63,44.58,52.26,52.51,53.71,62.0,50.62,D,Yes,No,Bachelor's,High,8,11.8
S4811,Omar,Ahmed,student3811@university.com,Female,24,Engineering,78.82,88.8,97.7,80.81,93.93,46.37,47.71,75.89,B,Yes,No,Bachelor's,Medium,4,13.7
S4812,Noah,Lee,student3812@university.com,Male,21,Computer Science,67.38,67.38,97.54,31.13,82.06,93.89,66.26,73.04,C,Yes,No,Bachelor's,High,10,16.2
S4813,John,Williams,student3813@university.com,Male,25,Physics,77.62,97.16,77.0,31.02,31.5,82.09,45.09,60.64,D,No,Yes,Master's,Medium,7,16.1
S4814,Noah,Jones,student3814@university.com,Male,21,Business,96.99,74.31,78.34,32.13,89.01,37.5,42.14,58.91,D,No,Yes,High School,High,5,12.0
S4815,Omar,Taylor,student3815@university.com,Male,25,Business,96.09,43.91,92.35,34.42,48.83,91.67,85.53,66.12,C,Yes,Yes,Bachelor's,Medium,8,11.2
S4816,Sara,Clark,student3816@university.com,Female,20,Engineering,81.95,92.13,78.06,88.52,77.7,37.17,37.74,68.55,C,No,No,Master's,High,9,16.1
S4817,Noah,Lee,student3817@university.com,Male,22,Mathematics,62.64,35.5,66.92,41.68,95.31,70.82,73.65,63.98,D,Yes,No,Master's,Medium,0,4.0
S4818,Noah,Lee,student3818@university.com,Female,18,Physics,68.92,70.09,65.01,50.05,88.22,83.48,48.52,67.56,C,Yes,Yes,Master's,Low,2,6.0
S4819,Maria,Clark,student3819@university.com,Male,23,Computer Science,66.09,34.99,52.9,85.72,49.53,31.98,46.48,50.27,D,No,Yes,Bachelor's,Low,1,9.1
S4820,Liam,Brown,student3820@university.com,Male,20,Mathematics,92.55,50.22,80.71,48.46,39.95,44.73,74.33,56.4,D,No,Yes,Bachelor's,Low,9,13.1
S4821,Sara,Brown,student3821@university.com,Male,24,Computer Science,66.09,74.18,95.93,72.24,38.24,30.93,53.73,60.88,D,Yes,Yes,Master's,High,4,15.2
S4822,Maria,Jones,student3822@university.com,Male,20,Physics,83.86,56.47,94.23,73.88,47.91,78.91,32.46,63.98,D,No,No,Bachelor's,High,1,18.4
S4823,Ahmed,Lee,student3823@university.com,Male,19,Mathematics,75.95,37.91,39.97,73.95,74.56,31.8,36.16,49.06,F,No,No,High School,Low,6,11.0
S4824,Sara,Ahmed,student3824@university.com,Male,18,Physics,81.83,86.99,42.16,38.5,96.13,73.26,38.52,62.59,D,Yes,Yes,Master's,Medium,1,1.9
S4825,Noah,Jones,student3825@university.com,Male,18,Mathematics,73.83,65.83,49.91,58.97,99.59,58.6,42.59,62.58,D,Yes,Yes,Master's,Low,8,20.0
S4826,Ayesha,Taylor,student3826@university.com,Female,20,Engineering,60.46,59.68,60.83,71.1,73.93,58.51,55.39,63.24,D,Yes,Yes,Master's,Medium,10,16.3
S4827,Ali,Brown,student3827@university.com,Male,25,Business,92.97,58.51,51.42,48.26,68.56,99.0,86.11,68.64,C,Yes,Yes,Master's,Medium,7,5.8
S4828,Omar,Lee,student3828@university.com,Male,21,Mathematics,71.15,64.88,31.84,76.83,89.46,37.17,75.51,62.62,D,No,Yes,Master's,Medium,8,9.1
S4829,Liam,Khan,student3829@university.com,Male,22,Business,91.95,52.41,44.72,69.68,85.0,96.27,32.91,63.5,D,Yes,No,Bachelor's,High,2,8.3
S4830,Emma,Williams,student3830@university.com,Female,25,Physics,99.06,54.99,61.48,56.65,39.06,70.4,45.41,54.66,D,No,No,Master's,Low,3,7.1
S4831,Liam,Khan,student3831@university.com,Female,18,Business,67.85,75.12,90.08,49.75,95.7,81.1,39.88,71.94,C,No,Yes,Master's,Low,6,7.7
S4832,John,Clark,student3832@university.com,Male,25,Mathematics,97.69,53.66,83.03,58.43,35.1,96.21,38.16,60.77,D,No,No,Bachelor's,High,0,2.5
S4833,Emma,Clark,student3833@university.com,Male,18,Computer Science,98.52,67.3,34.07,99.75,60.62,68.32,66.45,66.08,C,Yes,No,Bachelor's,Medium,6,8.4
S4834,Maria,Taylor,student3834@university.com,Male,25,Business,91.48,36.04,70.8,74.18,85.17,30.16,90.21,64.43,D,Yes,No,High School,Low,0,3.6
S4835,Omar,Khan,student3835@university.com,Female,21,Business,80.07,99.75,99.89,78.78,78.02,96.4,97.13,91.66,A,Yes,No,Master's,Medium,0,1.3
S4836,Maria,Khan,student3836@university.com,Female,19,Physics,68.11,61.34,67.67,51.96,75.98,63.23,72.63,65.47,C,Yes,Yes,High School,Low,5,10.6
S4837,Maria,Lee,student3837@university.com,Male,18,Computer Science,71.16,30.06,36.94,73.89,61.3,80.23,91.4,62.3,D,Yes,No,Master's,Medium,0,9.2
S4838,Emma,Clark,student3838@university.com,Male,21,Engineering,86.88,84.62,96.41,92.44,60.68,86.91,98.45,86.59,A,Yes,No,Bachelor's,Low,1,9.8
S4839,Liam,Brown,student3839@university.com,Female,25,Engineering,68.63,52.57,56.02,83.36,92.6,38.52,78.63,66.95,C,Yes,No,Bachelor's,Medium,3,14.9
S4840,Sara,Lee,student3840@university.com,Female,24,Engineering,96.21,47.9,43.82,73.44,45.9,77.43,46.79,55.88,D,No,Yes,Master's,Medium,10,5.5
S4841,Maria,Williams,student3841@university.com,Female,24,Computer Science,93.23,77.01,33.66,31.7,35.46,79.73,61.56,53.19,D,No,No,Master's,Low,6,1.8
S4842,Sara,Smith,student3842@university.com,Female,20,Business,82.63,56.53,47.52,83.58,40.31,53.45,99.52,63.48,D,Yes,No,High School,Low,6,13.5
S4843,Liam,Williams,student3843@university.com,Male,24,Mathematics,63.53,67.91,43.76,82.49,48.22,35.43,84.7,60.42,D,Yes,Yes,Bachelor's,Low,4,17.6
S4844,Maria,Taylor,student3844@university.com,Male,21,Business,94.86,95.34,85.08,95.14,86.5,53.39,35.07,75.09,B,Yes,Yes,High School,Low,2,15.5
S4845,Omar,Jones,student3845@university.com,Male,19,Business,67.37,52.54,81.03,78.52,30.92,34.82,41.97,53.3,D,Yes,No,Master's,High,7,14.6
S4846,Ali,Lee,student3846@university.com,Male,25,Mathematics,96.28,89.1,95.66,88.73,33.46,47.13,41.49,65.93,C,No,Yes,High School,Medium,6,13.6
S4847,Liam,Smith,student3847@university.com,Male,18,Engineering,94.35,46.4,54.9,76.52,90.18,82.99,89.86,73.48,C,No,No,Master's,Low,8,2.5
S4848,Emma,Ahmed,student3848@university.com,Male,24,Mathematics,95.71,85.22,90.63,52.39,66.75,96.57,57.22,74.8,C,Yes,Yes,Master's,Low,5,11.5
S4849,John,Smith,student3849@university.com,Female,23,Physics,71.16,61.94,97.23,79.71,92.36,37.32,64.09,72.11,C,No,Yes,Bachelor's,Low,10,8.6
S4850,Ayesha,Ahmed,student3850@university.com,Male,25,Engineering,86.52,86.62,47.4,46.14,96.18,48.99,33.51,59.81,D,No,No,Bachelor's,High,3,1.8
S4851,Ali,Lee,student3851@university.com,Male,23,Engineering,93.86,89.42,81.33,74.86,33.85,89.6,79.87,74.82,C,Yes,No,High School,Low,9,4.7
S4852,Emma,Jones,student3852@university.com,Male,20,Business,87.76,36.6,39.78,56.11,57.43,88.63,93.64,62.03,D,Yes,No,Bachelor's,High,0,14.9
S4853,Ali,Clark,student3853@university.com,Female,18,Business,66.8,81.28,43.61,80.92,75.46,33.7,99.37,69.06,C,No,Yes,Master's,Low,3,16.9
S4854,Sara,Khan,student3854@university.com,Female,23,Engineering,64.47,98.04,55.88,41.28,72.36,98.58,74.7,73.47,C,Yes,Yes,High School,Medium,6,7.7
S4855,Noah,Wilson,student3855@university.com,Male,22,Business,68.87,65.63,66.44,80.76,40.08,87.12,88.43,71.41,C,Yes,Yes,Master's,High,8,13.3
S4856,John,Wilson,student3856@university.com,Female,19,Physics,68.5,52.72,97.09,85.47,91.31,74.19,39.53,73.39,C,Yes,Yes,Bachelor's,Medium,6,13.8
S4857,Liam,Ahmed,student3857@university.com,Male,21,Engineering,93.91,88.57,72.78,81.74,36.01,88.14,45.04,68.71,C,No,No,High School,High,5,12.2
S4858,Ayesha,Williams,student3858@university.com,Female,19,Engineering,71.93,77.11,60.39,74.1,50.77,86.31,63.01,68.61,C,No,No,Bachelor's,Medium,0,6.8
S4859,Noah,Lee,student3859@university.com,Male,22,Computer Science,85.93,87.77,36.45,96.73,39.99,74.67,65.06,66.78,C,No,Yes,Master's,High,9,10.6
S4860,John,Wilson,student3860@university.com,Female,19,Business,75.93,72.48,73.21,36.37,68.24,37.87,87.59,62.63,D,Yes,No,Master's,Low,9,11.3
S4861,Noah,Khan,student3861@university.com,Female,23,Business,96.34,70.91,53.74,93.23,57.28,61.0,60.29,66.08,C,Yes,No,Bachelor's,High,8,14.0
S4862,John,Williams,student3862@university.com,Male,22,Mathematics,64.75,81.7,81.57,70.18,62.03,76.98,82.74,75.87,B,No,Yes,Master's,Medium,4,18.4
S4863,Noah,Brown,student3863@university.com,Male,23,Business,64.4,88.82,96.32,93.56,62.65,79.58,60.17,80.18,B,Yes,No,High School,Medium,10,2.0
S4864,Liam,Khan,student3864@university.com,Female,25,Computer Science,95.94,43.04,47.67,53.54,58.39,30.2,59.25,48.68,F,Yes,Yes,High School,High,9,16.0
S4865,Omar,Lee,student3865@university.com,Male,25,Mathematics,77.66,75.58,51.23,59.4,80.0,80.72,54.89,66.97,C,No,No,Bachelor's,High,3,15.9
S4866,John,Lee,student3866@university.com,Male,24,Engineering,89.41,84.12,90.57,84.88,82.75,85.82,45.61,78.96,B,Yes,Yes,High School,Medium,5,14.8
S4867,Omar,Jones,student3867@university.com,Male,20,Engineering,80.94,57.73,81.49,31.13,81.5,67.94,46.15,60.99,D,No,No,Bachelor's,Low,9,1.6
S4868,Omar,Clark,student3868@university.com,Male,19,Mathematics,60.66,49.9,62.15,46.06,94.45,89.14,66.06,67.96,C,No,Yes,Bachelor's,Medium,4,19.8
S4869,Liam,Jones,student3869@university.com,Male,22,Engineering,77.57,81.22,92.71,90.82,39.55,74.47,40.12,69.81,C,No,Yes,High School,High,3,15.0
S4870,Emma,Jones,student3870@university.com,Female,18,Business,70.34,55.87,61.38,71.82,82.18,76.0,46.82,65.68,C,No,Yes,Bachelor's,High,9,13.9
S4871,Maria,Williams,student3871@university.com,Female,23,Physics,65.85,47.26,93.31,56.47,73.29,32.35,67.45,61.69,D,No,No,High School,High,3,13.3
S4872,Sara,Wilson,student3872@university.com,Female,19,Physics,93.63,54.57,65.35,81.04,65.85,54.46,41.92,60.53,D,Yes,Yes,Master's,Low,3,10.6
S4873,John,Ahmed,student3873@university.com,Female,25,Business,64.42,33.72,44.42,72.41,68.36,85.46,41.72,57.68,D,Yes,No,Bachelor's,Low,8,9.8
S4874,Emma,Khan,student3874@university.com,Male,21,Computer Science,99.81,57.86,64.3,84.3,64.09,71.79,93.81,72.69,C,No,Yes,High School,Medium,2,15.9
S4875,Ali,Khan,student3875@university.com,Female,23,Computer Science,65.97,63.4,37.02,57.44,39.75,80.96,85.86,60.74,D,No,No,Bachelor's,Medium,9,4.4
S4876,Maria,Smith,student3876@university.com,Male,18,Physics,71.82,67.85,65.92,81.72,50.26,97.43,38.45,66.94,C,No,Yes,Bachelor's,High,9,18.1
S4877,Ahmed,Jones,student3877@university.com,Female,25,Engineering,70.32,32.9,98.15,92.62,90.51,74.75,57.23,74.36,C,No,No,Master's,Medium,1,11.6
S4878,Sara,Wilson,student3878@university.com,Male,22,Computer Science,83.01,97.9,35.33,76.47,98.01,93.96,67.18,78.14,B,Yes,No,High School,Low,8,12.0
S4879,Ali,Williams,student3879@university.com,Female,25,Physics,99.14,35.05,46.63,92.86,80.23,34.49,39.75,54.84,D,Yes,Yes,Bachelor's,High,4,2.1
S4880,Liam,Clark,student3880@university.com,Female,23,Engineering,63.49,94.32,85.58,49.67,67.39,74.14,34.79,67.65,C,Yes,No,High School,Medium,1,17.9
S4881,Sara,Smith,student3881@university.com,Female,19,Business,96.0,89.14,77.34,48.79,40.15,48.01,61.76,60.87,D,Yes,No,Bachelor's,Medium,1,10.9
S4882,Omar,Smith,student3882@university.com,Male,23,Computer Science,93.48,54.24,62.32,72.63,86.52,49.89,35.48,60.18,D,Yes,Yes,High School,Medium,7,6.2
S4883,John,Smith,student3883@university.com,Male,20,Physics,78.34,67.42,91.0,86.94,92.08,36.51,88.61,77.09,B,No,No,High School,Medium,7,16.8
S4884,Ayesha,Clark,student3884@university.com,Male,21,Computer Science,62.87,45.27,70.52,38.78,79.17,33.82,36.17,50.62,D,No,No,Master's,Low,6,1.5
S4885,Ali,Brown,student3885@university.com,Female,20,Mathematics,68.8,95.71,64.6,83.06,36.4,60.52,35.23,62.59,D,Yes,No,Master's,Low,10,17.0
S4886,Maria,Clark,student3886@university.com,Male,21,Business,76.83,93.77,36.87,74.91,88.29,39.46,95.88,71.53,C,Yes,No,High School,High,10,6.0
S4887,Noah,Lee,student3887@university.com,Male,19,Engineering,87.2,48.65,97.85,41.53,51.47,69.32,52.26,60.18,D,Yes,Yes,Bachelor's,Low,3,10.1
S4888,Ali,Wilson,student3888@university.com,Male,23,Business,97.98,59.67,94.94,31.19,62.05,62.41,42.48,58.79,D,No,Yes,High School,Low,2,9.0
S4889,Ahmed,Brown,student3889@university.com,Male,24,Business,78.96,31.17,93.02,53.87,78.79,40.62,30.72,54.7,D,Yes,Yes,High School,Medium,6,1.0
S4890,Omar,Williams,student3890@university.com,Male,22,Business,65.02,32.61,46.71,83.04,82.16,60.63,53.84,59.83,D,Yes,Yes,High School,Medium,4,16.1
S4891,Liam,Clark,student3891@university.com,Female,18,Engineering,73.08,79.8,95.52,77.36,86.02,80.7,38.33,76.29,B,No,Yes,Bachelor's,Medium,10,19.3
S4892,Liam,Taylor,student3892@university.com,Female,25,Business,83.48,75.91,98.57,67.13,50.61,56.16,40.89,64.88,D,No,Yes,Bachelor's,High,2,18.0
S4893,Noah,Clark,student3893@university.com,Male,21,Physics,84.56,48.36,40.42,72.36,74.97,58.8,32.64,54.59,D,Yes,No,Bachelor's,Medium,7,18.6
S4894,Ahmed,Lee,student3894@university.com,Male,25,Physics,94.8,32.69,31.7,55.5,42.89,42.05,37.89,40.45,F,Yes,Yes,Bachelor's,High,9,7.8
S4895,Omar,Brown,student3895@university.com,Male,19,Mathematics,93.25,93.33,37.95,51.51,99.79,57.82,31.37,61.96,D,No,No,Master's,High,1,2.6
S4896,Sara,Clark,student3896@university.com,Female,22,Computer Science,94.9,43.45,71.01,97.47,46.52,67.38,37.71,60.59,D,Yes,Yes,Bachelor's,Medium,9,15.9
S4897,Ali,Brown,student3897@university.com,Male,19,Physics,91.78,79.42,85.07,85.34,83.85,38.16,74.92,74.46,C,No,Yes,High School,Low,6,4.1
S4898,Sara,Clark,student3898@university.com,Male,25,Engineering,75.99,50.75,69.95,65.21,62.02,92.46,68.59,68.16,C,No,No,High School,Medium,9,12.3
S4899,Sara,Taylor,student3899@university.com,Male,20,Business,73.11,40.74,80.2,49.7,38.57,49.6,40.54,49.89,F,No,Yes,High School,High,6,17.4
S4900,Noah,Brown,student3900@university.com,Female,20,Physics,79.16,54.27,32.7,82.32,85.43,55.01,82.8,65.42,C,Yes,Yes,High School,Medium,1,8.1
S4901,Maria,Clark,student3901@university.com,Female,24,Mathematics,74.14,45.46,80.24,30.45,55.57,47.98,37.75,49.57,F,No,Yes,Master's,Medium,0,5.6
S4902,Ayesha,Smith,student3902@university.com,Male,24,Mathematics,91.7,86.04,52.9,32.61,33.18,90.59,41.9,56.2,D,No,Yes,Bachelor's,Low,5,16.3
S4903,Ayesha,Clark,student3903@university.com,Male,23,Engineering,67.19,37.83,64.02,37.47,55.71,95.45,87.79,63.05,D,No,Yes,High School,High,10,15.5
S4904,Maria,Taylor,student3904@university.com,Female,20,Engineering,94.15,96.14,62.44,82.81,83.94,71.35,59.55,76.04,B,Yes,Yes,Master's,Medium,1,14.3
S4905,Ahmed,Jones,student3905@university.com,Female,25,Computer Science,80.59,72.16,83.43,34.1,30.19,83.18,89.56,65.44,C,Yes,Yes,High School,Medium,6,10.9
S4906,Emma,Ahmed,student3906@university.com,Male,19,Mathematics,84.64,55.01,89.28,85.93,93.79,67.39,79.05,78.41,B,No,Yes,High School,Low,6,5.6
S4907,Noah,Lee,student3907@university.com,Female,20,Mathematics,71.69,60.66,36.33,40.14,44.85,32.0,81.14,49.19,F,No,Yes,Bachelor's,Medium,3,5.3
S4908,Omar,Wilson,student3908@university.com,Female,19,Physics,68.27,90.72,42.81,95.16,60.37,82.78,44.77,69.44,C,No,Yes,Bachelor's,Low,3,3.8
S4909,Ali,Williams,student3909@university.com,Male,25,Computer Science,80.89,75.57,57.17,79.14,56.07,41.35,90.06,66.56,C,Yes,No,Master's,Medium,5,17.5
S4910,Noah,Jones,student3910@university.com,Female,18,Business,89.84,68.75,31.18,89.76,55.93,96.12,44.2,64.32,D,Yes,No,Master's,High,7,18.0
S4911,Emma,Smith,student3911@university.com,Male,22,Engineering,92.49,69.81,34.44,46.97,73.8,43.67,93.11,60.3,D,No,No,Bachelor's,Medium,0,15.4
S4912,John,Ahmed,student3912@university.com,Female,22,Business,76.33,42.23,46.77,93.3,99.57,44.55,67.24,65.61,C,No,No,High School,High,3,4.6
S4913,Noah,Khan,student3913@university.com,Female,20,Business,96.45,35.56,69.52,73.01,60.38,49.54,90.38,63.06,D,Yes,Yes,Master's,Medium,2,8.4
S4914,Emma,Lee,student3914@university.com,Male,20,Business,75.31,32.27,75.53,50.19,86.54,65.69,36.13,57.73,D,Yes,Yes,Master's,High,1,4.9
S4915,John,Williams,student3915@university.com,Female,24,Physics,62.79,79.73,84.03,53.91,41.15,55.45,84.31,66.43,C,Yes,Yes,Bachelor's,Low,1,6.2
S4916,Liam,Ahmed,student3916@university.com,Male,19,Mathematics,87.33,79.13,44.15,96.59,59.94,55.5,63.41,66.45,C,No,No,High School,Low,10,10.8
S4917,Liam,Brown,student3917@university.com,Male,22,Business,93.63,45.66,92.32,87.62,30.32,56.5,81.7,65.69,C,Yes,No,Bachelor's,Low,4,16.7
S4918,Sara,Ahmed,student3918@university.com,Male,24,Computer Science,81.95,84.15,86.97,80.46,68.57,46.46,90.21,76.14,B,No,No,Bachelor's,Low,4,17.1
S4919,Omar,Clark,student3919@university.com,Male,18,Engineering,94.17,54.89,35.56,57.58,43.73,32.05,69.35,48.86,F,Yes,Yes,Bachelor's,High,5,14.1
S4920,Liam,Clark,student3920@university.com,Female,20,Physics,69.14,59.51,37.7,89.63,55.89,77.2,36.69,59.44,D,No,No,Bachelor's,Low,1,10.3
S4921,Ali,Jones,student3921@university.com,Male,21,Mathematics,89.41,97.39,90.7,90.6,92.63,68.49,93.88,88.95,A,No,No,High School,Medium,3,8.1
S4922,Noah,Lee,student3922@university.com,Male,21,Physics,89.16,89.24,85.65,82.59,59.98,45.17,32.18,65.8,C,Yes,Yes,Master's,Low,4,19.8
S4923,Omar,Khan,student3923@university.com,Female,21,Business,88.34,40.41,81.15,82.47,79.14,52.86,68.88,67.48,C,No,No,Bachelor's,Medium,2,14.3
S4924,Noah,Williams,student3924@university.com,Female,22,Mathematics,81.75,47.85,42.0,34.0,85.25,60.14,97.94,61.2,D,Yes,Yes,High School,Medium,10,18.8
S4925,Ahmed,Smith,student3925@university.com,Female,25,Mathematics,70.65,79.53,63.42,66.52,73.26,58.1,37.29,63.02,D,Yes,No,High School,Low,3,8.1
S4926,Maria,Williams,student3926@university.com,Male,23,Engineering,62.42,83.16,54.8,41.42,75.43,95.2,72.93,70.49,C,No,No,Bachelor's,High,8,15.5
S4927,Maria,Khan,student3927@university.com,Male,21,Business,74.38,56.37,74.73,50.19,75.1,77.45,52.67,64.42,D,No,Yes,Master's,Medium,8,6.8
S4928,John,Wilson,student3928@university.com,Female,19,Physics,65.28,44.85,64.96,67.45,94.11,42.64,86.77,66.8,C,Yes,No,High School,Medium,9,7.3
S4929,Ahmed,Jones,student3929@university.com,Female,25,Mathematics,98.64,77.12,43.87,89.04,57.63,70.61,72.72,68.5,C,Yes,Yes,High School,Medium,3,5.1
S4930,Ahmed,Clark,student3930@university.com,Male,19,Physics,98.07,61.36,46.11,62.69,46.24,44.53,50.67,51.93,D,No,No,Bachelor's,High,9,2.6
S4931,Emma,Ahmed,student3931@university.com,Male,19,Physics,66.22,83.81,32.48,76.49,63.72,32.66,62.28,58.57,D,Yes,No,High School,Medium,5,7.4
S4932,Sara,Brown,student3932@university.com,Female,24,Mathematics,76.26,31.37,65.14,75.68,49.76,35.41,37.96,49.22,F,Yes,No,Bachelor's,Low,8,14.8
S4933,Ahmed,Wilson,student3933@university.com,Male,23,Physics,77.6,70.6,75.91,43.05,87.23,95.34,92.25,77.4,B,No,Yes,Bachelor's,High,6,7.8
S4934,Emma,Williams,student3934@university.com,Female,21,Business,94.86,47.41,60.25,73.92,71.81,98.12,55.43,67.82,C,Yes,Yes,Master's,Medium,10,9.4
S4935,Noah,Taylor,student3935@university.com,Male,24,Physics,99.19,82.78,41.95,75.17,74.67,64.24,39.43,63.04,D,Yes,No,Master's,Low,0,2.8
S4936,John,Lee,student3936@university.com,Male,18,Physics,80.52,79.12,47.28,59.56,42.93,70.56,57.24,59.45,D,No,No,Master's,Medium,6,15.9
S4937,Ayesha,Clark,student3937@university.com,Male,24,Computer Science,90.14,95.5,69.13,77.31,40.74,77.6,72.7,72.16,C,No,Yes,Bachelor's,Medium,7,12.0
S4938,Sara,Ahmed,student3938@university.com,Male,23,Mathematics,86.31,67.84,72.97,99.97,60.45,83.02,77.81,77.01,B,No,No,Master's,High,5,9.8
S4939,Omar,Khan,student3939@university.com,Male,23,Business,85.04,61.66,42.72,73.75,57.16,37.92,92.19,60.9,D,Yes,No,Master's,Low,0,2.6
S4940,Ali,Lee,student3940@university.com,Female,19,Business,85.19,66.01,62.44,60.82,30.3,99.79,56.69,62.68,D,No,Yes,Master's,High,8,3.9
S4941,John,Jones,student3941@university.com,Male,24,Physics,66.83,54.05,83.84,69.16,73.37,94.27,58.39,72.18,C,Yes,Yes,Master's,Medium,10,17.6
S4942,Emma,Wilson,student3942@university.com,Male,22,Mathematics,73.33,71.92,87.22,96.52,73.12,46.42,51.48,71.11,C,Yes,Yes,Bachelor's,Low,5,7.6
S4943,Maria,Jones,student3943@university.com,Male,23,Business,78.29,56.05,78.76,35.37,51.14,86.61,52.9,60.14,D,Yes,Yes,High School,Medium,9,16.5
S4944,Omar,Taylor,student3944@university.com,Female,23,Computer Science,90.96,83.81,77.04,66.26,65.48,41.91,70.54,67.51,C,Yes,Yes,Bachelor's,Low,3,7.0
S4945,Sara,Taylor,student3945@university.com,Male,25,Physics,90.75,54.57,39.02,70.62,52.2,54.43,85.41,59.38,D,No,No,Bachelor's,High,10,13.1
S4946,John,Brown,student3946@university.com,Female,21,Engineering,99.1,56.19,56.64,78.57,56.4,62.24,47.51,59.59,D,No,Yes,Bachelor's,High,1,7.0
S4947,Ayesha,Lee,student3947@university.com,Female,23,Physics,67.7,49.66,86.8,53.07,78.44,68.84,43.61,63.4,D,Yes,No,Master's,Medium,8,12.2
S4948,John,Wilson,student3948@university.com,Female,18,Computer Science,71.09,41.74,95.68,94.55,36.11,92.09,88.77,74.82,C,No,No,High School,Low,3,2.8
S4949,Noah,Brown,student3949@university.com,Female,19,Physics,75.43,46.7,37.92,46.69,70.75,79.26,64.81,57.69,D,No,Yes,Bachelor's,Low,10,4.4
S4950,Sara,Taylor,student3950@university.com,Male,23,Physics,94.62,71.12,94.79,61.87,44.62,71.89,78.75,70.51,C,No,No,Master's,Medium,5,11.4
S4951,Ayesha,Brown,student3951@university.com,Male,19,Business,74.02,78.36,44.28,44.09,81.05,69.52,75.9,65.53,C,No,Yes,Bachelor's,High,0,8.2
S4952,Sara,Brown,student3952@university.com,Male,19,Mathematics,90.66,90.39,62.29,77.83,54.49,35.33,98.46,69.8,C,No,Yes,Master's,Low,1,19.5
S4953,Liam,Ahmed,student3953@university.com,Male,20,Physics,85.82,49.03,62.37,77.91,97.74,69.29,55.11,68.58,C,No,Yes,Bachelor's,Medium,4,1.4
S4954,Liam,Taylor,student3954@university.com,Male,24,Business,74.37,67.67,73.51,78.93,37.63,50.05,67.28,62.51,D,No,No,Master's,Medium,10,17.9
S4955,Ahmed,Taylor,student3955@university.com,Female,18,Mathematics,91.34,57.8,60.5,90.26,95.4,90.14,60.36,75.74,B,No,No,High School,Low,4,13.9
S4956,Sara,Khan,student3956@university.com,Male,20,Computer Science,85.81,82.56,76.1,64.28,52.11,40.92,90.79,67.79,C,No,No,Bachelor's,Low,3,16.7
S4957,Liam,Smith,student3957@university.com,Female,22,Mathematics,63.04,58.11,40.9,99.38,97.73,49.19,42.86,64.7,D,Yes,Yes,Bachelor's,High,1,10.5
S4958,John,Jones,student3958@university.com,Male,19,Physics,91.82,56.42,94.74,41.98,38.51,63.01,85.85,63.42,D,No,Yes,Bachelor's,Low,5,6.2
S4959,Emma,Brown,student3959@university.com,Female,25,Computer Science,66.14,79.25,50.83,64.98,82.61,56.26,44.85,63.13,D,No,Yes,High School,High,3,2.6
S4960,Noah,Ahmed,student3960@university.com,Male,18,Physics,69.03,83.53,89.03,85.85,70.94,97.76,45.15,78.71,B,Yes,No,Master's,Medium,7,14.6
S4961,Maria,Taylor,student3961@university.com,Male,18,Physics,85.87,30.64,97.87,61.72,44.31,97.55,88.81,70.15,C,Yes,Yes,Bachelor's,High,4,19.4
S4962,Noah,Ahmed,student3962@university.com,Female,18,Physics,87.35,57.85,31.63,55.91,39.45,73.91,69.15,54.65,D,No,No,High School,High,6,11.7
S4963,Noah,Taylor,student3963@university.com,Female,19,Business,79.79,44.55,97.68,98.05,64.26,55.22,33.12,65.48,C,Yes,Yes,High School,Medium,9,9.0
S4964,Sara,Ahmed,student3964@university.com,Male,21,Mathematics,73.11,90.27,31.45,70.42,78.65,90.65,85.51,74.49,C,No,No,High School,High,1,16.4
S4965,Emma,Wilson,student3965@university.com,Female,23,Engineering,94.72,30.76,73.59,56.88,41.16,49.08,90.18,56.94,D,No,No,Master's,Low,7,1.2
S4966,Omar,Brown,student3966@university.com,Male,19,Mathematics,73.33,55.8,88.07,44.83,76.6,69.03,39.4,62.29,D,Yes,Yes,Bachelor's,Low,4,2.3
S4967,Ali,Wilson,student3967@university.com,Female,21,Engineering,96.79,43.36,82.23,91.14,30.77,37.66,44.24,54.9,D,Yes,Yes,High School,Low,10,7.1
S4968,Ahmed,Khan,student3968@university.com,Female,22,Business,64.2,76.82,58.62,47.05,45.87,83.25,73.43,64.17,D,No,Yes,Bachelor's,High,8,18.1
S4969,John,Smith,student3969@university.com,Male,23,Physics,67.86,54.92,91.25,96.33,85.68,59.44,43.57,71.86,C,No,No,High School,High,9,9.9
S4970,Liam,Smith,student3970@university.com,Male,20,Physics,96.88,44.12,59.16,80.09,47.68,97.71,58.24,64.5,D,No,Yes,Master's,Low,8,7.4
S4971,Maria,Wilson,student3971@university.com,Male,19,Mathematics,65.9,37.0,82.32,76.38,58.26,38.29,95.64,64.65,D,Yes,Yes,Bachelor's,Medium,4,16.7
S4972,Emma,Ahmed,student3972@university.com,Male,25,Business,68.77,51.02,78.3,90.44,42.56,85.99,65.98,69.05,C,Yes,Yes,Bachelor's,Medium,10,4.4
S4973,Noah,Williams,student3973@university.com,Female,24,Business,97.17,99.9,34.15,91.7,98.13,46.43,45.71,69.34,C,Yes,No,Bachelor's,High,3,2.6
S4974,Sara,Wilson,student3974@university.com,Male,20,Physics,89.52,33.1,57.33,47.28,43.48,38.46,82.01,50.28,D,Yes,No,High School,Low,4,15.5
S4975,Maria,Wilson,student3975@university.com,Female,23,Computer Science,78.13,52.28,45.91,56.58,70.26,37.14,66.27,54.74,D,Yes,No,High School,Medium,9,5.6
S4976,John,Lee,student3976@university.com,Female,18,Engineering,77.7,36.95,40.02,66.16,43.29,65.92,92.36,57.45,D,No,No,Master's,Medium,1,1.8
S4977,Noah,Williams,student3977@university.com,Female,18,Engineering,97.87,96.65,36.72,70.69,89.71,88.02,31.53,68.89,C,No,No,Bachelor's,High,10,8.5
S4978,Emma,Smith,student3978@university.com,Female,24,Business,71.65,55.72,30.66,93.48,74.73,44.03,30.58,54.87,D,Yes,No,High School,Low,6,13.0
S4979,Ahmed,Khan,student3979@university.com,Female,20,Engineering,76.97,44.22,57.31,99.73,99.7,57.32,69.07,71.22,C,No,No,High School,High,8,5.5
S4980,Sara,Ahmed,student3980@university.com,Female,20,Engineering,67.96,67.87,87.39,35.95,76.29,36.75,33.14,56.23,D,No,Yes,High School,High,0,14.4
S4981,Liam,Clark,student3981@university.com,Female,25,Business,62.69,80.93,31.97,31.84,66.29,90.88,98.7,66.77,C,Yes,Yes,High School,Medium,8,19.8
S4982,Sara,Khan,student3982@university.com,Female,19,Business,94.93,45.9,54.76,33.58,94.82,37.63,78.51,57.53,D,No,No,Bachelor's,Low,3,6.9
S4983,Noah,Brown,student3983@university.com,Female,20,Business,64.64,52.87,80.77,30.76,32.31,33.78,39.01,44.92,F,Yes,Yes,High School,High,8,15.7
S4984,Noah,Wilson,student3984@university.com,Male,23,Computer Science,68.87,58.83,82.97,77.24,71.63,57.93,68.71,69.55,C,No,Yes,High School,Medium,9,4.4
S4985,Sara,Lee,student3985@university.com,Male,20,Physics,92.43,94.03,87.87,99.69,99.52,76.19,70.19,87.92,A,No,No,Master's,Low,8,2.6
S4986,Omar,Lee,student3986@university.com,Female,22,Engineering,73.78,80.77,87.61,49.73,78.92,31.63,83.58,68.71,C,No,No,Master's,High,9,2.9
S4987,Omar,Jones,student3987@university.com,Male,20,Business,65.99,86.2,84.83,91.58,84.03,68.26,86.65,83.59,B,Yes,No,High School,Medium,3,19.3
S4988,Omar,Khan,student3988@university.com,Female,24,Business,93.6,59.43,62.52,41.89,85.21,61.79,58.13,61.5,D,Yes,No,High School,Low,6,5.1
S4989,Ahmed,Ahmed,student3989@university.com,Male,19,Business,69.5,70.67,67.41,63.38,55.25,88.86,75.58,70.19,C,Yes,No,Master's,Medium,6,9.0
S4990,Maria,Smith,student3990@university.com,Female,24,Mathematics,81.42,86.07,38.34,56.57,88.59,36.48,78.37,64.07,D,No,No,Master's,Medium,4,15.3
S4991,John,Ahmed,student3991@university.com,Female,21,Business,74.01,33.21,39.04,56.67,50.09,44.24,89.86,52.19,D,No,Yes,High School,Medium,1,13.0
S4992,Noah,Taylor,student3992@university.com,Female,21,Engineering,74.81,82.53,96.8,43.34,37.44,77.11,80.65,69.64,C,Yes,No,High School,Medium,7,18.6
S4993,Maria,Brown,student3993@university.com,Female,21,Mathematics,64.43,47.83,68.56,85.69,31.21,95.03,36.17,60.75,D,No,No,Master's,Medium,7,6.9
S4994,Emma,Taylor,student3994@university.com,Female,23,Computer Science,79.06,80.64,45.94,35.45,98.59,63.39,72.5,66.08,C,No,No,Bachelor's,Low,4,6.1
S4995,Maria,Wilson,student3995@university.com,Male,18,Mathematics,95.58,90.54,60.25,45.59,48.95,92.33,37.52,62.53,D,Yes,No,Master's,High,4,14.5
S4996,Sara,Ahmed,student3996@university.com,Male,23,Business,70.56,45.69,82.52,89.17,99.68,84.23,54.24,75.92,B,Yes,No,Bachelor's,Medium,2,17.5
S4997,Emma,Ahmed,student3997@university.com,Male,23,Mathematics,88.82,81.08,61.58,73.56,47.89,91.48,46.64,67.04,C,Yes,No,High School,Medium,4,12.1
S4998,Ali,Smith,student3998@university.com,Female,25,Computer Science,83.02,30.97,94.75,89.6,95.87,77.19,71.82,76.7,B,Yes,Yes,Bachelor's,Low,0,14.5
S4999,Ahmed,Lee,student3999@university.com,Male,22,Business,93.08,34.73,56.37,91.71,45.3,89.88,90.26,68.04,C,No,No,Bachelor's,Low,9,18.2
S5000,John,Wilson,student4000@university.com,Female,21,Physics,93.33,99.03,46.73,75.55,33.42,99.05,35.51,64.88,D,Yes,Yes,Bachelor's,Low,1,3.6
S5001,John,Brown,student4001@university.com,Male,25,Engineering,98.51,63.19,71.39,65.78,63.7,57.31,95.84,69.54,C,No,No,High School,Medium,3,9.0
S5002,Emma,Clark,student4002@university.com,Male,22,Mathematics,77.89,57.55,75.55,54.52,91.24,45.72,85.42,68.33,C,Yes,No,Master's,High,6,13.8
S5003,Omar,Brown,student4003@university.com,Male,24,Business,86.5,96.45,66.29,65.88,58.0,40.64,73.09,66.73,C,Yes,Yes,Master's,Low,0,19.7
S5004,Sara,Ahmed,student4004@university.com,Female,22,Physics,62.22,61.37,89.54,47.95,88.63,38.7,48.72,62.48,D,Yes,No,High School,Low,5,5.6
S5005,Omar,Taylor,student4005@university.com,Male,23,Business,99.45,86.04,98.22,54.42,64.78,75.85,47.41,71.12,C,No,Yes,High School,Low,4,12.9
S5006,Ali,Jones,student4006@university.com,Male,18,Business,95.08,99.02,55.05,41.51,66.04,67.75,71.13,66.75,C,Yes,No,Bachelor's,Low,3,6.9
S5007,Liam,Lee,student4007@university.com,Male,19,Business,88.13,43.26,77.17,46.28,81.23,34.07,99.33,63.56,D,Yes,Yes,High School,High,5,12.9
S5008,Liam,Clark,student4008@university.com,Male,19,Engineering,86.22,70.4,49.53,64.8,41.8,43.56,90.36,60.08,D,Yes,No,Master's,Medium,4,10.7
S5009,Sara,Khan,student4009@university.com,Male,19,Physics,89.52,99.77,38.73,96.16,69.9,37.62,74.51,69.45,C,No,No,Master's,High,0,17.0
S5010,Ayesha,Jones,student4010@university.com,Female,23,Business,94.78,92.47,44.93,62.28,33.56,98.22,90.46,70.32,C,Yes,No,Bachelor's,High,4,11.5
S5011,John,Lee,student4011@university.com,Female,23,Business,79.52,63.17,78.93,56.52,58.53,50.6,70.32,63.01,D,Yes,Yes,High School,Low,6,9.4
S5012,Maria,Khan,student4012@university.com,Female,23,Physics,80.44,83.95,68.21,46.66,95.73,35.92,69.61,66.68,C,Yes,No,Master's,Medium,10,8.9
S5013,Noah,Wilson,student4013@university.com,Male,25,Physics,83.61,68.62,38.36,33.24,74.31,48.97,48.04,51.92,D,No,Yes,Bachelor's,Medium,10,6.5
S5014,Emma,Lee,student4014@university.com,Female,23,Engineering,87.44,46.59,93.32,70.07,35.56,97.68,43.3,64.42,D,No,Yes,High School,High,0,1.9
S5015,Ayesha,Clark,student4015@university.com,Male,19,Computer Science,66.22,83.42,94.74,56.2,31.05,60.67,52.25,63.06,D,Yes,Yes,Master's,Low,8,12.7
S5016,Sara,Jones,student4016@university.com,Male,25,Engineering,94.81,70.37,38.83,72.96,90.29,66.71,88.76,71.32,C,No,No,High School,Medium,8,3.5
S5017,Noah,Khan,student4017@university.com,Male,23,Computer Science,71.74,71.97,51.59,32.64,99.21,71.13,68.84,65.9,C,Yes,Yes,Bachelor's,Medium,6,8.7
S5018,Noah,Khan,student4018@university.com,Female,21,Business,94.58,67.6,75.39,86.02,30.22,74.08,66.68,66.67,C,Yes,Yes,Bachelor's,Medium,9,11.4
S5019,Maria,Williams,student4019@university.com,Male,21,Mathematics,93.2,30.82,47.89,41.35,36.22,95.37,68.74,53.4,D,Yes,Yes,Bachelor's,Low,1,9.8
S5020,Emma,Khan,student4020@university.com,Female,20,Mathematics,71.09,67.69,44.07,50.85,81.77,78.99,59.46,63.8,D,Yes,Yes,Bachelor's,High,8,19.6
S5021,Omar,Smith,student4021@university.com,Male,21,Business,93.78,94.22,80.34,36.26,85.94,62.41,58.58,69.62,C,Yes,No,Master's,Low,3,7.1
S5022,Maria,Lee,student4022@university.com,Male,24,Business,97.8,57.93,50.36,31.67,42.59,38.32,81.03,50.32,D,Yes,Yes,Bachelor's,High,4,10.6
S5023,Sara,Williams,student4023@university.com,Male,20,Business,91.2,78.44,69.76,97.22,40.2,38.49,80.01,67.35,C,No,Yes,High School,Medium,6,6.9
S5024,Ayesha,Clark,student4024@university.com,Female,25,Mathematics,94.14,70.93,96.86,63.19,37.07,85.11,65.77,69.82,C,No,Yes,Master's,High,6,11.3
S5025,Ahmed,Taylor,student4025@university.com,Male,23,Engineering,85.09,93.78,56.59,49.15,86.96,97.57,35.53,69.93,C,No,Yes,Bachelor's,Low,9,12.1
S5026,Liam,Ahmed,student4026@university.com,Female,18,Engineering,86.35,81.89,50.8,54.62,42.0,82.11,43.47,59.15,D,No,Yes,Bachelor's,High,5,18.3
S5027,Ayesha,Lee,student4027@university.com,Male,20,Computer Science,70.46,54.32,70.56,71.63,67.15,38.49,51.19,58.89,D,No,No,Master's,High,7,19.1
S5028,Sara,Jones,student4028@university.com,Male,23,Computer Science,85.92,86.49,33.32,93.33,39.83,95.25,31.84,63.34,D,No,No,Bachelor's,High,4,8.7
S5029,Sara,Clark,student4029@university.com,Female,21,Engineering,81.54,54.22,73.75,55.84,97.81,87.95,94.32,77.31,B,No,No,Bachelor's,Low,10,3.3
S5030,John,Khan,student4030@university.com,Female,18,Engineering,89.31,95.57,98.42,87.24,98.22,38.01,36.2,75.61,B,No,Yes,High School,Low,10,18.2
S5031,Sara,Lee,student4031@university.com,Female,23,Physics,77.52,98.57,84.32,66.33,50.25,39.8,37.69,62.83,D,Yes,No,Master's,Medium,1,15.5
S5032,Liam,Taylor,student4032@university.com,Male,23,Computer Science,97.79,48.08,98.61,69.04,78.3,67.54,76.23,72.97,C,No,No,Master's,High,3,13.0
S5033,Ayesha,Williams,student4033@university.com,Female,19,Computer Science,76.3,88.58,66.97,31.43,52.03,56.71,93.37,64.85,D,No,No,Master's,Medium,0,4.1
S5034,Ayesha,Brown,student4034@university.com,Female,19,Physics,96.83,77.03,57.8,45.17,99.12,31.8,76.23,64.53,D,Yes,Yes,High School,Medium,2,4.8
S5035,Ayesha,Lee,student4035@university.com,Male,18,Business,81.4,93.86,87.89,74.66,47.03,52.72,34.72,65.15,C,No,Yes,Bachelor's,Low,3,10.9
S5036,John,Williams,student4036@university.com,Female,24,Engineering,61.15,40.22,87.32,61.98,79.65,61.66,65.43,66.04,C,Yes,No,High School,Low,4,14.7
S5037,Omar,Jones,student4037@university.com,Male,24,Business,60.71,59.49,92.11,80.82,40.57,89.31,41.9,67.37,C,Yes,No,Bachelor's,High,1,5.3
S5038,John,Lee,student4038@university.com,Male,20,Physics,94.51,93.48,36.9,49.34,68.64,44.14,89.16,63.61,D,Yes,No,High School,Medium,3,2.2
S5039,Ahmed,Williams,student4039@university.com,Female,23,Mathematics,87.02,87.98,67.76,85.19,58.65,55.52,58.97,69.01,C,No,No,Master's,High,10,6.4
S5040,Omar,Jones,student4040@university.com,Female,18,Computer Science,83.01,77.29,81.93,57.46,59.21,99.96,37.32,68.86,C,No,No,Bachelor's,High,1,7.7
S5041,Ayesha,Clark,student4041@university.com,Male,24,Engineering,82.14,77.26,43.89,31.03,72.84,44.92,36.59,51.09,D,No,Yes,High School,Medium,3,12.5
S5042,Ayesha,Jones,student4042@university.com,Female,20,Business,86.94,76.19,30.5,44.03,88.45,83.96,37.95,60.18,D,Yes,No,Bachelor's,Low,8,19.7
S5043,Ahmed,Lee,student4043@university.com,Female,23,Mathematics,71.49,49.0,67.56,42.85,60.01,32.05,96.59,58.01,D,No,No,Bachelor's,Low,4,10.8
S5044,Ahmed,Khan,student4044@university.com,Female,20,Business,98.43,78.16,39.88,37.86,55.62,80.27,93.36,64.19,D,Yes,No,Master's,High,0,10.1
S5045,Ayesha,Lee,student4045@university.com,Female,22,Engineering,63.18,93.19,90.76,55.46,35.78,36.33,94.1,67.6,C,No,Yes,High School,Medium,7,2.2
S5046,Sara,Wilson,student4046@university.com,Female,18,Business,96.16,77.64,34.85,55.58,51.87,62.72,55.81,56.41,D,No,No,Bachelor's,High,10,7.9
S5047,Omar,Clark,student4047@university.com,Male,18,Computer Science,79.1,32.98,38.35,30.93,64.04,46.19,30.29,40.46,F,No,Yes,Bachelor's,Medium,5,13.0
S5048,Ayesha,Lee,student4048@university.com,Female,20,Physics,92.66,71.35,88.4,50.56,34.41,55.17,52.6,58.75,D,No,Yes,Master's,Low,9,17.1
S5049,Emma,Clark,student4049@university.com,Female,22,Engineering,85.17,76.68,64.43,72.28,52.76,31.24,51.15,58.09,D,Yes,Yes,High School,Low,9,8.6
S5050,Sara,Williams,student4050@university.com,Male,19,Engineering,89.71,47.55,43.99,73.16,60.04,37.19,60.79,53.79,D,Yes,No,Bachelor's,Medium,6,14.0
S5051,Liam,Ahmed,student4051@university.com,Male,21,Business,69.25,65.37,63.18,30.71,75.1,77.19,87.13,66.45,C,No,No,Master's,High,9,11.7
S5052,Ahmed,Khan,student4052@university.com,Female,24,Mathematics,62.99,72.52,96.24,77.11,88.8,92.35,83.98,85.17,A,Yes,No,High School,High,3,13.5
S5053,Omar,Lee,student4053@university.com,Female,25,Business,92.8,36.54,72.38,47.8,41.68,79.6,44.7,53.78,D,No,Yes,Master's,High,5,19.8
S5054,Ahmed,Williams,student4054@university.com,Female,24,Engineering,68.91,39.12,35.7,64.61,53.42,85.71,82.12,60.11,D,No,Yes,Bachelor's,Low,2,1.5
S5055,Ali,Clark,student4055@university.com,Male,19,Engineering,65.44,89.88,42.52,98.53,73.87,87.02,41.9,72.29,C,Yes,Yes,High School,Medium,0,17.4
S5056,Liam,Khan,student4056@university.com,Female,18,Computer Science,65.4,91.0,89.36,92.97,87.85,37.67,71.24,78.35,B,Yes,Yes,Master's,Low,10,7.5
S5057,Emma,Ahmed,student4057@university.com,Female,19,Mathematics,84.91,46.95,78.05,32.93,63.87,38.74,78.66,56.53,D,No,Yes,High School,Low,10,17.4
S5058,Liam,Jones,student4058@university.com,Female,19,Mathematics,80.23,39.95,79.28,98.19,65.82,87.43,38.87,68.26,C,No,Yes,Master's,Low,3,7.1
S5059,Noah,Brown,student4059@university.com,Female,22,Mathematics,94.25,40.32,72.46,67.38,53.29,60.56,96.36,65.06,C,Yes,No,High School,High,9,1.7
S5060,Liam,Clark,student4060@university.com,Male,21,Computer Science,89.98,48.72,65.69,92.42,51.5,99.26,95.62,75.53,B,Yes,No,High School,Low,0,6.6
S5061,Ayesha,Smith,student4061@university.com,Female,21,Computer Science,89.82,31.52,42.85,83.22,77.94,35.69,46.7,52.99,D,Yes,Yes,High School,Medium,9,5.6
S5062,Emma,Smith,student4062@university.com,Male,25,Business,82.71,89.09,75.54,45.69,75.83,51.17,42.93,63.38,D,No,Yes,Master's,Medium,1,10.9
S5063,Emma,Khan,student4063@university.com,Male,20,Physics,88.0,96.87,85.32,37.45,61.74,32.29,32.29,57.66,D,No,No,Bachelor's,High,5,15.3
S5064,John,Wilson,student4064@university.com,Male,20,Physics,69.13,98.84,49.93,53.69,34.89,70.3,44.9,58.76,D,Yes,Yes,Master's,High,10,19.5
S5065,Maria,Ahmed,student4065@university.com,Male,23,Mathematics,63.76,34.55,38.96,47.73,96.99,42.77,97.68,59.78,D,Yes,Yes,Master's,High,6,4.4
S5066,Sara,Williams,student4066@university.com,Female,20,Engineering,70.8,83.55,71.51,83.99,63.49,43.72,75.2,70.24,C,No,Yes,High School,Medium,1,4.6
S5067,Sara,Wilson,student4067@university.com,Female,22,Computer Science,96.2,77.54,85.26,80.49,91.23,68.49,57.05,76.68,B,No,No,Master's,Low,5,5.6
S5068,Omar,Wilson,student4068@university.com,Male,21,Mathematics,76.21,40.27,31.12,60.84,40.0,30.91,81.78,47.49,F,No,No,Master's,Low,10,19.9
S5069,John,Ahmed,student4069@university.com,Female,20,Engineering,60.05,40.04,51.46,92.91,38.3,50.65,86.23,59.93,D,No,Yes,High School,Medium,6,8.2
S5070,John,Khan,student4070@university.com,Male,19,Physics,65.54,66.53,97.4,92.73,67.83,62.12,99.89,81.08,B,Yes,Yes,Master's,Low,5,7.7
S5071,Ahmed,Ahmed,student4071@university.com,Female,21,Mathematics,78.39,90.75,48.47,34.04,79.15,61.93,72.09,64.4,D,No,Yes,Master's,Medium,0,9.0
S5072,Ali,Smith,student4072@university.com,Female,23,Engineering,63.53,79.99,38.16,68.94,38.89,30.94,53.85,51.79,D,Yes,Yes,High School,High,4,4.9
S5073,Ali,Khan,student4073@university.com,Female,18,Computer Science,65.41,32.69,88.07,33.2,96.95,54.92,74.49,63.39,D,Yes,No,Bachelor's,High,9,6.8
S5074,Ayesha,Ahmed,student4074@university.com,Male,25,Mathematics,94.38,72.07,49.21,90.2,97.31,42.98,66.92,69.78,C,No,No,Bachelor's,Medium,6,17.1
S5075,Noah,Brown,student4075@university.com,Female,19,Mathematics,82.52,67.21,83.94,76.71,83.32,36.29,93.84,73.55,C,Yes,No,High School,Medium,3,16.5
S5076,Noah,Clark,student4076@university.com,Male,21,Mathematics,74.48,43.84,77.53,84.94,66.11,60.1,99.27,71.97,C,No,No,Bachelor's,Medium,2,19.1
S5077,Liam,Khan,student4077@university.com,Male,22,Engineering,76.62,82.95,92.3,87.13,43.49,85.56,43.39,72.47,C,Yes,Yes,Bachelor's,Low,6,14.2
S5078,Liam,Smith,student4078@university.com,Female,23,Physics,83.05,52.78,70.28,56.45,69.04,43.56,90.27,63.73,D,Yes,Yes,Master's,Low,8,19.8
S5079,Liam,Khan,student4079@university.com,Female,20,Mathematics,90.34,38.44,74.26,91.17,97.41,65.27,53.44,70.0,C,Yes,No,Master's,Medium,0,17.1
S5080,Noah,Smith,student4080@university.com,Male,21,Mathematics,91.24,35.33,46.47,33.71,66.88,66.11,69.9,53.07,D,No,Yes,Bachelor's,Low,10,6.8
S5081,Emma,Wilson,student4081@university.com,Female,23,Physics,94.16,76.25,40.71,89.56,42.0,66.79,47.31,60.44,D,No,Yes,Master's,High,0,9.7
S5082,Omar,Lee,student4082@university.com,Female,25,Computer Science,63.24,71.81,50.02,55.09,39.39,84.2,87.74,64.71,D,Yes,No,High School,High,2,5.8
S5083,Maria,Khan,student4083@university.com,Male,24,Business,63.88,69.7,39.26,59.41,53.09,70.72,73.77,60.99,D,Yes,No,Master's,High,8,1.5
S5084,Noah,Lee,student4084@university.com,Female,19,Business,91.56,49.88,30.64,83.46,63.91,71.61,64.51,60.67,D,Yes,No,Master's,High,7,3.3
S5085,Emma,Clark,student4085@university.com,Male,22,Computer Science,65.57,97.38,90.21,94.2,56.69,33.0,55.04,71.09,C,Yes,No,Bachelor's,Low,8,2.5
S5086,Ayesha,Ahmed,student4086@university.com,Female,21,Computer Science,63.38,39.98,61.83,41.01,39.27,74.94,70.96,54.66,D,No,Yes,Master's,Low,9,12.7
S5087,Sara,Ahmed,student4087@university.com,Male,20,Physics,72.25,94.16,83.44,97.0,38.68,36.64,47.13,66.17,C,No,No,Master's,High,7,10.2
S5088,Sara,Wilson,student4088@university.com,Female,25,Physics,79.29,96.15,53.48,41.26,31.03,76.42,74.99,62.22,D,No,No,Bachelor's,High,0,17.5
S5089,Ali,Wilson,student4089@university.com,Male,21,Physics,73.24,62.23,33.05,43.18,64.97,42.51,34.69,46.77,F,Yes,No,High School,Medium,10,7.7
S5090,Liam,Khan,student4090@university.com,Female,21,Computer Science,87.43,42.72,40.46,78.19,44.88,45.66,88.32,56.71,D,No,Yes,Master's,High,10,16.1
S5091,Maria,Lee,student4091@university.com,Male,24,Computer Science,89.98,80.57,82.23,76.52,90.15,73.82,60.0,77.22,B,No,No,Bachelor's,Medium,9,4.6
S5092,John,Wilson,student4092@university.com,Male,21,Computer Science,99.58,88.24,96.59,36.69,72.42,88.61,52.55,72.52,C,No,Yes,Master's,Medium,7,16.5
S5093,Sara,Jones,student4093@university.com,Male,18,Engineering,71.48,63.17,52.87,70.91,95.44,93.02,38.84,69.04,C,No,No,High School,Low,7,15.2
S5094,Ahmed,Lee,student4094@university.com,Male,18,Computer Science,89.28,56.32,31.06,68.55,92.2,62.21,38.57,58.15,D,Yes,Yes,High School,High,9,13.8
S5095,Ahmed,Ahmed,student4095@university.com,Male,20,Engineering,63.22,88.38,63.15,56.51,93.79,45.04,94.46,73.55,C,No,Yes,High School,High,0,14.4
S5096,Liam,Clark,student4096@university.com,Male,21,Physics,71.94,84.6,95.08,85.04,33.44,48.54,73.64,70.06,C,No,No,High School,High,3,14.8
S5097,Ahmed,Khan,student4097@university.com,Female,19,Business,95.89,81.13,84.27,37.23,32.7,98.51,43.92,62.96,D,Yes,No,Master's,Low,9,8.5
S5098,Omar,Taylor,student4098@university.com,Male,22,Physics,66.7,92.13,80.7,30.78,42.76,51.95,94.03,65.39,C,Yes,Yes,Bachelor's,Medium,0,5.5
S5099,Sara,Brown,student4099@university.com,Female,24,Computer Science,79.82,44.06,48.87,51.63,66.66,57.98,76.81,57.67,D,Yes,Yes,Master's,Low,9,13.8
S5100,John,Clark,student4100@university.com,Female,19,Physics,90.64,74.42,51.64,77.61,73.02,97.67,43.73,69.68,C,No,Yes,Master's,High,8,7.3
S5101,Maria,Jones,student4101@university.com,Male,20,Physics,71.92,87.01,41.56,65.34,54.81,97.13,78.23,70.68,C,No,No,Bachelor's,High,7,9.8
S5102,Ahmed,Taylor,student4102@university.com,Female,23,Computer Science,95.4,78.06,59.98,66.09,78.15,88.04,60.69,71.83,C,Yes,No,Master's,High,7,15.0
S5103,Ali,Williams,student4103@university.com,Male,24,Business,76.77,41.95,76.13,46.62,97.01,42.55,70.98,62.54,D,No,No,Bachelor's,Medium,0,5.5
S5104,Liam,Clark,student4104@university.com,Female,20,Business,94.47,66.51,95.14,72.24,36.91,40.72,68.05,63.26,D,Yes,Yes,High School,High,0,11.7
S5105,Omar,Wilson,student4105@university.com,Male,19,Physics,99.73,63.57,85.87,61.23,46.74,35.41,45.55,56.39,D,Yes,Yes,High School,Low,3,11.8
S5106,Emma,Ahmed,student4106@university.com,Male,25,Computer Science,73.85,56.67,85.21,71.17,65.71,93.24,60.18,72.03,C,Yes,Yes,Master's,Low,5,19.5
S5107,Maria,Wilson,student4107@university.com,Female,24,Engineering,71.59,93.16,87.45,76.54,69.51,67.35,96.8,81.8,B,Yes,No,High School,High,3,9.2
S5108,Ayesha,Wilson,student4108@university.com,Male,25,Engineering,74.36,73.12,71.93,77.53,41.97,44.18,42.35,58.51,D,No,Yes,Bachelor's,High,9,18.8
S5109,Ali,Smith,student4109@university.com,Female,25,Mathematics,85.37,35.82,70.53,45.41,68.92,52.47,83.99,59.52,D,No,No,Master's,High,3,12.6
S5110,Omar,Brown,student4110@university.com,Female,20,Engineering,92.38,56.29,90.05,76.67,87.83,42.24,56.28,68.23,C,No,Yes,High School,Medium,0,10.7
S5111,John,Brown,student4111@university.com,Male,25,Computer Science,96.52,32.6,61.96,65.54,46.39,94.0,41.62,57.02,D,No,No,Bachelor's,Low,8,11.9
S5112,Sara,Brown,student4112@university.com,Female,20,Physics,83.4,46.52,45.64,50.2,93.74,50.49,54.5,56.85,D,Yes,Yes,Master's,Medium,1,17.7
S5113,Ahmed,Wilson,student4113@university.com,Female,18,Physics,74.69,91.22,77.27,38.39,75.21,95.25,69.62,74.49,C,No,Yes,Bachelor's,High,3,6.0
S5114,John,Williams,student4114@university.com,Female,25,Mathematics,86.11,36.15,78.82,84.96,59.55,32.93,64.6,59.5,D,Yes,No,Master's,Low,2,6.6
S5115,John,Clark,student4115@university.com,Female,19,Engineering,93.84,86.62,36.58,50.6,53.74,88.3,98.33,69.03,C,Yes,No,Bachelor's,Low,5,2.2
S5116,Omar,Khan,student4116@university.com,Male,20,Mathematics,93.02,70.62,55.1,73.39,88.72,60.6,89.16,72.93,C,No,Yes,Master's,Medium,0,6.1
S5117,Ahmed,Ahmed,student4117@university.com,Male,22,Mathematics,78.05,38.45,35.65,55.74,67.04,30.03,53.47,46.73,F,No,Yes,Bachelor's,Low,9,9.7
S5118,Liam,Smith,student4118@university.com,Female,19,Mathematics,90.16,48.13,40.43,33.94,83.06,50.05,41.99,49.6,F,No,No,Master's,High,8,18.4
S5119,John,Clark,student4119@university.com,Female,23,Mathematics,65.95,64.24,97.82,42.48,79.45,67.71,61.99,68.95,C,Yes,Yes,High School,High,8,18.8
S5120,Ali,Taylor,student4120@university.com,Male,22,Computer Science,64.91,46.36,65.05,62.54,94.0,47.14,57.98,62.18,D,Yes,Yes,Master's,High,1,14.1
S5121,Maria,Wilson,student4121@university.com,Male,21,Physics,71.28,62.63,37.14,56.47,51.07,61.71,52.92,53.66,D,No,No,Bachelor's,Low,6,14.9
S5122,Liam,Smith,student4122@university.com,Female,18,Computer Science,86.07,78.57,79.86,91.21,54.58,71.56,95.25,78.5,B,No,No,High School,Medium,4,16.7
S5123,Ayesha,Taylor,student4123@university.com,Female,24,Mathematics,64.95,69.85,72.02,38.91,43.84,43.48,36.57,50.78,D,No,Yes,Master's,Medium,9,4.7
S5124,Noah,Taylor,student4124@university.com,Female,22,Engineering,70.78,67.02,58.31,51.45,87.75,42.42,46.16,58.85,D,Yes,No,Master's,High,3,15.5
S5125,Liam,Jones,student4125@university.com,Female,24,Mathematics,81.65,30.58,80.43,48.4,47.77,70.38,57.0,55.76,D,No,Yes,Bachelor's,Low,5,15.2
S5126,Maria,Wilson,student4126@university.com,Male,19,Mathematics,69.11,87.84,44.28,40.17,85.94,96.9,64.76,69.98,C,Yes,Yes,High School,Low,2,15.4
S5127,Sara,Ahmed,student4127@university.com,Female,25,Mathematics,75.23,46.78,43.74,67.93,95.45,44.7,33.06,55.28,D,Yes,Yes,Master's,Medium,2,15.8
S5128,Ali,Taylor,student4128@university.com,Male,21,Business,89.06,59.29,64.61,30.79,92.76,62.71,68.56,63.12,D,Yes,Yes,Master's,Low,6,8.1
S5129,Noah,Williams,student4129@university.com,Female,25,Business,93.74,58.2,45.77,54.71,99.49,87.57,86.57,72.05,C,No,Yes,Bachelor's,High,7,16.4
S5130,Omar,Wilson,student4130@university.com,Male,24,Mathematics,78.69,50.34,97.98,72.64,42.77,65.39,58.82,64.66,D,No,Yes,Bachelor's,Medium,7,15.7
S5131,Ahmed,Khan,student4131@university.com,Male,24,Engineering,86.49,56.39,38.45,70.47,86.34,55.18,32.09,56.49,D,Yes,No,High School,Low,7,14.2
S5132,Noah,Wilson,student4132@university.com,Female,24,Mathematics,76.72,69.19,30.92,45.4,31.56,98.53,86.42,60.34,D,Yes,Yes,High School,Low,4,2.0
S5133,Ahmed,Wilson,student4133@university.com,Male,24,Physics,66.84,80.87,96.71,92.9,30.39,38.12,89.56,71.42,C,Yes,No,Bachelor's,Medium,4,13.4
S5134,John,Ahmed,student4134@university.com,Female,21,Computer Science,91.36,70.04,30.49,67.93,98.64,59.5,58.84,64.24,D,Yes,No,High School,Medium,1,2.2
S5135,Emma,Khan,student4135@university.com,Female,20,Mathematics,81.09,79.14,72.86,98.98,74.37,46.14,50.48,70.33,C,Yes,Yes,High School,Low,4,12.6
S5136,Liam,Ahmed,student4136@university.com,Female,21,Physics,71.25,90.44,97.92,68.44,56.66,33.61,67.31,69.06,C,No,No,High School,Medium,1,3.3
S5137,Maria,Taylor,student4137@university.com,Male,23,Computer Science,93.27,72.05,77.93,34.65,61.19,81.58,99.3,71.12,C,No,Yes,High School,Medium,8,14.5
S5138,John,Lee,student4138@university.com,Female,19,Business,88.69,69.27,34.86,76.49,93.83,96.83,39.35,68.44,C,Yes,No,Bachelor's,Medium,5,4.0
S5139,Maria,Wilson,student4139@university.com,Male,23,Computer Science,64.09,48.64,69.43,93.9,81.88,84.45,62.82,73.52,C,No,Yes,High School,High,10,11.0
S5140,Omar,Clark,student4140@university.com,Female,19,Physics,65.86,69.77,78.14,81.76,97.17,81.91,48.95,76.28,B,Yes,Yes,Bachelor's,High,10,19.4
S5141,Liam,Lee,student4141@university.com,Male,22,Mathematics,68.0,68.63,48.89,76.41,50.59,64.88,85.8,65.87,C,Yes,Yes,High School,Low,2,8.4
S5142,John,Brown,student4142@university.com,Female,21,Computer Science,87.26,44.53,66.23,68.57,71.53,45.91,41.82,56.43,D,Yes,No,High School,High,7,16.7
S5143,Sara,Williams,student4143@university.com,Male,25,Mathematics,83.79,85.46,84.88,97.59,96.36,66.21,57.43,81.32,B,No,Yes,High School,Medium,3,8.0
S5144,Ayesha,Lee,student4144@university.com,Female,22,Computer Science,60.53,68.77,51.75,36.87,86.78,90.76,99.74,72.45,C,Yes,No,Master's,Low,0,19.7
S5145,Liam,Brown,student4145@university.com,Male,19,Business,88.8,55.76,73.83,69.55,90.27,89.22,52.02,71.77,C,No,No,High School,High,5,6.2
S5146,Omar,Taylor,student4146@university.com,Female,23,Mathematics,84.95,73.88,94.69,31.84,67.24,70.48,77.25,69.23,C,Yes,Yes,Bachelor's,Low,8,19.0
S5147,Noah,Taylor,student4147@university.com,Male,24,Computer Science,64.53,56.97,88.29,35.77,78.07,34.16,52.25,57.59,D,Yes,Yes,Bachelor's,Low,6,17.6
S5148,Ayesha,Ahmed,student4148@university.com,Female,25,Engineering,85.44,80.4,66.21,45.41,61.8,97.79,52.41,67.34,C,No,No,Bachelor's,Medium,1,1.1
S5149,Ali,Williams,student4149@university.com,Female,25,Business,64.72,57.65,77.93,68.04,61.13,42.35,74.65,63.62,D,No,No,Bachelor's,Medium,8,13.9
S5150,Liam,Taylor,student4150@university.com,Male,25,Computer Science,90.35,59.69,30.76,90.94,66.5,48.03,66.45,60.39,D,No,No,Master's,High,2,2.3
S5151,Noah,Wilson,student4151@university.com,Male,20,Engineering,61.69,37.79,92.78,44.67,40.78,72.27,36.71,54.17,D,No,No,Bachelor's,Medium,5,14.9
S5152,Noah,Brown,student4152@university.com,Female,19,Computer Science,64.86,68.02,33.36,61.56,49.66,30.29,38.62,46.92,F,Yes,Yes,Master's,Medium,1,1.3
S5153,Sara,Smith,student4153@university.com,Male,25,Mathematics,70.45,30.59,48.2,89.0,30.33,51.68,98.24,58.01,D,No,No,Bachelor's,Low,8,14.7
S5154,Ahmed,Clark,student4154@university.com,Male,19,Physics,90.11,48.61,84.15,85.49,65.97,34.28,63.8,63.72,D,No,No,Bachelor's,Medium,6,10.0
S5155,Ahmed,Taylor,student4155@university.com,Female,19,Engineering,75.98,51.71,41.66,52.13,97.7,81.29,30.57,59.18,D,Yes,No,High School,Low,10,17.7
S5156,Emma,Wilson,student4156@university.com,Female,23,Mathematics,98.38,42.84,59.84,42.4,79.95,91.55,35.28,58.64,D,Yes,No,Master's,Medium,5,9.1
S5157,Emma,Clark,student4157@university.com,Male,22,Computer Science,95.74,34.67,51.94,74.1,78.34,82.98,74.61,66.11,C,Yes,Yes,Bachelor's,Low,3,2.3
S5158,Sara,Khan,student4158@university.com,Female,20,Engineering,80.65,74.37,64.33,85.83,71.53,55.78,93.21,74.17,C,Yes,Yes,Bachelor's,Medium,9,8.2
S5159,Sara,Wilson,student4159@university.com,Male,20,Computer Science,99.68,97.19,61.95,75.09,62.45,98.93,38.61,72.37,C,Yes,No,High School,Low,10,6.2
S5160,Omar,Taylor,student4160@university.com,Male,21,Computer Science,94.04,95.06,35.99,84.42,48.23,98.61,71.72,72.34,C,Yes,Yes,Bachelor's,High,5,7.2
S5161,Emma,Wilson,student4161@university.com,Female,23,Physics,60.26,91.04,91.28,49.05,34.94,46.52,47.44,60.04,D,No,No,High School,Medium,8,15.7
S5162,Ali,Taylor,student4162@university.com,Female,21,Mathematics,68.78,70.32,59.2,99.79,99.33,81.82,50.29,76.79,B,Yes,No,Bachelor's,Medium,10,15.3
S5163,Ali,Ahmed,student4163@university.com,Female,18,Computer Science,74.19,36.44,32.22,44.52,57.08,50.57,34.16,42.5,F,Yes,Yes,High School,High,1,12.1
S5164,Emma,Ahmed,student4164@university.com,Male,20,Mathematics,73.68,76.52,66.04,90.35,61.26,48.41,51.85,65.74,C,Yes,Yes,Bachelor's,High,4,10.8
S5165,Ahmed,Brown,student4165@university.com,Male,18,Business,65.45,54.48,84.87,65.17,91.65,88.92,85.24,78.39,B,Yes,Yes,High School,Low,7,7.8
S5166,Ahmed,Taylor,student4166@university.com,Female,20,Engineering,99.42,62.93,77.71,53.45,88.59,54.63,33.85,61.86,D,No,No,Master's,Medium,0,19.3
S5167,Noah,Jones,student4167@university.com,Male,22,Computer Science,63.86,76.19,69.5,54.05,96.6,58.38,71.0,70.95,C,No,No,High School,Medium,0,12.2
S5168,Emma,Smith,student4168@university.com,Female,23,Mathematics,98.73,66.33,69.29,64.79,83.47,59.38,72.06,69.22,C,Yes,No,Master's,Medium,6,13.2
S5169,Ali,Williams,student4169@university.com,Male,18,Engineering,78.21,77.33,78.43,90.31,98.06,32.13,50.1,71.06,C,No,Yes,Master's,Low,5,3.5
S5170,Ahmed,Williams,student4170@university.com,Male,25,Computer Science,77.09,83.55,55.99,47.17,81.68,87.55,32.94,64.81,D,No,Yes,Master's,Medium,9,3.9
S5171,Omar,Brown,student4171@university.com,Female,18,Mathematics,75.93,70.22,40.22,97.22,32.77,70.31,48.06,59.8,D,Yes,Yes,Master's,High,4,16.7
S5172,Maria,Williams,student4172@university.com,Female,22,Engineering,90.47,52.49,32.72,43.12,52.75,60.44,68.12,51.61,D,No,Yes,Bachelor's,Medium,9,17.2
S5173,Sara,Brown,student4173@university.com,Male,24,Physics,90.64,78.74,32.75,56.09,93.38,78.42,62.52,66.98,C,No,Yes,High School,Medium,9,15.0
S5174,Liam,Williams,student4174@university.com,Male,19,Physics,62.54,41.33,49.43,64.52,59.92,93.95,68.87,63.0,D,No,No,Master's,Low,3,14.2
S5175,Maria,Smith,student4175@university.com,Female,23,Physics,78.55,84.24,96.11,65.63,87.86,32.73,43.37,68.32,C,Yes,Yes,High School,Low,10,7.1
S5176,Ayesha,Smith,student4176@university.com,Female,21,Engineering,75.17,85.42,62.07,67.25,57.57,51.98,94.88,69.86,C,No,No,High School,Medium,8,6.5
S5177,Liam,Jones,student4177@university.com,Male,23,Physics,70.33,34.71,44.75,37.67,69.49,53.97,91.98,55.43,D,Yes,Yes,High School,High,3,12.7
S5178,Ali,Jones,student4178@university.com,Female,21,Physics,70.23,32.24,65.54,85.57,48.7,65.23,30.1,54.56,D,No,Yes,Bachelor's,Medium,6,13.8
S5179,Ayesha,Smith,student4179@university.com,Male,23,Business,93.56,92.96,56.73,46.73,57.79,67.8,54.28,62.71,D,Yes,No,High School,Medium,7,5.8
S5180,Omar,Ahmed,student4180@university.com,Male,18,Mathematics,75.43,30.27,87.78,93.8,60.83,64.68,86.87,70.7,C,Yes,No,Bachelor's,Medium,7,2.3
S5181,John,Smith,student4181@university.com,Female,23,Physics,84.9,35.41,40.25,88.0,47.81,79.53,98.22,64.87,D,Yes,Yes,Bachelor's,Medium,9,17.9
S5182,Sara,Taylor,student4182@university.com,Female,23,Business,61.04,73.79,33.12,99.14,53.02,67.97,54.0,63.51,D,No,No,Master's,Medium,5,5.0
S5183,Liam,Clark,student4183@university.com,Male,18,Computer Science,69.15,83.6,62.91,56.19,95.15,34.19,39.9,61.99,D,Yes,No,High School,High,7,17.5
S5184,John,Khan,student4184@university.com,Female,21,Mathematics,85.57,72.81,45.69,82.87,61.42,38.74,37.92,56.58,D,Yes,Yes,High School,High,2,14.5
S5185,Noah,Khan,student4185@university.com,Male,24,Engineering,77.82,84.83,43.93,58.57,53.1,49.06,73.59,60.51,D,Yes,No,Bachelor's,High,1,8.8
S5186,Emma,Lee,student4186@university.com,Male,20,Computer Science,72.03,65.01,53.72,56.44,75.91,81.37,46.79,63.21,D,No,Yes,Bachelor's,Low,5,12.5
S5187,Emma,Taylor,student4187@university.com,Female,21,Mathematics,83.07,72.56,66.6,82.42,93.49,57.22,86.2,76.41,B,No,No,Bachelor's,High,8,13.2
S5188,Emma,Taylor,student4188@university.com,Male,24,Mathematics,99.08,49.5,62.52,57.17,89.49,91.5,32.6,63.8,D,Yes,Yes,High School,Low,9,4.6
S5189,Ali,Lee,student4189@university.com,Female,20,Engineering,82.61,87.7,79.53,32.55,97.57,57.76,92.26,74.56,C,No,No,High School,High,8,19.6
S5190,John,Clark,student4190@university.com,Male,19,Physics,88.99,34.1,75.47,42.19,86.08,61.31,33.06,55.37,D,Yes,Yes,High School,Medium,8,5.8
S5191,Liam,Brown,student4191@university.com,Male,19,Computer Science,92.77,89.13,45.5,37.75,96.19,92.09,59.79,70.08,C,No,Yes,High School,Medium,4,2.3
S5192,Omar,Wilson,student4192@university.com,Female,22,Business,96.73,91.52,76.67,35.38,54.23,69.23,66.06,65.52,C,Yes,No,Master's,High,6,6.4
S5193,Ahmed,Jones,student4193@university.com,Female,21,Physics,65.79,76.56,86.46,33.49,76.42,50.85,67.41,65.2,C,No,No,Master's,High,5,6.8
S5194,Ayesha,Brown,student4194@university.com,Male,19,Computer Science,89.16,65.32,60.43,96.66,82.94,61.7,89.57,76.1,B,No,Yes,Master's,High,6,15.5
S5195,John,Lee,student4195@university.com,Male,24,Physics,78.2,60.17,32.81,48.73,71.97,43.43,31.92,48.17,F,No,No,High School,High,8,14.3
S5196,Liam,Williams,student4196@university.com,Female,22,Mathematics,93.2,57.7,53.11,67.25,42.41,60.38,42.49,53.89,D,No,No,High School,Low,0,2.4
S5197,Maria,Wilson,student4197@university.com,Female,20,Computer Science,72.04,36.57,77.31,37.95,37.56,58.64,68.44,52.74,D,Yes,No,Bachelor's,Medium,8,14.8
S5198,Emma,Khan,student4198@university.com,Male,20,Engineering,95.5,40.52,96.6,36.0,66.78,50.28,89.97,63.36,D,Yes,No,Bachelor's,High,10,9.5
S5199,Liam,Lee,student4199@university.com,Male,23,Engineering,69.34,50.04,48.87,88.47,94.14,68.76,63.32,68.93,C,Yes,No,Master's,High,4,16.4
S5200,Ahmed,Clark,student4200@university.com,Male,19,Business,74.31,32.64,84.5,72.89,32.33,66.3,46.68,55.89,D,Yes,No,High School,Medium,10,16.4
S5201,Liam,Ahmed,student4201@university.com,Female,25,Business,85.88,63.41,48.42,88.7,47.53,71.4,89.33,68.13,C,Yes,No,High School,Low,7,1.5
S5202,Liam,Williams,student4202@university.com,Male,25,Computer Science,98.91,67.28,32.43,83.8,89.61,54.49,63.76,65.23,C,No,Yes,High School,Low,5,11.8
S5203,John,Smith,student4203@university.com,Female,20,Business,75.98,93.46,90.29,85.73,97.62,84.17,49.47,83.46,B,Yes,No,Bachelor's,Low,7,3.4
S5204,Liam,Lee,student4204@university.com,Female,23,Physics,74.01,45.33,37.21,74.62,76.9,66.47,71.55,62.01,D,No,No,Bachelor's,Medium,5,12.4
S5205,Emma,Williams,student4205@university.com,Female,22,Mathematics,71.58,79.34,78.88,36.81,91.3,81.6,37.55,67.58,C,Yes,Yes,Bachelor's,Medium,3,15.0
S5206,Sara,Taylor,student4206@university.com,Female,22,Business,65.98,51.5,56.38,33.95,49.82,44.52,37.68,45.64,F,Yes,Yes,Master's,High,8,1.2
S5207,Liam,Khan,student4207@university.com,Female,21,Engineering,69.88,91.77,85.39,90.44,39.9,37.56,49.61,65.78,C,No,Yes,High School,High,9,2.5
S5208,Emma,Taylor,student4208@university.com,Male,20,Mathematics,74.75,59.11,67.31,34.49,49.02,53.16,87.35,58.41,D,Yes,No,Master's,Medium,7,2.9
S5209,Ali,Williams,student4209@university.com,Female,20,Business,66.36,98.5,57.04,50.13,76.07,65.92,68.02,69.28,C,No,Yes,Bachelor's,Medium,10,6.2
S5210,Sara,Ahmed,student4210@university.com,Female,21,Engineering,71.75,33.69,60.52,66.31,55.53,31.25,52.31,49.94,F,Yes,No,Bachelor's,High,10,15.4
S5211,Noah,Taylor,student4211@university.com,Female,21,Computer Science,61.95,79.0,52.86,61.53,98.8,50.23,91.11,72.26,C,No,Yes,High School,Medium,8,2.6
S5212,Liam,Jones,student4212@university.com,Male,25,Computer Science,78.87,79.13,58.24,31.91,81.23,88.68,55.21,65.73,C,No,Yes,Bachelor's,Medium,0,13.3
S5213,Ali,Jones,student4213@university.com,Male,18,Physics,81.98,80.19,91.83,33.41,44.22,73.76,57.87,63.55,D,No,No,High School,Medium,10,7.7
S5214,Ayesha,Wilson,student4214@university.com,Female,19,Physics,63.65,82.04,99.09,73.84,69.71,56.29,44.27,70.87,C,No,Yes,Master's,Low,6,9.2
S5215,Omar,Khan,student4215@university.com,Female,21,Engineering,99.96,45.89,53.28,89.2,37.19,59.59,67.21,58.73,D,Yes,No,Master's,High,1,14.3
S5216,Ahmed,Wilson,student4216@university.com,Female,19,Computer Science,90.7,63.22,78.77,89.5,93.12,68.1,45.31,73.0,C,Yes,Yes,Bachelor's,Medium,2,3.7
S5217,Noah,Williams,student4217@university.com,Male,21,Physics,81.22,85.29,74.61,45.21,37.65,58.81,30.45,55.34,D,No,No,Bachelor's,High,8,14.3
S5218,Noah,Ahmed,student4218@university.com,Male,19,Mathematics,98.51,65.27,46.17,45.57,98.48,77.93,77.27,68.45,C,Yes,No,High School,Low,2,13.4
S5219,Sara,Taylor,student4219@university.com,Female,22,Mathematics,90.47,57.83,76.73,92.82,47.42,94.46,89.63,76.48,B,No,No,High School,Low,9,8.6
S5220,Omar,Khan,student4220@university.com,Female,24,Physics,60.64,61.88,70.92,81.46,34.76,33.5,33.96,52.75,D,Yes,No,High School,Medium,6,9.6
S5221,Liam,Ahmed,student4221@university.com,Male,21,Engineering,94.91,40.95,50.02,71.99,75.61,97.37,90.8,71.12,C,Yes,No,Bachelor's,Low,0,14.5
S5222,Omar,Wilson,student4222@university.com,Female,23,Computer Science,89.53,65.48,67.77,53.66,45.43,46.15,39.23,52.95,D,No,Yes,Bachelor's,Low,7,1.0
S5223,John,Jones,student4223@university.com,Female,19,Mathematics,94.09,91.49,88.57,80.38,66.25,69.95,79.1,79.29,B,No,Yes,Bachelor's,Medium,0,8.2
S5224,Ahmed,Lee,student4224@university.com,Male,20,Engineering,96.53,75.46,50.79,84.23,78.98,52.76,54.34,66.09,C,No,No,Bachelor's,Low,7,2.2
S5225,Sara,Brown,student4225@university.com,Female,22,Computer Science,62.99,90.1,82.46,54.73,64.74,89.99,63.0,74.17,C,No,No,Master's,High,10,7.1
S5226,Liam,Khan,student4226@university.com,Female,21,Computer Science,90.85,85.55,88.46,61.26,84.18,78.18,63.22,76.81,B,No,No,Bachelor's,High,10,17.1
S5227,Liam,Lee,student4227@university.com,Female,19,Physics,81.01,97.76,67.19,82.37,98.89,41.83,87.64,79.28,B,No,Yes,High School,Medium,8,10.9
S5228,Ali,Lee,student4228@university.com,Female,18,Mathematics,89.59,87.78,81.57,92.98,96.88,79.89,97.33,89.4,A,No,No,High School,Medium,3,1.8
S5229,Omar,Williams,student4229@university.com,Male,24,Physics,70.59,76.59,89.97,65.6,64.77,65.12,92.4,75.74,B,No,No,Master's,High,1,6.2
S5230,Sara,Williams,student4230@university.com,Male,21,Engineering,83.58,41.9,34.23,41.85,73.63,45.68,96.6,55.65,D,No,No,Bachelor's,Medium,5,9.5
S5231,John,Williams,student4231@university.com,Female,18,Physics,63.16,88.06,81.16,76.45,70.94,62.84,61.11,73.43,C,No,Yes,Bachelor's,High,1,12.0
S5232,Sara,Khan,student4232@university.com,Female,23,Mathematics,91.77,48.8,52.74,70.88,57.82,31.02,46.55,51.3,D,No,Yes,Master's,Medium,2,4.5
S5233,Sara,Khan,student4233@university.com,Male,19,Mathematics,90.68,76.2,89.2,43.58,80.5,80.89,67.38,72.96,C,Yes,Yes,High School,High,6,16.8
S5234,Emma,Smith,student4234@university.com,Female,20,Business,82.56,92.44,36.31,78.0,61.32,56.74,60.3,64.19,D,Yes,No,High School,Low,3,18.9
S5235,Ahmed,Clark,student4235@university.com,Male,22,Physics,83.07,79.78,36.18,31.58,83.21,31.37,64.34,54.41,D,No,No,Bachelor's,Low,5,16.6
S5236,Ahmed,Lee,student4236@university.com,Female,24,Engineering,63.45,99.13,79.58,54.17,65.18,33.73,44.95,62.79,D,No,Yes,High School,Medium,6,7.4
S5237,Sara,Clark,student4237@university.com,Female,23,Engineering,62.66,68.28,89.09,91.99,49.63,39.73,78.9,69.6,C,No,No,Bachelor's,Low,10,15.5
S5238,Noah,Taylor,student4238@university.com,Female,19,Computer Science,75.59,38.34,78.05,51.0,91.54,42.11,62.38,60.57,D,Yes,No,Master's,High,10,9.8
S5239,Emma,Ahmed,student4239@university.com,Male,18,Business,66.89,47.34,83.67,44.37,83.72,33.2,64.54,59.47,D,No,No,Master's,Medium,2,15.3
S5240,Ayesha,Ahmed,student4240@university.com,Female,25,Engineering,96.56,51.78,42.38,68.7,88.07,52.92,45.31,58.19,D,No,Yes,Bachelor's,High,3,14.6
S5241,Emma,Ahmed,student4241@university.com,Male,20,Physics,68.48,34.24,46.88,68.2,35.8,49.28,67.77,50.36,D,Yes,No,Master's,Low,4,15.3
S5242,Ayesha,Brown,student4242@university.com,Female,24,Computer Science,75.95,52.22,89.55,54.0,99.05,45.39,95.8,72.67,C,No,Yes,Bachelor's,High,10,19.3
S5243,Noah,Wilson,student4243@university.com,Female,23,Computer Science,94.67,50.19,93.4,69.77,74.44,44.56,63.99,66.06,C,Yes,No,Master's,Medium,3,17.7
S5244,Noah,Ahmed,student4244@university.com,Female,18,Physics,83.43,64.36,46.26,58.99,64.68,79.4,59.34,62.17,D,No,No,Bachelor's,High,3,14.6
S5245,Noah,Jones,student4245@university.com,Female,24,Computer Science,69.14,42.01,37.29,71.65,93.32,98.24,75.11,69.6,C,No,No,Master's,Low,9,16.6
S5246,Ali,Ahmed,student4246@university.com,Male,20,Physics,93.59,55.25,57.03,83.72,46.29,92.73,89.72,70.79,C,Yes,Yes,High School,Low,4,8.8
S5247,Ali,Khan,student4247@university.com,Male,20,Mathematics,67.68,69.84,64.22,61.87,49.79,81.82,74.37,66.98,C,No,No,Master's,High,9,3.4
S5248,Ali,Jones,student4248@university.com,Male,21,Physics,81.58,54.01,89.74,45.72,57.16,78.51,73.02,66.36,C,Yes,Yes,Master's,Low,2,18.4
S5249,Ahmed,Jones,student4249@university.com,Female,21,Engineering,82.51,67.0,86.05,72.35,76.66,90.2,70.8,77.18,B,No,No,Master's,Low,1,5.9
S5250,Maria,Lee,student4250@university.com,Male,24,Computer Science,87.47,50.2,44.82,43.69,40.94,65.38,41.77,47.8,F,No,No,High School,High,6,13.8
S5251,Ayesha,Clark,student4251@university.com,Male,21,Physics,70.33,96.92,88.23,69.57,51.12,46.26,38.97,65.18,C,Yes,No,Bachelor's,Low,2,6.0
S5252,Omar,Smith,student4252@university.com,Female,25,Mathematics,92.63,51.62,49.52,71.1,56.75,98.84,98.24,71.01,C,Yes,Yes,Bachelor's,Low,2,5.0
S5253,John,Khan,student4253@university.com,Female,24,Business,70.54,89.5,52.81,82.4,88.42,88.31,84.02,80.91,B,No,Yes,Master's,Medium,9,6.5
S5254,Noah,Williams,student4254@university.com,Male,25,Computer Science,71.34,38.21,41.18,49.91,37.43,65.0,55.0,47.79,F,Yes,No,High School,Medium,10,11.8
S5255,Maria,Jones,student4255@university.com,Female,20,Physics,78.05,40.35,90.11,67.07,56.8,43.07,39.12,56.09,D,No,No,High School,Medium,4,9.3
S5256,Emma,Brown,student4256@university.com,Female,25,Physics,65.8,67.77,49.0,75.28,72.75,46.35,59.62,61.8,D,Yes,Yes,High School,High,5,13.4
S5257,Maria,Wilson,student4257@university.com,Female,19,Engineering,81.37,39.65,84.43,60.99,38.83,40.9,87.72,58.75,D,No,Yes,Bachelor's,Low,4,15.8
S5258,Ahmed,Smith,student4258@university.com,Female,24,Business,73.77,94.41,79.82,92.4,99.2,63.73,37.81,77.89,B,Yes,No,Master's,High,3,1.1
S5259,Noah,Ahmed,student4259@university.com,Male,25,Engineering,88.89,90.17,45.91,81.48,38.58,33.3,80.86,61.72,D,Yes,Yes,High School,Low,0,12.4
S5260,Emma,Jones,student4260@university.com,Female,18,Engineering,77.27,89.83,94.71,46.17,97.3,45.01,41.24,69.04,C,No,No,Master's,Medium,10,9.8
S5261,Omar,Wilson,student4261@university.com,Female,24,Computer Science,83.12,32.26,80.7,88.84,89.26,37.41,69.38,66.31,C,No,Yes,Master's,High,10,1.4
S5262,Noah,Jones,student4262@university.com,Female,24,Business,85.29,78.42,71.1,87.86,40.18,41.65,72.8,65.33,C,No,No,High School,High,0,3.9
S5263,Omar,Williams,student4263@university.com,Female,18,Mathematics,90.83,95.18,92.02,32.88,56.99,98.7,35.64,68.57,C,Yes,No,Master's,High,3,3.7
S5264,Maria,Wilson,student4264@university.com,Male,18,Business,89.04,83.84,61.84,54.21,45.17,46.22,81.27,62.09,D,No,Yes,Bachelor's,High,9,18.5
S5265,Noah,Brown,student4265@university.com,Female,22,Engineering,68.8,58.99,79.4,90.33,77.49,80.65,85.49,78.73,B,No,Yes,Master's,High,2,15.3
S5266,Liam,Brown,student4266@university.com,Female,21,Engineering,74.86,74.03,64.57,89.88,40.42,94.11,46.01,68.17,C,Yes,No,Bachelor's,Medium,9,6.3
S5267,Ayesha,Clark,student4267@university.com,Male,23,Computer Science,85.13,98.26,43.57,98.27,45.5,60.03,45.16,65.13,C,Yes,Yes,Bachelor's,Medium,10,9.8
S5268,Maria,Williams,student4268@university.com,Male,23,Mathematics,61.66,60.93,41.43,33.25,75.25,87.07,59.36,59.55,D,Yes,No,High School,Medium,4,17.7
S5269,John,Khan,student4269@university.com,Male,18,Physics,63.68,82.78,30.44,32.77,39.45,93.59,78.59,59.6,D,No,No,Bachelor's,Medium,6,10.5
S5270,Omar,Brown,student4270@university.com,Female,25,Business,84.36,86.22,31.81,38.29,42.75,36.3,78.65,52.34,D,No,Yes,Master's,Medium,5,2.3
S5271,Emma,Khan,student4271@university.com,Female,25,Business,68.97,58.83,43.05,77.35,60.23,71.51,63.48,62.41,D,Yes,Yes,Bachelor's,Medium,8,7.7
S5272,Ahmed,Lee,student4272@university.com,Male,25,Mathematics,67.63,99.81,89.16,40.76,63.9,47.92,70.03,68.6,C,Yes,Yes,Bachelor's,High,3,16.2
S5273,Ayesha,Smith,student4273@university.com,Female,21,Business,74.92,65.07,49.41,39.25,70.45,47.05,61.18,55.4,D,No,Yes,Master's,Medium,9,9.6
S5274,Liam,Taylor,student4274@university.com,Male,22,Business,74.67,82.88,81.28,89.72,90.33,86.11,33.66,77.33,B,No,Yes,Bachelor's,Medium,2,14.3
S5275,Ahmed,Wilson,student4275@university.com,Male,24,Engineering,77.79,32.97,40.39,97.08,30.29,69.09,99.15,61.5,D,No,No,Bachelor's,High,7,9.7
S5276,Maria,Taylor,student4276@university.com,Male,22,Computer Science,77.57,97.16,79.15,74.35,99.15,59.24,34.94,74.0,C,Yes,No,High School,Low,7,13.0
S5277,Emma,Lee,student4277@university.com,Male,22,Business,65.59,44.86,84.7,35.82,98.34,87.28,97.25,74.71,C,Yes,No,Master's,High,8,18.2
S5278,Ayesha,Smith,student4278@university.com,Female,20,Business,70.55,95.18,90.57,78.11,78.33,97.22,54.01,82.24,B,Yes,No,Bachelor's,Low,3,4.4
S5279,Omar,Jones,student4279@university.com,Male,24,Business,79.8,80.3,98.41,31.79,74.58,62.03,68.96,69.34,C,No,No,Bachelor's,Low,8,10.7
S5280,Ayesha,Smith,student4280@university.com,Male,23,Business,69.5,84.25,41.31,96.83,39.09,97.3,46.49,67.55,C,Yes,No,Bachelor's,Low,4,17.3
S5281,Noah,Wilson,student4281@university.com,Male,23,Physics,67.39,57.9,86.72,98.27,82.6,74.39,54.27,75.69,B,No,Yes,Bachelor's,High,2,11.0
S5282,John,Lee,student4282@university.com,Female,22,Physics,74.59,60.46,35.72,40.93,91.13,50.67,83.11,60.34,D,Yes,Yes,High School,Medium,4,6.8
S5283,Ayesha,Williams,student4283@university.com,Female,20,Engineering,75.89,58.1,40.79,32.9,30.54,71.53,37.71,45.26,F,Yes,Yes,Master's,Low,8,12.6
S5284,John,Taylor,student4284@university.com,Male,19,Business,98.2,95.39,41.14,76.76,33.36,39.09,33.96,53.28,D,No,Yes,High School,Low,7,6.7
S5285,Emma,Wilson,student4285@university.com,Female,20,Computer Science,99.5,44.07,51.67,91.14,69.88,48.26,30.5,55.92,D,Yes,Yes,Master's,Low,0,10.8
S5286,Emma,Smith,student4286@university.com,Male,18,Engineering,67.68,99.02,33.49,66.53,54.1,34.48,63.28,58.48,D,Yes,No,Bachelor's,High,10,11.3
S5287,Omar,Wilson,student4287@university.com,Male,25,Physics,76.04,93.37,73.04,45.35,34.58,66.33,99.33,68.67,C,Yes,Yes,High School,Medium,2,9.4
S5288,Emma,Clark,student4288@university.com,Female,25,Mathematics,87.86,68.8,99.83,52.49,83.44,53.32,95.53,75.57,B,No,No,Master's,Medium,4,6.8
S5289,John,Williams,student4289@university.com,Female,20,Mathematics,79.07,34.84,83.94,45.96,99.92,62.67,50.55,62.98,D,No,No,Bachelor's,High,8,6.4
S5290,Maria,Smith,student4290@university.com,Male,18,Physics,61.06,93.11,81.01,88.68,43.02,85.64,49.55,73.5,C,No,No,High School,High,2,18.0
S5291,Maria,Lee,student4291@university.com,Male,22,Computer Science,60.65,67.6,84.75,64.9,64.74,95.32,57.23,72.42,C,Yes,Yes,High School,High,6,4.0
S5292,Sara,Jones,student4292@university.com,Male,24,Business,65.59,70.69,42.05,96.75,76.48,87.56,47.76,70.22,C,Yes,Yes,Master's,Low,7,3.9
S5293,Ali,Wilson,student4293@university.com,Female,18,Computer Science,67.83,84.44,97.53,41.9,78.61,66.52,55.63,70.77,C,Yes,No,Master's,Low,4,18.7
S5294,Noah,Smith,student4294@university.com,Female,25,Computer Science,70.02,94.12,87.15,35.66,76.43,51.87,99.99,74.2,C,Yes,Yes,Master's,High,10,8.0
S5295,Omar,Clark,student4295@university.com,Male,23,Business,83.93,58.26,93.27,70.36,69.62,41.01,92.71,70.87,C,No,No,Bachelor's,Low,1,12.9
S5296,Ayesha,Brown,student4296@university.com,Female,20,Mathematics,87.22,58.79,66.97,30.73,45.56,96.41,54.0,58.74,D,No,No,High School,Medium,5,17.9
S5297,Ahmed,Smith,student4297@university.com,Female,24,Business,99.99,72.92,91.22,30.4,39.0,77.5,38.94,58.33,D,No,No,Bachelor's,Low,8,14.2
S5298,Ali,Williams,student4298@university.com,Female,18,Mathematics,79.16,96.73,88.68,96.09,54.23,54.96,72.28,77.16,B,No,No,High School,High,9,11.7
S5299,John,Taylor,student4299@university.com,Male,23,Engineering,84.68,41.37,63.95,53.71,74.72,61.56,90.18,64.25,D,Yes,No,High School,Low,2,13.5
S5300,Emma,Brown,student4300@university.com,Male,24,Physics,92.2,86.05,83.33,38.51,51.87,48.5,82.77,65.17,C,No,Yes,Master's,Low,3,6.7
S5301,Sara,Wilson,student4301@university.com,Female,21,Computer Science,67.46,45.83,47.8,58.23,98.49,36.91,66.29,58.93,D,No,Yes,Bachelor's,High,2,5.9
S5302,John,Jones,student4302@university.com,Female,18,Computer Science,99.99,94.23,73.8,59.22,98.28,85.44,66.28,79.54,B,No,Yes,Master's,Low,3,15.3
S5303,Noah,Ahmed,student4303@university.com,Female,23,Mathematics,77.16,44.17,43.74,45.32,73.79,97.03,98.29,67.06,C,Yes,Yes,Master's,Low,2,11.9
S5304,Liam,Smith,student4304@university.com,Male,25,Business,99.36,69.98,75.12,90.91,94.46,36.43,39.86,67.79,C,Yes,Yes,Bachelor's,Low,7,16.6
S5305,Maria,Smith,student4305@university.com,Male,24,Engineering,83.02,93.84,85.56,85.41,90.83,58.38,87.69,83.62,B,No,No,Master's,Medium,9,12.8
S5306,Sara,Jones,student4306@university.com,Male,21,Mathematics,89.23,38.84,80.54,97.4,95.43,83.33,69.46,77.5,B,No,No,High School,High,1,14.4
S5307,Maria,Ahmed,student4307@university.com,Female,18,Computer Science,81.05,41.77,35.38,48.2,44.41,67.22,31.34,44.72,F,No,Yes,High School,High,3,1.9
S5308,Maria,Khan,student4308@university.com,Female,19,Computer Science,85.95,48.11,52.59,42.44,83.08,30.78,90.25,57.88,D,No,No,Master's,High,10,3.6
S5309,Ayesha,Khan,student4309@university.com,Female,21,Engineering,73.51,97.86,85.55,94.72,33.31,68.84,42.03,70.38,C,Yes,No,Master's,Low,4,2.0
S5310,Ahmed,Ahmed,student4310@university.com,Male,22,Computer Science,87.26,85.34,99.03,88.16,63.92,71.8,68.3,79.42,B,Yes,No,Master's,Low,4,13.3
S5311,Emma,Clark,student4311@university.com,Male,23,Engineering,68.94,63.94,40.9,97.83,57.8,48.75,41.3,58.42,D,Yes,No,Bachelor's,High,5,2.3
S5312,Ali,Brown,student4312@university.com,Female,20,Computer Science,62.7,38.69,69.39,59.18,39.05,79.47,98.88,64.11,D,No,No,High School,Medium,10,11.9
S5313,Maria,Lee,student4313@university.com,Male,18,Business,94.09,94.6,30.01,30.7,45.27,95.86,41.68,56.35,D,Yes,No,High School,Medium,7,16.1
S5314,Maria,Brown,student4314@university.com,Male,22,Computer Science,67.35,35.55,58.3,58.37,69.42,39.46,65.92,54.5,D,Yes,Yes,High School,High,4,10.8
S5315,John,Williams,student4315@university.com,Female,22,Engineering,65.39,37.67,44.82,67.64,68.81,90.31,88.36,66.27,C,Yes,No,Master's,High,4,4.2
S5316,Emma,Williams,student4316@university.com,Male,21,Mathematics,87.43,31.88,90.15,67.16,47.54,58.79,74.78,61.72,D,No,Yes,High School,Low,2,16.5
S5317,Emma,Clark,student4317@university.com,Female,25,Computer Science,78.15,63.62,71.59,58.29,93.04,86.92,42.72,69.36,C,Yes,Yes,Bachelor's,High,4,19.8
S5318,Maria,Brown,student4318@university.com,Female,19,Engineering,89.14,74.84,51.23,55.13,72.22,41.37,87.24,63.67,D,Yes,No,Master's,High,8,9.9
S5319,Ayesha,Khan,student4319@university.com,Female,24,Mathematics,74.11,84.17,50.59,36.33,45.05,53.35,41.49,51.83,D,No,Yes,Master's,High,0,10.8
S5320,John,Clark,student4320@university.com,Female,23,Computer Science,97.59,67.52,30.74,66.38,91.26,47.58,73.23,62.78,D,No,No,High School,Medium,1,6.7
S5321,Ahmed,Wilson,student4321@university.com,Female,19,Engineering,95.05,83.46,50.44,63.96,40.35,42.74,31.09,52.01,D,Yes,Yes,High School,High,4,10.1
S5322,John,Clark,student4322@university.com,Male,19,Business,81.05,37.97,86.36,84.76,39.9,53.84,52.6,59.24,D,Yes,No,Master's,Medium,1,19.1
S5323,Noah,Khan,student4323@university.com,Male,21,Business,72.58,47.93,67.72,66.58,61.83,95.89,77.33,69.55,C,No,Yes,Master's,Medium,8,9.7
S5324,Maria,Smith,student4324@university.com,Male,24,Physics,95.17,45.37,75.46,33.64,72.26,50.68,88.94,61.06,D,No,No,Master's,High,1,10.9
S5325,Maria,Clark,student4325@university.com,Female,23,Physics,71.56,84.75,82.2,39.35,54.11,86.04,77.9,70.73,C,No,No,Bachelor's,Low,7,4.4
S5326,Ahmed,Lee,student4326@university.com,Male,25,Business,76.62,80.56,67.41,45.02,64.16,66.43,67.01,65.1,C,Yes,Yes,Bachelor's,Low,7,9.6
S5327,Liam,Taylor,student4327@university.com,Female,24,Mathematics,84.79,97.29,98.21,34.61,54.66,85.87,69.35,73.33,C,Yes,Yes,High School,Medium,1,13.0
S5328,Ali,Taylor,student4328@university.com,Female,22,Engineering,87.05,80.42,72.38,78.73,88.86,83.9,46.72,75.17,B,No,Yes,Bachelor's,High,6,1.6
S5329,Ayesha,Taylor,student4329@university.com,Male,18,Physics,66.44,78.65,74.33,46.02,69.28,38.44,51.28,59.67,D,Yes,No,Master's,High,5,13.6
S5330,Omar,Jones,student4330@university.com,Female,24,Engineering,73.58,62.26,55.54,72.74,38.56,79.48,91.51,66.68,C,Yes,No,Master's,High,5,14.7
S5331,Omar,Taylor,student4331@university.com,Female,18,Physics,85.12,52.36,38.77,44.28,64.74,88.68,51.85,56.78,D,No,No,Master's,Medium,1,12.2
S5332,Noah,Williams,student4332@university.com,Male,22,Engineering,82.22,97.94,60.88,54.54,54.85,82.81,80.96,72.0,C,Yes,Yes,Bachelor's,Low,7,10.2
S5333,Maria,Smith,student4333@university.com,Female,24,Mathematics,79.82,71.57,54.36,36.16,67.71,50.51,47.23,54.59,D,No,No,Master's,High,10,14.9
S5334,Omar,Williams,student4334@university.com,Female,22,Mathematics,99.72,68.93,93.13,96.55,61.24,68.54,51.26,73.28,C,No,No,Master's,Low,9,19.5
S5335,John,Jones,student4335@university.com,Male,25,Computer Science,78.51,95.67,79.48,68.36,75.53,71.42,60.82,75.21,B,No,Yes,Bachelor's,Medium,2,1.8
S5336,Sara,Lee,student4336@university.com,Female,25,Mathematics,67.6,60.93,78.06,44.19,89.27,74.1,77.25,70.63,C,No,Yes,Master's,Medium,3,8.3
S5337,Omar,Taylor,student4337@university.com,Female,18,Engineering,66.26,36.55,35.24,58.09,84.57,79.67,62.13,59.38,D,No,Yes,Bachelor's,High,6,1.5
S5338,Noah,Ahmed,student4338@university.com,Female,22,Physics,86.65,36.67,67.46,91.4,79.38,75.11,85.82,72.64,C,No,No,High School,Low,3,7.5
S5339,Ali,Williams,student4339@university.com,Male,25,Mathematics,61.2,39.66,41.5,53.19,83.98,76.17,41.38,55.98,D,Yes,No,Bachelor's,Low,3,8.8
S5340,Ahmed,Williams,student4340@university.com,Female,23,Mathematics,77.5,58.76,51.11,84.96,34.3,87.67,61.07,62.98,D,No,Yes,High School,Medium,5,8.5
S5341,Ali,Khan,student4341@university.com,Male,25,Mathematics,92.78,95.87,56.32,48.71,75.64,91.19,36.98,67.45,C,Yes,Yes,Bachelor's,High,10,3.6
S5342,Ahmed,Taylor,student4342@university.com,Female,24,Computer Science,95.73,57.17,97.09,67.77,46.7,65.39,36.11,61.7,D,Yes,Yes,Bachelor's,Medium,6,13.6
S5343,Noah,Wilson,student4343@university.com,Male,24,Mathematics,78.23,51.03,63.24,40.57,39.29,56.18,43.39,48.95,F,Yes,Yes,Master's,Low,0,5.6
S5344,Liam,Clark,student4344@university.com,Female,21,Physics,96.17,77.73,41.45,42.97,57.88,49.04,82.91,58.66,D,No,No,Master's,Low,7,7.4
S5345,Omar,Khan,student4345@university.com,Male,22,Computer Science,78.16,87.63,65.14,59.32,99.34,62.62,30.79,67.47,C,No,Yes,Bachelor's,Medium,9,17.4
S5346,Omar,Williams,student4346@university.com,Female,23,Mathematics,62.91,45.98,87.31,34.66,48.03,43.26,87.04,57.71,D,No,Yes,High School,Low,5,11.8
S5347,Ahmed,Jones,student4347@university.com,Male,24,Physics,95.4,90.63,46.81,67.34,94.1,59.97,56.14,69.17,C,Yes,Yes,Master's,Medium,9,8.7
S5348,Noah,Clark,student4348@university.com,Female,22,Business,82.46,95.99,61.72,88.38,97.01,51.49,64.65,76.54,B,No,Yes,High School,Medium,10,2.1
S5349,Ali,Clark,student4349@university.com,Male,23,Physics,61.88,51.25,43.31,68.66,37.95,73.64,61.82,56.1,D,Yes,No,Bachelor's,High,3,4.8
S5350,Noah,Lee,student4350@university.com,Female,24,Engineering,86.87,71.73,79.05,95.79,99.17,43.8,48.85,73.07,C,No,Yes,Bachelor's,Low,1,6.3
S5351,Maria,Clark,student4351@university.com,Male,20,Computer Science,87.81,53.05,62.7,76.89,71.3,33.47,71.76,61.53,D,Yes,Yes,Bachelor's,Low,8,10.6
S5352,Emma,Ahmed,student4352@university.com,Male,19,Mathematics,67.35,82.13,61.88,62.02,42.66,56.36,95.07,66.69,C,No,Yes,High School,Low,3,3.9
S5353,Ahmed,Clark,student4353@university.com,Female,24,Mathematics,77.57,64.47,97.72,97.23,69.53,97.99,42.61,78.26,B,Yes,Yes,Bachelor's,High,9,3.1
S5354,Maria,Khan,student4354@university.com,Female,21,Physics,69.65,99.25,37.46,45.51,96.17,36.04,70.59,64.17,D,Yes,No,Bachelor's,Medium,10,13.8
S5355,John,Wilson,student4355@university.com,Female,24,Computer Science,62.93,48.15,56.51,44.51,59.11,98.48,82.1,64.81,D,Yes,Yes,High School,Medium,2,1.7
S5356,Ahmed,Clark,student4356@university.com,Male,19,Computer Science,81.48,30.62,67.25,33.23,34.21,51.53,71.41,48.04,F,Yes,No,Master's,High,10,12.9
S5357,Sara,Lee,student4357@university.com,Male,22,Mathematics,93.58,97.6,36.2,42.77,79.19,64.59,31.49,58.64,D,Yes,No,Master's,Medium,6,2.6
S5358,Liam,Taylor,student4358@university.com,Female,21,Engineering,63.25,56.21,47.16,58.81,45.2,83.81,58.61,58.3,D,Yes,No,Bachelor's,Medium,6,10.2
S5359,Maria,Smith,student4359@university.com,Male,24,Mathematics,82.71,59.18,74.53,50.64,69.9,92.73,86.92,72.32,C,Yes,No,Master's,Medium,5,13.1
S5360,Noah,Ahmed,student4360@university.com,Male,19,Physics,85.94,50.2,48.54,33.75,45.58,31.17,41.83,41.84,F,Yes,No,Master's,High,1,13.9
S5361,Omar,Taylor,student4361@university.com,Female,21,Engineering,69.15,88.67,47.3,52.3,42.88,65.45,53.98,58.43,D,Yes,No,Bachelor's,Low,6,8.2
S5362,Sara,Ahmed,student4362@university.com,Male,19,Physics,71.19,37.08,98.99,57.1,97.09,39.77,81.89,68.65,C,Yes,Yes,Bachelor's,High,7,7.2
S5363,Emma,Williams,student4363@university.com,Female,24,Computer Science,96.75,93.54,35.74,86.91,68.27,97.13,82.42,77.33,B,Yes,Yes,Bachelor's,High,8,4.1
S5364,Sara,Lee,student4364@university.com,Male,23,Engineering,83.93,81.35,66.54,73.35,72.29,53.34,76.97,70.64,C,No,No,Bachelor's,Low,1,15.7
S5365,Emma,Lee,student4365@university.com,Female,21,Business,96.68,90.73,85.45,97.47,40.87,90.81,74.0,79.89,B,No,No,Bachelor's,Medium,8,9.3
S5366,Ali,Jones,student4366@university.com,Male,24,Business,94.13,50.05,46.38,56.98,62.98,84.1,98.78,66.55,C,Yes,Yes,High School,Medium,5,10.0
S5367,Maria,Clark,student4367@university.com,Female,18,Computer Science,92.24,69.62,95.68,82.05,36.86,39.39,90.75,69.06,C,No,Yes,High School,High,7,9.1
S5368,Sara,Ahmed,student4368@university.com,Female,21,Business,84.88,56.48,44.04,84.39,75.36,50.94,66.46,62.94,D,No,No,High School,Low,2,11.4
S5369,Emma,Brown,student4369@university.com,Male,18,Computer Science,79.59,76.85,95.55,99.91,83.66,54.37,88.4,83.12,B,No,No,Master's,High,2,9.7
S5370,Noah,Williams,student4370@university.com,Female,18,Mathematics,87.9,61.32,37.19,81.71,63.19,98.44,47.79,64.94,D,Yes,Yes,High School,Medium,10,19.6
S5371,Omar,Williams,student4371@university.com,Male,21,Business,90.21,82.36,66.17,75.7,31.84,71.86,43.68,61.94,D,Yes,Yes,Master's,Low,4,9.2
S5372,Noah,Taylor,student4372@university.com,Female,24,Mathematics,79.9,70.37,45.8,66.02,52.68,80.44,64.16,63.25,D,No,Yes,High School,Low,6,17.7
S5373,Ali,Smith,student4373@university.com,Female,23,Engineering,98.16,90.89,51.92,69.35,51.34,38.5,64.97,61.16,D,Yes,Yes,High School,Low,1,7.5
S5374,John,Brown,student4374@university.com,Female,21,Computer Science,77.57,94.02,98.53,40.15,30.24,49.18,42.07,59.03,D,No,Yes,Master's,Medium,0,5.8
S5375,Ali,Khan,student4375@university.com,Male,24,Engineering,99.03,91.12,46.08,74.33,38.54,88.87,83.08,70.34,C,Yes,No,High School,Medium,7,6.2
S5376,Emma,Jones,student4376@university.com,Female,18,Business,72.54,52.38,88.82,35.05,43.88,77.77,84.45,63.72,D,Yes,Yes,Master's,High,5,13.5
S5377,Omar,Williams,student4377@university.com,Male,21,Engineering,65.91,98.07,77.88,99.94,35.02,99.46,97.2,84.59,B,No,Yes,High School,Medium,4,3.6
S5378,Ahmed,Jones,student4378@university.com,Female,20,Engineering,81.74,73.48,53.5,41.99,98.77,80.34,64.81,68.82,C,Yes,Yes,Bachelor's,High,10,13.3
S5379,Noah,Williams,student4379@university.com,Male,23,Business,69.43,90.83,52.36,34.49,88.52,69.17,57.78,65.52,C,No,No,Master's,Medium,2,19.6
S5380,Ayesha,Brown,student4380@university.com,Male,25,Engineering,76.18,31.59,95.66,49.61,98.19,69.16,49.8,65.67,C,Yes,No,High School,Low,7,5.9
S5381,Emma,Lee,student4381@university.com,Female,18,Mathematics,73.35,41.8,87.02,37.25,59.47,70.64,94.47,65.11,C,Yes,No,High School,High,9,13.5
S5382,Omar,Clark,student4382@university.com,Female,23,Mathematics,90.65,99.93,67.43,32.49,40.36,62.06,44.65,57.82,D,Yes,No,Master's,Low,7,19.5
S5383,John,Taylor,student4383@university.com,Female,21,Mathematics,84.63,36.59,79.85,37.1,74.02,42.0,34.2,50.63,D,No,Yes,Bachelor's,Low,2,5.2
S5384,Noah,Taylor,student4384@university.com,Male,21,Physics,92.03,50.17,77.89,90.04,76.69,73.68,52.67,70.19,C,No,Yes,Bachelor's,Low,1,6.7
S5385,Noah,Williams,student4385@university.com,Female,18,Engineering,79.22,87.06,42.95,48.75,56.32,63.72,35.59,55.73,D,No,No,High School,High,2,19.0
S5386,John,Lee,student4386@university.com,Male,18,Physics,88.69,56.1,31.27,52.32,50.33,75.02,56.62,53.61,D,No,Yes,Bachelor's,Low,8,9.6
S5387,Emma,Taylor,student4387@university.com,Male,23,Business,91.28,99.34,55.63,57.05,41.32,71.08,62.0,64.4,D,Yes,No,High School,Medium,3,7.1
S5388,Omar,Williams,student4388@university.com,Female,25,Mathematics,77.93,47.48,34.89,73.71,99.38,90.37,66.48,68.72,C,Yes,No,Master's,Low,8,9.0
S5389,Ahmed,Clark,student4389@university.com,Male,24,Computer Science,91.52,48.95,46.1,50.89,66.35,64.29,34.57,51.86,D,Yes,No,Bachelor's,Low,9,5.9
S5390,John,Ahmed,student4390@university.com,Male,19,Physics,77.45,35.51,73.19,43.0,48.06,81.83,93.23,62.47,D,Yes,Yes,Master's,Low,7,11.7
S5391,John,Ahmed,student4391@university.com,Male,19,Business,96.05,94.57,38.95,55.39,59.78,79.89,68.43,66.17,C,Yes,Yes,Master's,Medium,3,5.2
S5392,Maria,Wilson,student4392@university.com,Female,23,Physics,89.07,83.22,44.32,32.71,94.57,58.36,67.71,63.48,D,Yes,Yes,Bachelor's,Low,9,12.7
S5393,John,Clark,student4393@university.com,Female,21,Mathematics,81.73,90.04,58.79,51.23,96.86,70.18,36.34,67.24,C,Yes,No,Bachelor's,Medium,8,10.7
S5394,Sara,Wilson,student4394@university.com,Male,23,Computer Science,60.58,72.76,97.88,49.18,84.06,90.53,70.01,77.4,B,No,No,Master's,Low,10,5.1
S5395,Omar,Williams,student4395@university.com,Male,22,Mathematics,93.72,33.32,59.88,77.87,56.51,87.21,96.21,68.5,C,No,Yes,Bachelor's,High,2,18.2
S5396,Ayesha,Lee,student4396@university.com,Male,23,Physics,81.53,84.98,72.6,86.79,32.9,74.57,34.46,64.38,D,No,Yes,Bachelor's,High,0,1.9
S5397,Noah,Brown,student4397@university.com,Female,23,Business,80.81,46.77,92.0,94.39,82.25,75.6,49.78,73.46,C,No,No,Master's,Low,2,5.1
S5398,Ali,Jones,student4398@university.com,Male,24,Physics,79.15,38.94,43.08,31.34,70.64,37.23,93.87,52.52,D,No,No,Bachelor's,Medium,1,16.9
S5399,Omar,Ahmed,student4399@university.com,Female,21,Physics,94.11,60.37,43.57,46.38,88.29,99.71,76.62,69.16,C,No,Yes,Master's,Low,9,16.6
S5400,Maria,Brown,student4400@university.com,Female,19,Mathematics,70.13,53.86,53.74,33.51,37.08,61.84,44.31,47.39,F,Yes,No,Master's,Low,5,12.7
S5401,Maria,Jones,student4401@university.com,Male,24,Physics,68.75,98.61,39.34,62.71,55.08,45.59,72.19,62.25,D,No,Yes,High School,Low,10,15.4
S5402,John,Wilson,student4402@university.com,Male,18,Business,99.23,44.2,48.48,56.05,94.38,34.67,93.0,61.8,D,No,No,Master's,Low,0,14.6
S5403,Sara,Ahmed,student4403@university.com,Female,25,Business,88.95,80.21,94.35,43.59,74.06,58.84,54.37,67.57,C,Yes,No,Bachelor's,Low,8,2.1
S5404,Ayesha,Ahmed,student4404@university.com,Female,21,Computer Science,73.26,35.7,82.62,43.94,46.61,93.27,44.53,57.78,D,No,Yes,Bachelor's,Low,3,9.3
S5405,Sara,Lee,student4405@university.com,Female,21,Mathematics,71.0,67.54,47.89,67.93,40.29,93.88,95.76,68.88,C,Yes,No,High School,Medium,5,8.8
S5406,Ali,Williams,student4406@university.com,Female,24,Business,85.89,38.62,73.75,89.74,85.26,38.81,95.81,70.33,C,Yes,No,Bachelor's,Medium,3,2.5
S5407,Ahmed,Williams,student4407@university.com,Female,22,Engineering,89.23,43.63,97.34,68.2,93.93,71.67,57.12,71.98,C,No,Yes,High School,Medium,5,18.1
S5408,Ahmed,Clark,student4408@university.com,Female,21,Business,84.52,76.13,76.89,35.3,54.63,74.15,97.95,69.17,C,Yes,Yes,Master's,High,7,3.4
S5409,Sara,Taylor,student4409@university.com,Female,19,Engineering,94.68,44.47,67.43,48.57,73.14,63.41,77.07,62.35,D,Yes,No,High School,Low,0,8.1
S5410,Ahmed,Taylor,student4410@university.com,Female,24,Engineering,60.59,59.48,36.21,66.49,92.97,49.08,94.77,66.5,C,Yes,No,Master's,Medium,1,4.4
S5411,Liam,Lee,student4411@university.com,Female,23,Physics,69.08,52.26,53.99,52.19,77.09,78.59,97.61,68.62,C,No,Yes,Master's,High,3,9.2
S5412,Sara,Khan,student4412@university.com,Female,23,Physics,71.93,35.12,38.28,48.91,38.02,83.69,74.05,53.01,D,Yes,Yes,Bachelor's,Medium,4,19.5
S5413,Omar,Ahmed,student4413@university.com,Male,19,Physics,82.65,59.34,43.88,37.59,81.7,72.29,54.01,58.13,D,No,No,High School,Medium,7,3.0
S5414,Emma,Williams,student4414@university.com,Male,19,Physics,71.34,60.91,63.76,31.83,71.11,42.38,76.08,57.68,D,No,Yes,Bachelor's,High,0,7.4
S5415,Noah,Jones,student4415@university.com,Female,22,Mathematics,68.75,79.8,83.13,49.27,60.05,87.9,46.39,67.76,C,Yes,No,Bachelor's,Low,6,5.1
S5416,Emma,Brown,student4416@university.com,Male,25,Business,63.85,52.79,58.42,99.28,52.24,73.67,77.41,68.97,C,Yes,No,High School,Low,9,2.3
S5417,Maria,Smith,student4417@university.com,Male,25,Business,93.44,52.26,64.09,97.37,98.59,76.84,68.52,76.28,B,No,No,Master's,High,7,13.8
S5418,Ahmed,Smith,student4418@university.com,Male,24,Physics,83.66,77.94,59.44,51.65,30.43,68.76,82.21,61.74,D,Yes,No,High School,High,4,16.4
S5419,Ahmed,Lee,student4419@university.com,Female,25,Mathematics,85.34,35.02,38.49,60.9,79.1,47.16,74.69,55.89,D,No,Yes,Bachelor's,Low,3,7.5
S5420,Liam,Williams,student4420@university.com,Male,19,Business,67.01,73.84,51.96,49.07,61.39,39.88,51.64,54.63,D,No,Yes,Master's,High,9,14.0
S5421,Maria,Clark,student4421@university.com,Male,23,Engineering,76.42,33.82,46.8,78.69,61.12,99.93,98.18,69.76,C,No,Yes,Master's,Medium,9,13.4
S5422,Liam,Brown,student4422@university.com,Female,21,Computer Science,81.49,31.57,58.46,60.47,66.62,41.68,54.0,52.13,D,Yes,No,Bachelor's,High,6,9.1
S5423,John,Lee,student4423@university.com,Female,25,Physics,79.32,55.86,85.78,53.27,99.66,71.12,63.18,71.48,C,Yes,Yes,Master's,High,6,3.3
S5424,Sara,Brown,student4424@university.com,Male,22,Physics,86.11,82.67,83.17,61.93,47.95,61.19,99.27,72.7,C,Yes,No,Bachelor's,High,0,18.6
S5425,Ayesha,Ahmed,student4425@university.com,Female,20,Mathematics,91.39,59.31,42.7,93.7,66.79,77.98,46.07,64.42,D,Yes,No,Bachelor's,High,7,8.0
S5426,Omar,Ahmed,student4426@university.com,Female,19,Computer Science,87.0,52.47,39.35,36.97,45.75,86.63,59.23,53.4,D,No,Yes,High School,Low,3,5.8
S5427,John,Clark,student4427@university.com,Male,22,Physics,91.65,77.25,31.65,67.32,75.78,63.41,41.94,59.56,D,No,No,Bachelor's,Medium,2,8.8
S5428,Emma,Brown,student4428@university.com,Female,20,Mathematics,61.67,34.49,74.25,34.3,84.76,74.72,45.06,57.93,D,No,Yes,Master's,Low,9,15.8
S5429,Liam,Taylor,student4429@university.com,Male,21,Physics,63.36,30.29,47.84,30.13,43.09,30.2,36.92,36.41,F,Yes,No,Master's,High,8,11.5
S5430,Emma,Lee,student4430@university.com,Male,19,Computer Science,98.21,53.93,64.84,68.9,47.17,58.54,35.93,54.89,D,No,Yes,High School,Medium,2,6.0
S5431,Ahmed,Taylor,student4431@university.com,Male,21,Business,62.97,31.7,92.45,83.68,32.24,46.79,41.71,54.76,D,Yes,No,Master's,Medium,4,13.4
S5432,John,Ahmed,student4432@university.com,Female,18,Mathematics,85.71,76.03,73.04,68.67,31.53,98.63,83.53,71.9,C,No,No,Master's,High,1,4.3
S5433,John,Taylor,student4433@university.com,Female,24,Mathematics,80.51,41.41,45.42,71.37,82.01,69.22,71.06,63.41,D,No,No,High School,Medium,8,12.5
S5434,Ali,Jones,student4434@university.com,Female,21,Physics,84.46,30.19,98.42,33.48,87.95,79.56,32.66,60.38,D,Yes,Yes,High School,High,5,16.3
S5435,Noah,Khan,student4435@university.com,Male,25,Computer Science,66.76,42.63,32.26,62.12,96.25,47.64,42.98,53.98,D,Yes,Yes,Master's,High,0,15.1
S5436,Ayesha,Ahmed,student4436@university.com,Female,23,Physics,65.36,58.6,82.08,41.23,69.35,95.48,64.09,68.47,C,No,Yes,Master's,Medium,1,19.0
S5437,Noah,Clark,student4437@university.com,Female,21,Business,78.21,37.06,44.56,38.81,37.93,41.23,50.61,41.7,F,Yes,Yes,High School,Medium,6,12.2
S5438,Liam,Khan,student4438@university.com,Female,24,Engineering,85.23,57.48,88.08,73.74,77.98,55.99,82.86,72.69,C,No,No,Master's,Medium,6,6.7
S5439,Ali,Brown,student4439@university.com,Female,21,Engineering,63.21,52.4,99.16,99.99,68.77,48.17,82.93,75.24,B,Yes,No,Bachelor's,High,7,15.7
S5440,Maria,Brown,student4440@university.com,Female,25,Business,79.28,86.46,71.13,62.35,40.11,77.19,88.83,71.01,C,Yes,No,Bachelor's,Low,7,14.2
S5441,Ali,Williams,student4441@university.com,Female,24,Computer Science,99.35,95.91,31.4,55.26,86.87,89.2,31.99,65.11,C,Yes,No,Master's,High,1,12.1
S5442,Sara,Khan,student4442@university.com,Male,18,Engineering,61.61,37.68,32.26,42.51,53.47,60.61,62.8,48.22,F,Yes,No,Bachelor's,Low,8,3.1
S5443,Liam,Brown,student4443@university.com,Female,19,Engineering,91.62,89.32,70.1,75.23,97.71,76.82,86.8,82.66,B,No,No,High School,High,4,6.6
S5444,Sara,Brown,student4444@university.com,Female,24,Mathematics,92.3,94.4,76.0,65.5,74.02,47.35,39.8,66.18,C,No,Yes,Bachelor's,Medium,10,9.7
S5445,John,Clark,student4445@university.com,Male,21,Mathematics,93.9,68.57,76.69,79.51,82.47,74.54,48.84,71.77,C,No,Yes,Master's,Low,2,2.0
S5446,Emma,Wilson,student4446@university.com,Male,24,Physics,61.19,81.63,62.2,40.3,60.12,36.07,34.43,52.46,D,Yes,No,High School,High,5,5.4
S5447,Maria,Ahmed,student4447@university.com,Female,20,Computer Science,77.88,40.37,75.6,40.6,85.07,75.4,86.3,67.22,C,Yes,No,Master's,High,1,5.4
S5448,Sara,Jones,student4448@university.com,Male,20,Computer Science,63.31,79.58,84.77,79.63,86.36,58.68,48.14,72.86,C,No,Yes,Bachelor's,High,0,13.7
S5449,Maria,Lee,student4449@university.com,Female,22,Mathematics,63.76,57.65,90.86,53.6,84.01,78.5,80.55,74.2,C,No,Yes,Master's,Low,0,15.1
S5450,Liam,Lee,student4450@university.com,Female,20,Computer Science,94.86,76.3,89.77,82.53,80.88,70.07,96.16,82.62,B,Yes,Yes,Bachelor's,High,4,5.9
S5451,Emma,Jones,student4451@university.com,Male,23,Mathematics,93.82,85.71,46.54,45.28,73.17,49.74,66.02,61.08,D,No,No,Bachelor's,Medium,8,14.3
S5452,Sara,Ahmed,student4452@university.com,Female,19,Business,91.67,71.66,59.94,84.79,78.07,30.01,83.77,68.04,C,Yes,No,Master's,High,0,2.1
S5453,Omar,Brown,student4453@university.com,Male,25,Physics,90.96,55.85,50.64,87.11,97.41,32.21,95.79,69.83,C,No,Yes,Bachelor's,Medium,8,6.6
S5454,John,Taylor,student4454@university.com,Female,19,Engineering,97.17,42.43,56.12,87.35,55.31,49.13,65.22,59.26,D,No,Yes,Bachelor's,High,1,6.7
S5455,Ali,Wilson,student4455@university.com,Male,20,Engineering,96.45,88.61,31.56,52.38,60.72,68.05,51.76,58.85,D,Yes,Yes,High School,Medium,3,15.6
S5456,Maria,Brown,student4456@university.com,Female,21,Business,78.29,55.94,82.49,77.74,91.09,64.02,53.04,70.72,C,Yes,No,Bachelor's,High,1,2.0
S5457,Liam,Clark,student4457@university.com,Male,20,Engineering,92.35,39.24,33.61,67.32,68.2,71.61,68.18,58.03,D,Yes,No,Master's,Medium,10,19.9
S5458,Maria,Smith,student4458@university.com,Male,24,Engineering,69.1,45.42,85.34,79.02,49.76,67.02,85.17,68.62,C,Yes,Yes,Master's,Medium,0,6.8
S5459,Ali,Taylor,student4459@university.com,Female,24,Business,96.56,82.88,85.24,39.07,61.16,76.62,75.8,70.13,C,No,Yes,Bachelor's,High,2,14.9
S5460,Ayesha,Jones,student4460@university.com,Female,22,Computer Science,86.23,97.93,60.79,34.22,83.63,88.98,68.2,72.29,C,Yes,No,High School,Medium,7,14.5
S5461,Maria,Williams,student4461@university.com,Male,20,Business,89.38,94.65,31.45,43.55,94.83,41.49,99.2,67.53,C,Yes,No,Master's,Low,7,7.0
S5462,Ali,Brown,student4462@university.com,Female,22,Physics,64.88,99.87,42.0,72.57,56.63,89.1,80.8,73.49,C,No,No,Master's,High,5,3.8
S5463,Liam,Brown,student4463@university.com,Female,23,Mathematics,69.88,56.79,95.17,88.6,86.23,86.02,47.67,76.75,B,No,No,Master's,High,1,2.7
S5464,Ahmed,Clark,student4464@university.com,Female,25,Business,92.68,63.19,69.07,58.26,33.49,53.5,58.99,56.08,D,Yes,No,Master's,Low,6,18.3
S5465,Noah,Jones,student4465@university.com,Female,21,Business,78.27,91.17,76.34,82.85,30.0,44.04,91.05,69.24,C,Yes,Yes,Bachelor's,Medium,10,19.7
S5466,Ali,Ahmed,student4466@university.com,Female,23,Computer Science,96.98,91.54,42.93,53.36,92.35,58.88,75.37,69.07,C,No,Yes,High School,High,5,12.2
S5467,Liam,Ahmed,student4467@university.com,Male,22,Physics,66.44,65.92,59.97,62.05,62.16,97.42,97.95,74.24,C,No,Yes,Bachelor's,Low,0,19.3
S5468,Ayesha,Wilson,student4468@university.com,Female,18,Mathematics,61.51,61.78,76.93,81.74,73.06,67.55,54.15,69.2,C,No,No,Master's,Medium,6,10.0
S5469,Noah,Clark,student4469@university.com,Female,22,Mathematics,90.3,36.26,44.81,73.83,30.81,82.94,95.94,60.76,D,No,No,Master's,Medium,4,8.1
S5470,Maria,Smith,student4470@university.com,Male,19,Mathematics,68.34,89.27,64.62,92.82,56.31,36.71,46.38,64.35,D,Yes,Yes,High School,Low,4,5.2
S5471,Maria,Wilson,student4471@university.com,Male,18,Mathematics,71.57,44.83,41.31,81.27,47.52,65.25,69.59,58.29,D,No,Yes,Bachelor's,Low,0,10.9
S5472,Emma,Smith,student4472@university.com,Female,20,Computer Science,87.43,48.54,79.89,87.58,82.36,92.71,44.08,72.53,C,No,No,Bachelor's,High,10,14.7
S5473,Ayesha,Ahmed,student4473@university.com,Female,22,Mathematics,98.38,42.65,66.71,87.61,42.97,32.34,56.09,54.73,D,No,Yes,Bachelor's,Medium,2,4.6
S5474,Ali,Brown,student4474@university.com,Female,18,Mathematics,95.18,99.62,72.88,59.47,40.99,74.95,36.95,64.14,D,No,No,Master's,Low,6,4.1
S5475,John,Wilson,student4475@university.com,Male,20,Physics,61.66,88.24,43.88,43.47,93.91,55.33,98.19,70.5,C,No,No,Master's,High,6,7.3
S5476,Omar,Wilson,student4476@university.com,Female,18,Physics,84.73,76.57,56.03,82.85,36.69,64.07,95.32,68.59,C,Yes,No,Master's,Low,3,4.7
S5477,Ahmed,Khan,student4477@university.com,Male,22,Engineering,91.46,52.75,93.73,83.78,99.53,77.46,30.7,72.99,C,No,No,Bachelor's,Low,8,1.2
S5478,Omar,Khan,student4478@university.com,Female,23,Physics,65.27,34.11,30.62,80.0,95.4,93.4,56.46,65.0,C,No,No,Master's,Medium,9,5.5
S5479,Ahmed,Williams,student4479@university.com,Male,21,Physics,60.84,49.94,87.6,37.65,43.0,36.94,52.55,51.28,D,Yes,No,Bachelor's,Low,9,11.2
S5480,Noah,Smith,student4480@university.com,Male,21,Mathematics,79.9,62.78,82.52,67.85,58.88,53.27,59.71,64.17,D,Yes,No,Bachelor's,High,2,15.9
S5481,Ali,Smith,student4481@university.com,Female,24,Physics,75.35,55.45,36.97,74.59,90.84,42.8,84.84,64.25,D,Yes,No,Master's,Low,10,18.3
S5482,Noah,Smith,student4482@university.com,Female,19,Engineering,61.86,66.55,38.6,33.07,97.25,66.62,79.44,63.59,D,Yes,No,Bachelor's,Low,1,19.9
S5483,John,Williams,student4483@university.com,Male,19,Business,86.39,78.76,88.77,94.18,96.55,32.72,44.2,72.53,C,No,Yes,High School,High,8,8.6
S5484,Ahmed,Khan,student4484@university.com,Male,24,Physics,90.07,30.95,33.28,98.98,47.88,50.92,95.75,59.63,D,Yes,Yes,Bachelor's,High,5,17.4
S5485,Emma,Taylor,student4485@university.com,Male,25,Engineering,78.02,34.17,58.74,87.41,55.14,71.87,47.16,59.08,D,Yes,No,Master's,Low,5,15.6
S5486,Ali,Khan,student4486@university.com,Female,24,Engineering,70.95,72.52,61.67,53.7,38.44,33.74,48.36,51.41,D,No,No,Master's,High,0,9.2
S5487,Ayesha,Jones,student4487@university.com,Male,18,Engineering,95.41,74.46,99.8,89.75,99.53,30.24,43.27,72.84,C,Yes,No,Master's,High,5,8.9
S5488,Omar,Clark,student4488@university.com,Male,23,Business,80.76,53.88,83.16,40.64,63.01,41.25,69.01,58.49,D,No,No,Bachelor's,High,6,10.5
S5489,Omar,Brown,student4489@university.com,Female,21,Engineering,72.0,88.08,71.58,66.04,88.16,35.24,38.26,64.56,D,No,Yes,Master's,High,2,4.7
S5490,Emma,Williams,student4490@university.com,Female,25,Engineering,86.54,47.13,83.6,63.47,52.6,66.14,71.66,64.1,D,No,Yes,Bachelor's,High,4,19.8
S5491,Liam,Lee,student4491@university.com,Male,22,Physics,85.96,75.08,70.74,49.23,88.3,73.08,98.96,75.9,B,Yes,Yes,Master's,Low,3,7.7
S5492,Sara,Clark,student4492@university.com,Female,23,Computer Science,70.25,58.51,39.23,71.67,71.08,82.5,65.94,64.82,D,No,No,High School,Low,5,5.2
S5493,Omar,Williams,student4493@university.com,Female,25,Physics,78.79,65.37,85.85,97.95,52.72,45.7,76.01,70.6,C,No,No,Master's,Medium,6,15.9
S5494,Noah,Ahmed,student4494@university.com,Male,23,Physics,97.9,39.94,49.35,97.84,80.16,55.7,70.16,65.52,C,No,Yes,High School,Low,3,14.6
S5495,Ali,Brown,student4495@university.com,Male,22,Physics,80.11,44.53,68.87,70.29,41.33,51.95,37.88,52.47,D,No,No,Master's,Medium,7,15.5
S5496,Ayesha,Smith,student4496@university.com,Male,20,Computer Science,64.21,95.74,69.99,82.42,44.41,84.99,71.36,74.82,C,No,No,High School,Low,4,8.9
S5497,Ali,Ahmed,student4497@university.com,Male,23,Computer Science,99.44,51.88,93.48,52.87,46.18,45.12,80.88,61.74,D,No,Yes,Bachelor's,Medium,6,1.3
S5498,Liam,Taylor,student4498@university.com,Male,22,Mathematics,79.38,30.06,49.43,58.15,42.08,94.77,33.6,51.35,D,No,Yes,Master's,Medium,2,15.0
S5499,John,Wilson,student4499@university.com,Female,20,Physics,60.15,57.25,45.38,98.78,30.73,49.04,60.84,57.0,D,Yes,Yes,High School,Medium,0,13.5
S5500,John,Lee,student4500@university.com,Female,22,Engineering,95.88,85.27,53.7,53.24,97.42,76.68,36.71,67.17,C,No,No,Master's,High,5,9.0
S5501,John,Clark,student4501@university.com,Male,20,Mathematics,82.46,46.82,74.0,59.01,84.61,51.55,98.97,69.16,C,No,Yes,Bachelor's,High,8,11.3
S5502,Omar,Clark,student4502@university.com,Male,21,Business,76.44,36.09,50.65,85.56,92.27,41.02,84.59,65.03,C,Yes,Yes,Master's,Medium,2,2.8
S5503,Emma,Brown,student4503@university.com,Female,19,Engineering,93.68,39.64,47.6,54.4,86.92,65.62,63.46,59.61,D,Yes,No,Master's,High,6,19.4
S5504,Ahmed,Taylor,student4504@university.com,Female,19,Mathematics,95.27,88.31,49.78,80.31,84.36,37.91,83.69,70.73,C,Yes,No,Bachelor's,Low,2,7.0
S5505,Omar,Brown,student4505@university.com,Male,24,Physics,73.84,56.01,95.12,85.25,73.45,59.26,59.53,71.44,C,No,Yes,High School,Medium,4,10.8
S5506,Ahmed,Clark,student4506@university.com,Male,18,Physics,72.66,73.19,67.58,61.85,32.94,41.91,89.71,61.2,D,No,Yes,Bachelor's,Medium,2,8.1
S5507,Maria,Ahmed,student4507@university.com,Male,21,Physics,79.49,54.26,64.1,91.13,45.69,36.93,80.22,62.05,D,Yes,No,High School,Medium,6,14.6
S5508,John,Jones,student4508@university.com,Female,24,Business,81.45,67.7,78.75,84.55,87.99,64.1,99.06,80.36,B,Yes,Yes,High School,Low,6,4.0
S5509,Maria,Brown,student4509@university.com,Male,22,Engineering,80.67,94.74,53.18,94.37,59.42,47.0,60.58,68.21,C,No,No,High School,Low,8,20.0
S5510,Sara,Jones,student4510@university.com,Female,22,Engineering,89.0,67.63,67.36,45.04,84.43,50.83,44.64,59.99,D,Yes,No,Master's,Low,8,9.1
S5511,Maria,Smith,student4511@university.com,Male,23,Physics,83.64,80.17,72.44,67.49,90.24,96.96,46.69,75.67,B,No,Yes,Bachelor's,High,5,17.4
S5512,John,Khan,student4512@university.com,Female,22,Mathematics,86.37,52.1,57.26,34.76,82.47,95.01,82.27,67.31,C,No,Yes,Master's,Low,1,11.2
S5513,Ahmed,Wilson,student4513@university.com,Female,21,Computer Science,93.24,58.87,70.59,48.07,84.34,66.81,78.54,67.87,C,Yes,No,Bachelor's,High,1,12.1
S5514,Sara,Lee,student4514@university.com,Male,19,Mathematics,77.79,72.69,93.2,91.38,84.09,77.79,87.61,84.46,B,No,No,High School,Medium,1,2.9
S5515,Noah,Brown,student4515@university.com,Female,25,Engineering,97.46,94.99,40.94,63.51,70.28,64.43,80.1,69.04,C,Yes,Yes,High School,Low,4,4.5
S5516,Emma,Khan,student4516@university.com,Male,18,Mathematics,68.91,41.84,59.46,64.02,60.16,58.43,55.48,56.56,D,No,No,Master's,Low,10,5.8
S5517,John,Williams,student4517@university.com,Female,18,Business,75.72,97.18,97.64,61.81,66.88,77.7,81.27,80.41,B,Yes,No,High School,Medium,7,14.0
S5518,Ayesha,Khan,student4518@university.com,Male,25,Mathematics,69.42,79.67,73.14,85.34,48.49,31.02,85.4,67.18,C,No,No,Bachelor's,High,7,5.9
S5519,Maria,Brown,student4519@university.com,Male,25,Physics,80.85,78.98,62.0,71.89,42.46,59.66,33.72,58.12,D,Yes,Yes,High School,High,8,9.1
S5520,John,Ahmed,student4520@university.com,Female,20,Engineering,75.79,46.61,74.81,55.91,69.83,79.71,91.79,69.78,C,Yes,No,High School,Low,6,6.6
S5521,Ahmed,Smith,student4521@university.com,Male,23,Engineering,82.68,33.4,84.68,99.43,76.61,59.04,64.35,69.58,C,No,No,Bachelor's,Low,6,20.0
S5522,Emma,Lee,student4522@university.com,Male,22,Computer Science,97.74,78.65,79.89,76.67,79.81,57.02,69.76,73.63,C,No,No,Bachelor's,High,8,9.9
S5523,Ali,Jones,student4523@university.com,Male,25,Engineering,94.02,75.23,84.63,67.91,54.28,65.77,67.51,69.22,C,Yes,Yes,Master's,High,0,3.4
S5524,Emma,Jones,student4524@university.com,Female,23,Mathematics,67.23,62.27,51.05,75.68,66.46,69.43,94.44,69.89,C,Yes,No,Master's,High,3,1.6
S5525,Omar,Brown,student4525@university.com,Female,24,Physics,98.58,41.11,93.43,49.76,66.15,30.3,57.8,56.43,D,Yes,No,Bachelor's,Medium,0,16.0
S5526,John,Wilson,student4526@university.com,Female,24,Physics,66.22,88.3,38.61,45.5,41.0,69.41,68.06,58.48,D,No,Yes,Bachelor's,High,10,15.3
S5527,John,Clark,student4527@university.com,Female,18,Mathematics,61.51,90.2,68.9,57.6,76.96,39.27,58.02,65.16,C,Yes,Yes,Bachelor's,Low,8,18.0
S5528,Maria,Clark,student4528@university.com,Male,24,Mathematics,84.93,88.92,46.4,44.18,68.43,39.44,51.21,56.43,D,Yes,Yes,Master's,High,0,9.4
S5529,Ayesha,Khan,student4529@university.com,Female,18,Computer Science,84.76,92.66,34.39,31.31,80.91,83.16,79.99,67.07,C,No,Yes,Bachelor's,Low,4,10.6
S5530,Ali,Clark,student4530@university.com,Male,24,Mathematics,87.14,31.55,57.2,91.24,64.71,50.35,34.93,55.0,D,Yes,Yes,Master's,High,6,18.0
S5531,Ahmed,Ahmed,student4531@university.com,Female,23,Physics,78.93,59.49,65.42,65.05,73.17,86.88,40.01,65.0,C,No,Yes,Bachelor's,Medium,10,1.6
S5532,Ahmed,Khan,student4532@university.com,Male,23,Physics,99.93,30.88,96.05,41.87,45.5,77.37,53.31,57.5,D,No,No,Master's,High,6,15.8
S5533,Maria,Jones,student4533@university.com,Male,20,Business,71.18,81.48,97.48,91.16,51.83,71.39,73.44,77.8,B,No,Yes,High School,Medium,3,13.2
S5534,Noah,Wilson,student4534@university.com,Male,20,Mathematics,81.16,69.86,43.54,38.04,30.01,99.76,65.71,57.82,D,No,Yes,High School,Low,9,10.8
S5535,Ali,Jones,student4535@university.com,Female,24,Engineering,90.7,36.6,50.78,48.88,32.07,48.52,34.44,41.88,F,Yes,Yes,Master's,Medium,10,10.7
S5536,John,Khan,student4536@university.com,Male,20,Business,85.06,96.22,34.03,59.79,66.55,84.61,65.42,67.77,C,Yes,Yes,Master's,Low,10,5.0
S5537,John,Lee,student4537@university.com,Male,19,Mathematics,60.36,80.07,81.79,71.82,84.54,80.23,93.45,81.98,B,Yes,Yes,Bachelor's,High,6,17.6
S5538,Omar,Khan,student4538@university.com,Male,22,Engineering,95.83,79.46,96.9,44.36,86.8,92.69,31.57,71.96,C,No,Yes,High School,Medium,3,10.4
S5539,John,Wilson,student4539@university.com,Female,21,Physics,99.95,81.51,71.2,89.67,42.79,95.22,45.34,70.95,C,Yes,No,Master's,Low,0,19.5
S5540,Omar,Clark,student4540@university.com,Male,21,Mathematics,97.5,65.63,90.64,54.99,92.07,66.9,49.56,69.97,C,Yes,No,Bachelor's,Low,6,19.8
S5541,John,Ahmed,student4541@university.com,Female,22,Engineering,92.82,52.21,97.77,39.65,79.63,87.76,71.14,71.36,C,No,Yes,Master's,Medium,6,11.0
S5542,Ali,Lee,student4542@university.com,Male,24,Computer Science,64.25,65.16,46.81,90.63,81.14,86.47,93.39,77.27,B,Yes,No,High School,High,8,8.5
S5543,Emma,Williams,student4543@university.com,Female,25,Mathematics,73.83,52.72,46.3,30.49,89.54,50.1,59.4,54.76,D,Yes,Yes,Bachelor's,Medium,1,5.0
S5544,Maria,Lee,student4544@university.com,Male,21,Computer Science,72.98,71.93,84.73,47.39,89.9,34.81,89.98,69.79,C,No,No,High School,Low,0,12.1
S5545,Omar,Williams,student4545@university.com,Female,23,Engineering,68.32,89.85,89.62,53.13,50.46,79.9,68.22,71.86,C,No,Yes,Master's,Low,2,3.5
S5546,Omar,Brown,student4546@university.com,Female,21,Business,79.85,78.88,83.43,41.55,73.44,85.91,42.85,67.68,C,No,Yes,Bachelor's,Medium,2,16.6
S5547,Noah,Wilson,student4547@university.com,Male,24,Physics,79.95,66.11,56.4,96.34,76.12,64.04,89.1,74.69,C,No,Yes,Bachelor's,Medium,1,15.5
S5548,John,Wilson,student4548@university.com,Male,25,Physics,81.37,99.05,40.88,79.86,75.53,96.26,77.6,78.2,B,Yes,No,High School,Medium,2,5.4
S5549,Ahmed,Williams,student4549@university.com,Female,20,Computer Science,67.22,94.42,52.75,98.66,42.87,51.49,43.85,64.01,D,No,No,Bachelor's,High,1,1.2
S5550,Maria,Khan,student4550@university.com,Male,23,Computer Science,77.63,77.6,58.15,30.55,67.95,33.8,53.98,53.67,D,No,No,Bachelor's,Medium,2,10.5
S5551,Sara,Ahmed,student4551@university.com,Female,22,Engineering,97.65,71.5,56.5,43.48,45.7,32.33,86.92,56.07,D,No,Yes,Master's,Medium,8,13.5
S5552,Ahmed,Smith,student4552@university.com,Male,23,Engineering,66.45,95.08,77.28,78.19,31.54,32.65,78.4,65.52,C,No,No,Bachelor's,Low,9,12.3
S5553,Sara,Lee,student4553@university.com,Male,23,Mathematics,71.41,41.07,59.6,33.09,50.28,86.14,33.87,50.68,D,Yes,No,Master's,Low,6,8.3
S5554,Maria,Ahmed,student4554@university.com,Male,21,Computer Science,72.15,78.02,94.05,50.85,67.33,66.07,58.39,69.12,C,No,Yes,Bachelor's,Medium,5,16.3
S5555,Liam,Taylor,student4555@university.com,Male,18,Engineering,85.87,99.54,63.88,54.44,38.02,88.58,84.05,71.42,C,Yes,No,High School,Low,5,14.8
S5556,Ayesha,Lee,student4556@university.com,Male,23,Computer Science,96.03,96.0,35.87,85.83,71.75,30.82,50.61,61.81,D,Yes,No,Bachelor's,Medium,7,12.7
S5557,Sara,Smith,student4557@university.com,Male,23,Computer Science,72.23,64.28,52.98,91.7,95.41,64.9,93.57,77.14,B,No,No,High School,Low,6,3.6
S5558,Noah,Jones,student4558@university.com,Female,23,Business,62.58,58.72,95.13,87.48,34.04,58.44,88.29,70.35,C,Yes,No,Bachelor's,Medium,7,17.6
S5559,John,Taylor,student4559@university.com,Female,21,Physics,87.95,50.14,41.23,85.78,69.41,47.3,57.87,58.62,D,Yes,No,Bachelor's,Medium,8,8.9
S5560,Ali,Brown,student4560@university.com,Female,25,Engineering,76.99,61.22,80.48,58.14,39.2,35.03,89.45,60.59,D,No,Yes,High School,High,10,18.2
S5561,Liam,Clark,student4561@university.com,Male,21,Physics,78.75,53.01,87.74,42.55,68.63,46.67,34.64,55.54,D,Yes,No,High School,Medium,9,18.4
S5562,Noah,Smith,student4562@university.com,Female,20,Computer Science,85.87,61.34,52.87,42.41,52.99,42.97,55.23,51.3,D,No,No,Bachelor's,Medium,8,16.5
S5563,Maria,Ahmed,student4563@university.com,Male,20,Engineering,84.84,93.17,34.03,77.28,62.21,74.02,35.6,62.72,D,No,No,Master's,Medium,7,12.0
S5564,Ali,Brown,student4564@university.com,Male,25,Mathematics,74.81,95.34,54.1,56.11,41.92,54.61,53.82,59.32,D,Yes,Yes,Master's,Medium,0,11.6
S5565,John,Brown,student4565@university.com,Female,24,Physics,79.94,32.59,75.05,30.98,77.73,78.55,75.09,61.66,D,Yes,Yes,High School,Medium,10,19.9
S5566,Ahmed,Wilson,student4566@university.com,Male,22,Physics,76.19,79.3,48.87,63.24,62.63,46.8,72.8,62.27,D,No,No,Bachelor's,High,4,1.8
S5567,John,Smith,student4567@university.com,Female,20,Engineering,99.22,42.73,39.68,34.94,59.43,43.66,87.52,51.33,D,No,Yes,High School,High,4,16.6
S5568,John,Lee,student4568@university.com,Female,21,Computer Science,78.67,70.34,35.83,73.34,35.3,78.97,37.26,55.17,D,No,No,Bachelor's,Medium,1,17.2
S5569,Noah,Clark,student4569@university.com,Female,22,Mathematics,76.5,82.42,55.91,63.53,87.27,84.58,85.02,76.45,B,No,Yes,Master's,Low,10,2.5
S5570,Ayesha,Wilson,student4570@university.com,Male,20,Physics,64.0,46.95,58.57,48.84,48.49,31.2,90.88,54.16,D,Yes,No,High School,Medium,4,8.1
S5571,Maria,Wilson,student4571@university.com,Male,21,Engineering,83.24,42.21,71.95,51.56,44.66,33.83,97.37,56.93,D,Yes,Yes,Bachelor's,Low,3,17.4
S5572,Liam,Smith,student4572@university.com,Male,23,Engineering,60.49,30.53,47.73,96.38,92.72,73.4,34.29,62.51,D,Yes,Yes,Master's,Low,7,19.9
S5573,Ayesha,Taylor,student4573@university.com,Male,22,Mathematics,97.47,83.93,61.23,69.84,66.08,98.98,80.27,76.72,B,No,Yes,High School,Medium,7,1.8
S5574,Omar,Smith,student4574@university.com,Female,25,Business,82.71,56.07,44.6,61.55,49.72,39.66,73.03,54.1,D,No,Yes,Bachelor's,High,6,15.0
S5575,Ahmed,Khan,student4575@university.com,Male,20,Business,85.63,99.94,57.09,31.16,79.62,80.36,54.4,67.09,C,No,No,High School,Low,1,16.8
S5576,Maria,Khan,student4576@university.com,Female,25,Computer Science,87.6,63.45,59.08,95.29,82.42,65.66,37.93,67.3,C,Yes,No,Master's,High,9,10.2
S5577,Liam,Clark,student4577@university.com,Male,18,Physics,88.08,44.13,34.35,45.35,37.16,33.84,97.7,48.76,F,No,No,High School,High,6,18.3
S5578,John,Williams,student4578@university.com,Male,20,Business,63.65,89.32,78.55,95.87,67.97,32.08,34.78,66.43,C,Yes,Yes,High School,Medium,2,18.0
S5579,Liam,Brown,student4579@university.com,Female,24,Mathematics,85.8,86.14,35.58,87.23,30.4,91.32,65.76,66.07,C,No,No,Bachelor's,Low,5,5.2
S5580,Maria,Ahmed,student4580@university.com,Male,20,Computer Science,84.16,32.07,39.48,86.46,93.71,38.21,33.89,53.97,D,Yes,No,Master's,Medium,4,2.9
S5581,John,Ahmed,student4581@university.com,Female,23,Physics,60.34,73.04,75.67,80.32,62.8,90.6,41.27,70.62,C,Yes,No,High School,Medium,9,19.4
S5582,Maria,Khan,student4582@university.com,Male,21,Mathematics,82.8,86.11,33.97,73.17,33.43,40.97,84.2,58.64,D,Yes,No,High School,Medium,3,9.2
S5583,Maria,Khan,student4583@university.com,Female,24,Engineering,72.82,32.04,47.13,30.52,36.8,92.79,84.96,54.04,D,No,No,Bachelor's,High,4,16.6
S5584,Emma,Smith,student4584@university.com,Male,19,Mathematics,68.38,36.46,50.0,53.66,37.16,40.34,71.84,48.24,F,Yes,Yes,Bachelor's,High,6,7.7
S5585,Omar,Wilson,student4585@university.com,Female,18,Business,86.44,61.36,60.52,37.75,86.39,95.21,61.49,67.12,C,No,Yes,Master's,Medium,7,10.5
S5586,Emma,Williams,student4586@university.com,Male,23,Engineering,98.23,57.34,72.54,30.95,94.99,38.49,58.23,58.76,D,No,No,Master's,Low,1,5.8
S5587,Ayesha,Williams,student4587@university.com,Female,25,Business,65.33,67.83,55.86,78.19,95.02,79.22,75.42,75.26,B,Yes,Yes,Master's,Low,3,13.6
S5588,Omar,Khan,student4588@university.com,Female,23,Computer Science,77.44,54.94,66.0,43.85,48.8,41.55,35.32,48.41,F,No,No,Bachelor's,Low,7,10.6
S5589,Emma,Jones,student4589@university.com,Female,24,Engineering,62.16,55.87,67.7,94.9,55.98,69.53,39.45,63.91,D,No,No,High School,Medium,9,11.8
S5590,Ali,Lee,student4590@university.com,Male,23,Physics,72.64,83.45,99.55,61.03,34.91,46.78,39.05,60.8,D,Yes,No,High School,High,5,14.2
S5591,Sara,Smith,student4591@university.com,Male,21,Physics,75.39,81.06,45.4,86.67,63.33,33.43,96.08,67.66,C,No,No,Bachelor's,Low,8,9.4
S5592,Noah,Wilson,student4592@university.com,Female,25,Business,79.23,36.12,75.43,65.68,62.31,31.06,43.12,52.29,D,Yes,No,Bachelor's,Medium,5,13.6
S5593,Maria,Jones,student4593@university.com,Male,18,Computer Science,73.72,40.11,48.32,79.56,85.04,44.46,52.34,58.31,D,Yes,Yes,Bachelor's,Medium,5,13.3
S5594,Liam,Jones,student4594@university.com,Female,23,Physics,93.57,33.03,49.77,60.45,31.17,79.06,70.01,53.91,D,Yes,Yes,Bachelor's,High,2,19.7
S5595,Ali,Wilson,student4595@university.com,Female,23,Physics,64.2,49.88,50.83,91.68,50.46,97.73,43.71,64.05,D,No,No,Bachelor's,Medium,5,10.1
S5596,Emma,Brown,student4596@university.com,Male,20,Computer Science,83.07,83.64,64.35,94.51,85.24,58.27,63.94,74.99,C,No,Yes,High School,Medium,6,18.7
S5597,Maria,Brown,student4597@university.com,Male,18,Business,93.49,97.29,63.13,99.82,76.2,54.75,81.07,78.71,B,Yes,Yes,High School,Medium,1,1.8
S5598,Ayesha,Khan,student4598@university.com,Female,19,Mathematics,89.33,85.84,65.66,38.1,67.55,68.38,36.14,60.28,D,No,Yes,Bachelor's,High,4,13.9
S5599,Ali,Williams,student4599@university.com,Male,22,Physics,99.26,58.89,97.83,74.32,71.12,72.5,61.24,72.65,C,No,No,Bachelor's,Medium,0,9.0
S5600,Ayesha,Williams,student4600@university.com,Female,23,Computer Science,94.44,32.89,45.83,45.22,85.54,87.01,87.68,64.03,D,No,No,Master's,Medium,5,14.5
S5601,John,Ahmed,student4601@university.com,Male,22,Physics,72.12,94.26,70.28,33.01,60.31,77.17,94.54,71.6,C,No,Yes,Master's,Medium,9,8.9
S5602,Liam,Smith,student4602@university.com,Male,23,Physics,72.54,76.45,99.46,54.83,84.28,80.2,50.38,74.27,C,Yes,Yes,Master's,Medium,7,15.5
S5603,Maria,Taylor,student4603@university.com,Male,19,Engineering,77.68,93.49,70.56,57.89,89.44,66.8,92.51,78.45,B,Yes,No,Master's,High,8,9.4
S5604,Ayesha,Williams,student4604@university.com,Male,20,Business,80.88,92.6,50.76,52.39,32.95,54.45,99.68,63.8,D,No,Yes,Master's,High,4,6.9
S5605,John,Brown,student4605@university.com,Male,21,Business,68.53,51.81,68.58,88.93,62.21,52.71,47.32,61.93,D,No,No,Bachelor's,Medium,6,14.6
S5606,John,Brown,student4606@university.com,Female,21,Engineering,74.73,46.01,99.84,48.06,31.9,59.93,95.82,63.59,D,No,Yes,High School,Low,9,16.3
S5607,Ahmed,Williams,student4607@university.com,Male,24,Engineering,64.85,44.92,42.4,89.61,31.88,32.46,44.9,47.7,F,No,Yes,Bachelor's,Medium,10,7.8
S5608,Ahmed,Khan,student4608@university.com,Male,24,Computer Science,66.89,72.01,64.67,33.25,63.5,75.46,71.2,63.35,D,No,No,Bachelor's,High,4,16.9
S5609,Noah,Smith,student4609@university.com,Female,25,Engineering,62.49,41.71,75.84,97.33,49.65,64.11,99.85,71.42,C,Yes,Yes,Master's,Low,10,1.6
S5610,Maria,Ahmed,student4610@university.com,Male,23,Physics,74.9,73.16,91.89,93.3,77.79,54.93,86.86,79.66,B,Yes,No,Bachelor's,Medium,2,8.6
S5611,Ali,Jones,student4611@university.com,Female,23,Mathematics,75.79,87.32,84.22,74.96,45.09,55.36,59.04,67.67,C,Yes,Yes,Bachelor's,Medium,7,16.5
S5612,Ayesha,Smith,student4612@university.com,Female,21,Computer Science,74.96,60.63,57.84,78.62,69.01,34.54,85.84,64.41,D,Yes,Yes,High School,Medium,5,5.2
S5613,John,Brown,student4613@university.com,Female,21,Business,84.56,79.11,86.25,90.39,54.13,94.79,70.09,79.13,B,Yes,Yes,Master's,Low,0,1.9
S5614,Maria,Ahmed,student4614@university.com,Male,25,Computer Science,76.47,33.4,47.78,78.34,95.42,44.98,42.17,57.02,D,No,Yes,High School,Low,8,10.0
S5615,Sara,Lee,student4615@university.com,Male,23,Engineering,69.92,48.24,39.93,50.4,33.6,75.96,62.56,51.78,D,Yes,Yes,High School,Medium,7,3.2
S5616,John,Wilson,student4616@university.com,Female,21,Business,64.41,72.84,88.23,76.98,57.59,63.82,86.53,74.33,C,No,Yes,Bachelor's,Medium,0,13.1
S5617,Ahmed,Lee,student4617@university.com,Male,18,Business,71.57,84.77,54.06,77.65,79.29,73.82,56.27,70.98,C,No,No,Bachelor's,Low,4,10.5
S5618,Ali,Khan,student4618@university.com,Female,19,Mathematics,85.04,79.86,83.7,72.94,49.28,66.89,40.74,65.57,C,Yes,No,Master's,Medium,5,7.4
S5619,Liam,Jones,student4619@university.com,Male,25,Engineering,62.2,76.11,58.72,89.48,54.65,64.99,68.03,68.66,C,Yes,No,Master's,Medium,4,1.7
S5620,Emma,Clark,student4620@university.com,Female,25,Business,70.59,69.98,46.49,81.36,50.05,44.44,41.53,55.64,D,Yes,No,Bachelor's,Low,1,10.8
S5621,Emma,Lee,student4621@university.com,Female,18,Physics,68.62,65.14,58.52,61.25,82.25,90.59,62.41,70.03,C,Yes,No,High School,Low,3,9.1
S5622,Sara,Ahmed,student4622@university.com,Female,25,Mathematics,90.79,50.7,63.86,94.96,69.15,62.14,88.34,71.52,C,Yes,Yes,Master's,Medium,2,3.6
S5623,Liam,Taylor,student4623@university.com,Male,18,Computer Science,80.46,85.42,48.81,88.56,73.5,86.49,77.92,76.78,B,Yes,Yes,Bachelor's,Low,9,11.9
S5624,Liam,Khan,student4624@university.com,Male,23,Mathematics,93.03,33.34,83.26,38.11,39.65,94.08,54.36,57.13,D,Yes,No,Master's,High,6,18.0
S5625,Noah,Lee,student4625@university.com,Female,22,Business,90.08,80.57,32.47,78.42,44.74,52.42,84.99,62.27,D,No,No,Master's,High,5,10.6
S5626,Ayesha,Wilson,student4626@university.com,Female,18,Engineering,95.51,50.43,37.24,69.93,47.21,92.26,67.25,60.72,D,No,No,Master's,Medium,10,16.4
S5627,Noah,Wilson,student4627@university.com,Female,21,Computer Science,73.76,62.6,37.51,50.23,50.4,46.4,51.91,49.84,F,Yes,Yes,Bachelor's,High,4,18.1
S5628,Ahmed,Jones,student4628@university.com,Male,19,Computer Science,88.96,83.96,54.76,76.74,49.29,84.98,56.43,67.69,C,No,Yes,Bachelor's,High,1,1.5
S5629,Noah,Clark,student4629@university.com,Male,18,Computer Science,86.66,53.57,31.01,58.55,92.84,60.55,44.35,56.81,D,Yes,No,Bachelor's,High,5,17.7
S5630,Omar,Jones,student4630@university.com,Female,21,Engineering,61.12,56.24,30.42,31.43,78.96,81.82,72.34,58.54,D,No,Yes,High School,Medium,5,14.6
S5631,Ahmed,Jones,student4631@university.com,Female,18,Engineering,83.22,48.67,66.79,64.09,51.3,46.22,72.13,58.2,D,No,Yes,Bachelor's,High,0,18.3
S5632,Ali,Williams,student4632@university.com,Female,20,Mathematics,83.85,66.89,82.47,71.18,65.45,84.92,79.31,75.04,B,Yes,No,High School,Medium,4,4.0
S5633,Liam,Ahmed,student4633@university.com,Female,24,Mathematics,63.44,60.17,78.62,31.68,54.1,39.96,33.22,49.62,F,Yes,No,Bachelor's,Medium,10,14.1
S5634,Omar,Taylor,student4634@university.com,Male,18,Physics,61.17,58.2,68.88,43.04,64.67,56.6,41.07,55.41,D,Yes,No,Bachelor's,Medium,5,18.8
S5635,Omar,Clark,student4635@university.com,Male,25,Mathematics,64.14,85.04,67.75,47.58,90.22,48.08,87.05,70.95,C,No,No,High School,Low,2,18.0
S5636,Ahmed,Lee,student4636@university.com,Female,22,Engineering,75.13,89.6,80.02,94.54,52.58,65.36,54.28,72.73,C,No,No,High School,High,5,8.2
S5637,Sara,Ahmed,student4637@university.com,Male,23,Business,97.1,57.51,44.41,44.48,97.8,92.27,87.88,70.72,C,No,Yes,Master's,High,1,11.7
S5638,Ayesha,Wilson,student4638@university.com,Female,21,Computer Science,67.13,69.55,85.46,39.0,59.34,49.61,71.67,62.44,D,No,Yes,Master's,Medium,5,14.3
S5639,Sara,Taylor,student4639@university.com,Female,21,Engineering,76.42,97.2,84.14,52.77,83.33,63.66,39.52,70.1,C,Yes,Yes,Master's,High,1,6.8
S5640,Liam,Jones,student4640@university.com,Female,18,Physics,81.16,56.25,34.88,44.29,79.68,31.28,41.2,47.93,F,No,No,Bachelor's,Medium,1,10.9
S5641,John,Taylor,student4641@university.com,Female,25,Computer Science,78.99,54.32,76.85,75.93,85.14,30.82,89.14,68.7,C,Yes,No,Bachelor's,Medium,2,18.6
S5642,John,Clark,student4642@university.com,Male,21,Business,84.73,78.89,33.67,49.5,33.19,58.74,39.6,48.93,F,Yes,No,Master's,Medium,10,9.6
S5643,Ayesha,Lee,student4643@university.com,Female,23,Physics,75.19,97.82,65.0,81.3,46.18,70.07,80.28,73.44,C,No,No,High School,Low,8,12.6
S5644,Sara,Smith,student4644@university.com,Male,23,Business,79.13,51.39,61.32,33.58,85.52,42.42,98.76,62.16,D,No,No,High School,Low,5,15.0
S5645,Noah,Williams,student4645@university.com,Female,24,Mathematics,80.19,39.99,98.57,52.48,62.37,98.42,96.1,74.65,C,No,Yes,Bachelor's,High,7,12.9
S5646,Ayesha,Clark,student4646@university.com,Female,20,Engineering,61.16,76.66,43.23,70.03,67.71,99.03,34.63,65.21,C,No,Yes,Bachelor's,Medium,1,4.1
S5647,Ahmed,Khan,student4647@university.com,Female,19,Computer Science,85.76,93.71,73.55,80.76,98.49,52.7,86.94,81.02,B,Yes,Yes,Bachelor's,High,0,16.4
S5648,Ahmed,Clark,student4648@university.com,Female,21,Business,75.54,44.54,72.35,89.58,78.42,40.47,32.4,59.63,D,Yes,No,High School,High,5,16.6
S5649,John,Clark,student4649@university.com,Female,25,Physics,93.82,58.31,75.55,36.76,83.55,99.72,63.57,69.58,C,Yes,Yes,Master's,Medium,4,16.2
S5650,Emma,Brown,student4650@university.com,Female,24,Engineering,81.37,93.2,63.69,55.47,55.02,55.73,43.79,61.15,D,No,No,High School,Medium,1,10.8
S5651,Ali,Lee,student4651@university.com,Male,24,Computer Science,96.8,70.43,31.52,58.9,79.42,55.69,83.07,63.17,D,Yes,Yes,Master's,Medium,8,5.2
S5652,Liam,Williams,student4652@university.com,Female,18,Engineering,68.08,38.79,53.99,92.15,32.24,66.97,53.8,56.32,D,Yes,Yes,High School,High,6,19.4
S5653,Maria,Clark,student4653@university.com,Male,23,Business,88.01,46.5,70.5,84.87,67.12,58.35,39.91,61.21,D,No,Yes,Bachelor's,Low,4,9.3
S5654,Ali,Jones,student4654@university.com,Male,24,Engineering,92.08,33.3,53.19,64.05,86.84,86.72,69.33,65.57,C,Yes,Yes,Master's,Low,10,8.8
S5655,Ahmed,Jones,student4655@university.com,Male,20,Computer Science,87.55,85.33,74.5,87.37,35.0,87.02,41.31,68.42,C,Yes,Yes,High School,High,5,12.1
S5656,John,Taylor,student4656@university.com,Female,24,Physics,70.9,91.8,50.99,55.67,62.17,79.96,64.23,67.47,C,Yes,Yes,Bachelor's,Medium,8,5.4
S5657,Sara,Taylor,student4657@university.com,Female,24,Business,61.59,92.71,98.53,38.06,73.65,59.26,78.37,73.43,C,No,Yes,Bachelor's,Low,8,8.8
S5658,Omar,Brown,student4658@university.com,Male,20,Mathematics,68.01,36.82,84.93,63.08,91.28,64.2,52.31,65.44,C,No,Yes,Master's,High,6,3.2
S5659,Noah,Khan,student4659@university.com,Male,24,Business,90.57,96.84,65.96,81.33,58.55,91.87,83.37,79.65,B,Yes,No,Bachelor's,Low,6,15.8
S5660,Ahmed,Ahmed,student4660@university.com,Male,18,Mathematics,92.55,35.02,95.78,46.01,92.57,31.19,99.35,66.65,C,Yes,No,Bachelor's,Medium,5,2.2
S5661,Emma,Ahmed,student4661@university.com,Male,23,Computer Science,82.87,90.1,43.13,80.25,57.93,78.79,81.18,71.9,C,Yes,No,Master's,Medium,9,12.2
S5662,Emma,Taylor,student4662@university.com,Female,23,Mathematics,96.73,84.9,93.96,47.6,35.72,31.24,92.77,64.36,D,Yes,No,Master's,Medium,9,6.9
S5663,Maria,Ahmed,student4663@university.com,Male,18,Physics,67.87,38.35,96.08,49.75,49.8,92.48,65.59,65.34,C,No,No,High School,High,8,16.3
S5664,Omar,Jones,student4664@university.com,Female,24,Computer Science,77.78,90.86,47.26,99.61,68.38,57.86,97.67,76.94,B,No,No,Bachelor's,Medium,10,18.9
S5665,Emma,Smith,student4665@university.com,Male,20,Computer Science,88.3,54.15,76.63,61.65,45.45,88.74,53.68,63.38,D,No,No,Master's,High,10,14.5
S5666,Omar,Khan,student4666@university.com,Female,18,Computer Science,94.14,52.44,35.92,74.15,42.17,75.35,54.24,55.71,D,Yes,Yes,Master's,High,0,6.3
S5667,Liam,Smith,student4667@university.com,Female,24,Physics,91.18,33.45,42.48,88.39,67.37,45.43,63.44,56.76,D,Yes,Yes,Bachelor's,High,9,18.7
S5668,Noah,Brown,student4668@university.com,Female,21,Physics,65.76,78.98,57.45,44.01,66.41,62.02,38.53,57.9,D,Yes,Yes,Bachelor's,Medium,4,11.9
S5669,Noah,Williams,student4669@university.com,Male,19,Engineering,72.97,94.96,33.4,86.23,35.64,70.4,77.39,66.34,C,No,No,Master's,High,4,2.9
S5670,Noah,Ahmed,student4670@university.com,Male,23,Computer Science,70.29,90.1,96.27,94.36,55.64,54.28,70.99,76.94,B,Yes,Yes,High School,High,4,14.3
S5671,Ali,Jones,student4671@university.com,Male,18,Computer Science,99.22,61.22,60.25,89.26,66.38,89.3,89.57,76.0,B,Yes,No,High School,High,5,18.1
S5672,Ali,Brown,student4672@university.com,Male,20,Engineering,95.26,67.65,87.84,73.54,91.5,59.4,69.21,74.86,C,Yes,Yes,Bachelor's,Medium,7,12.9
S5673,Emma,Brown,student4673@university.com,Male,21,Physics,62.61,83.52,39.98,49.42,38.57,49.45,79.07,56.67,D,Yes,No,Bachelor's,Medium,5,1.8
S5674,Omar,Smith,student4674@university.com,Male,25,Engineering,99.23,54.08,91.18,94.41,62.57,62.07,84.88,74.86,C,Yes,Yes,Bachelor's,High,0,9.0
S5675,Ali,Smith,student4675@university.com,Female,20,Engineering,79.9,98.07,81.97,35.24,72.23,56.54,62.76,67.8,C,No,Yes,High School,High,0,12.8
S5676,Ahmed,Lee,student4676@university.com,Male,21,Physics,70.75,31.23,52.2,98.57,37.46,56.93,82.75,59.86,D,Yes,No,High School,High,4,6.3
S5677,Omar,Taylor,student4677@university.com,Male,18,Engineering,73.5,34.06,90.57,52.24,60.47,31.36,94.23,60.49,D,Yes,No,Master's,Medium,10,11.8
S5678,Liam,Clark,student4678@university.com,Female,18,Physics,95.87,68.6,39.43,80.56,49.11,40.74,71.23,58.28,D,Yes,Yes,Bachelor's,Low,7,19.5
S5679,Noah,Brown,student4679@university.com,Male,19,Mathematics,67.49,61.97,31.44,33.19,62.3,53.05,46.9,48.14,F,No,No,Master's,Low,6,4.5
S5680,John,Jones,student4680@university.com,Female,23,Computer Science,74.26,51.57,88.03,41.13,76.08,45.1,55.79,59.62,D,No,Yes,High School,High,0,3.0
S5681,Ayesha,Brown,student4681@university.com,Female,25,Physics,62.41,81.92,44.24,47.72,83.35,65.01,37.0,59.87,D,No,Yes,Bachelor's,Medium,4,4.4
S5682,John,Smith,student4682@university.com,Female,18,Business,73.33,38.49,85.85,64.46,80.59,83.96,50.03,67.23,C,No,No,High School,Low,5,8.2
S5683,Emma,Ahmed,student4683@university.com,Female,19,Business,84.16,80.34,64.81,64.75,33.24,68.35,60.64,62.02,D,Yes,No,Bachelor's,Medium,10,4.9
S5684,Sara,Clark,student4684@university.com,Female,20,Engineering,74.96,87.05,60.77,97.48,62.36,39.92,62.3,68.31,C,Yes,Yes,High School,Low,8,12.1
S5685,Liam,Clark,student4685@university.com,Male,23,Business,72.63,53.73,65.56,87.31,75.05,49.42,89.88,70.16,C,No,No,Master's,Low,10,19.5
S5686,Ali,Brown,student4686@university.com,Female,25,Physics,86.92,40.96,80.39,84.97,60.03,52.06,48.14,61.09,D,Yes,No,Master's,Medium,10,6.7
S5687,Emma,Brown,student4687@university.com,Female,18,Engineering,75.65,64.25,49.45,85.57,41.91,30.2,30.53,50.32,D,Yes,Yes,Bachelor's,High,6,4.1
S5688,John,Lee,student4688@university.com,Female,25,Physics,91.35,73.67,68.54,52.64,80.8,96.93,79.99,75.43,B,Yes,No,Master's,High,5,12.8
S5689,Ali,Williams,student4689@university.com,Female,20,Computer Science,81.47,70.2,96.15,69.15,96.53,62.78,59.12,75.66,B,No,No,High School,Low,6,3.0
S5690,Liam,Jones,student4690@university.com,Male,22,Engineering,67.0,42.02,52.63,34.22,92.88,45.11,35.41,50.38,D,No,Yes,Master's,High,8,12.0
S5691,Noah,Taylor,student4691@university.com,Female,18,Business,85.07,91.21,56.94,65.19,52.83,48.78,50.66,60.93,D,Yes,No,Master's,Medium,6,6.5
S5692,Sara,Jones,student4692@university.com,Female,21,Business,88.58,65.82,81.27,50.66,73.65,91.03,64.34,71.13,C,Yes,No,Master's,High,5,8.9
S5693,Ali,Wilson,student4693@university.com,Female,18,Engineering,83.45,78.15,33.68,68.38,91.42,41.67,63.83,62.85,D,No,No,Bachelor's,Low,4,5.4
S5694,Maria,Clark,student4694@university.com,Female,21,Engineering,89.77,90.62,54.38,89.45,84.24,97.97,80.48,82.86,B,Yes,No,High School,Low,1,19.4
S5695,Ali,Lee,student4695@university.com,Female,23,Computer Science,63.22,97.76,89.39,74.96,78.13,55.58,98.59,82.4,B,Yes,No,Master's,High,10,15.2
S5696,Ahmed,Taylor,student4696@university.com,Female,21,Business,82.24,50.76,79.15,70.59,63.46,66.64,38.01,61.43,D,No,No,High School,Low,8,13.8
S5697,Ali,Lee,student4697@university.com,Male,19,Engineering,64.72,96.82,87.76,63.73,95.84,59.94,56.41,76.75,B,Yes,No,Bachelor's,High,0,11.8
S5698,Ahmed,Ahmed,student4698@university.com,Male,18,Business,64.01,50.45,43.16,38.33,93.15,30.27,76.2,55.26,D,Yes,Yes,Bachelor's,Low,1,7.7
S5699,Ayesha,Jones,student4699@university.com,Male,23,Physics,91.18,36.21,77.43,95.3,69.79,67.44,40.95,64.52,D,No,Yes,High School,Medium,2,6.8
S5700,Liam,Smith,student4700@university.com,Male,23,Engineering,83.41,30.01,62.36,79.52,55.69,69.39,39.16,56.02,D,Yes,Yes,Bachelor's,Low,3,15.0
S5701,Liam,Ahmed,student4701@university.com,Female,19,Engineering,90.93,89.87,93.85,83.31,38.65,51.18,55.23,68.68,C,Yes,Yes,Bachelor's,Medium,5,17.4
S5702,John,Jones,student4702@university.com,Male,21,Computer Science,64.37,77.12,74.31,43.63,36.76,91.26,93.71,69.46,C,Yes,Yes,High School,Low,4,8.8
S5703,Ayesha,Smith,student4703@university.com,Female,22,Physics,91.82,44.18,33.62,47.79,39.02,45.68,75.52,47.63,F,No,No,Master's,Medium,8,5.9
S5704,Ali,Wilson,student4704@university.com,Female,19,Mathematics,71.97,87.38,35.88,74.28,86.9,71.94,81.28,72.94,C,Yes,Yes,High School,Low,4,17.8
S5705,Ahmed,Jones,student4705@university.com,Female,19,Computer Science,88.34,64.18,43.77,46.3,88.62,93.98,38.98,62.64,D,Yes,Yes,Bachelor's,Low,0,19.2
S5706,Maria,Lee,student4706@university.com,Male,23,Engineering,84.44,44.61,39.14,89.51,33.86,40.81,46.27,49.03,F,No,No,High School,Low,1,19.6
S5707,Ayesha,Williams,student4707@university.com,Male,24,Physics,68.71,32.92,45.95,69.71,96.82,58.42,63.9,61.29,D,No,No,Bachelor's,High,6,2.9
S5708,Ahmed,Jones,student4708@university.com,Male,18,Computer Science,84.92,61.49,41.97,57.72,45.23,71.5,44.07,53.66,D,No,Yes,Master's,Low,0,6.1
S5709,Ayesha,Ahmed,student4709@university.com,Male,22,Computer Science,94.97,54.31,37.99,39.6,53.76,73.83,92.67,58.69,D,Yes,No,Master's,High,10,10.2
S5710,Ali,Jones,student4710@university.com,Female,18,Engineering,98.09,60.42,31.78,73.83,82.72,67.45,92.83,68.17,C,Yes,Yes,Bachelor's,High,0,4.6
S5711,Emma,Jones,student4711@university.com,Female,24,Mathematics,73.99,58.46,82.86,90.72,61.15,63.79,91.94,74.82,C,Yes,Yes,Master's,Low,1,1.2
S5712,Ali,Ahmed,student4712@university.com,Male,21,Physics,84.99,72.07,53.89,83.23,65.4,34.72,96.37,67.61,C,Yes,No,High School,Low,10,6.4
S5713,Omar,Ahmed,student4713@university.com,Female,22,Physics,74.28,71.24,71.4,81.9,90.89,33.02,49.35,66.3,C,No,No,Master's,Low,7,19.4
S5714,Maria,Clark,student4714@university.com,Male,25,Computer Science,68.5,74.77,68.04,62.29,72.64,77.17,41.6,66.09,C,Yes,Yes,High School,High,3,2.3
S5715,Ahmed,Lee,student4715@university.com,Female,24,Engineering,85.85,57.53,39.14,79.07,65.78,87.2,91.79,70.09,C,No,Yes,Bachelor's,High,2,1.4
S5716,Ayesha,Khan,student4716@university.com,Female,21,Mathematics,64.91,77.74,72.81,82.27,64.57,35.34,85.74,69.75,C,Yes,No,Bachelor's,Low,4,12.4
S5717,Liam,Clark,student4717@university.com,Male,19,Mathematics,70.56,66.26,76.2,71.02,43.18,63.73,86.43,67.8,C,Yes,Yes,Bachelor's,Medium,2,11.4
S5718,Maria,Clark,student4718@university.com,Female,21,Computer Science,99.23,64.28,73.02,59.82,99.45,74.25,96.92,77.96,B,Yes,No,High School,Medium,7,8.7
S5719,Omar,Khan,student4719@university.com,Female,19,Computer Science,79.67,66.77,40.45,62.29,39.13,83.82,99.21,65.28,C,No,Yes,High School,High,4,13.1
S5720,Omar,Williams,student4720@university.com,Male,23,Business,82.72,48.4,57.04,67.04,78.83,66.21,96.69,69.03,C,No,Yes,Master's,Medium,5,1.2
S5721,Omar,Brown,student4721@university.com,Female,25,Physics,84.09,31.76,87.72,42.77,92.8,31.46,72.32,59.8,D,Yes,Yes,Master's,Low,7,1.3
S5722,Omar,Smith,student4722@university.com,Female,24,Engineering,84.91,68.85,30.97,55.32,64.42,52.12,72.79,57.41,D,No,No,High School,High,4,15.4
S5723,Noah,Williams,student4723@university.com,Male,25,Mathematics,66.88,55.72,49.45,72.92,64.24,89.67,39.43,61.91,D,No,No,High School,Medium,5,9.0
S5724,Ayesha,Clark,student4724@university.com,Male,19,Physics,73.66,34.93,64.86,33.05,72.93,33.6,53.75,48.85,F,Yes,No,High School,Low,5,8.1
S5725,Liam,Brown,student4725@university.com,Female,25,Computer Science,81.54,49.36,95.07,63.56,60.62,45.16,38.65,58.74,D,No,No,Bachelor's,High,4,5.8
S5726,Ayesha,Jones,student4726@university.com,Male,21,Engineering,80.24,53.1,68.3,71.78,75.2,89.55,91.78,74.95,C,Yes,No,Bachelor's,High,6,13.5
S5727,Noah,Wilson,student4727@university.com,Male,21,Computer Science,99.29,45.29,82.79,35.99,68.33,89.83,96.93,69.86,C,No,No,Master's,Low,10,5.2
S5728,Ayesha,Clark,student4728@university.com,Female,20,Mathematics,82.08,89.29,95.04,41.21,55.11,84.52,68.66,72.31,C,Yes,Yes,Master's,Medium,10,9.1
S5729,Noah,Williams,student4729@university.com,Male,23,Engineering,79.33,56.39,52.6,52.29,39.51,95.05,79.09,62.49,D,No,Yes,Bachelor's,High,1,11.6
S5730,Sara,Wilson,student4730@university.com,Male,18,Business,68.44,83.8,87.24,60.93,61.32,58.88,45.58,66.29,C,Yes,Yes,Bachelor's,High,8,16.5
S5731,John,Williams,student4731@university.com,Female,24,Mathematics,76.31,31.78,72.92,58.47,97.88,65.98,84.84,68.64,C,No,Yes,Bachelor's,Medium,6,4.7
S5732,Sara,Clark,student4732@university.com,Female,21,Physics,67.56,64.41,67.39,63.61,43.15,39.62,63.39,56.93,D,Yes,Yes,High School,Low,9,18.7
S5733,John,Jones,student4733@university.com,Male,18,Physics,92.17,85.6,47.95,36.85,87.61,54.65,55.2,61.31,D,Yes,No,Bachelor's,High,7,11.9
S5734,Omar,Jones,student4734@university.com,Female,22,Mathematics,77.26,32.46,88.81,83.54,86.68,31.91,94.68,69.68,C,No,Yes,Bachelor's,Medium,5,3.2
S5735,Omar,Jones,student4735@university.com,Female,22,Mathematics,91.27,98.89,49.07,74.76,44.94,86.89,49.35,67.32,C,Yes,Yes,Bachelor's,High,10,9.3
S5736,Liam,Ahmed,student4736@university.com,Female,24,Computer Science,71.09,36.68,83.14,49.55,69.87,74.04,42.91,59.37,D,No,Yes,Master's,High,9,18.4
S5737,Ahmed,Williams,student4737@university.com,Female,22,Mathematics,96.98,33.32,96.85,84.52,47.28,84.26,79.58,70.97,C,No,No,Master's,High,7,6.3
S5738,Liam,Jones,student4738@university.com,Female,24,Business,88.45,78.87,55.92,47.17,63.43,30.52,97.76,62.28,D,Yes,No,Bachelor's,Low,0,3.5
S5739,Omar,Khan,student4739@university.com,Male,18,Engineering,88.46,44.92,93.16,65.26,78.27,45.86,51.84,63.22,D,No,Yes,Master's,Medium,2,18.3
S5740,Ayesha,Clark,student4740@university.com,Female,19,Engineering,74.41,58.34,55.33,97.68,63.3,75.9,39.22,64.96,D,Yes,No,High School,Low,3,1.5
S5741,Liam,Lee,student4741@university.com,Female,25,Mathematics,92.27,34.67,92.22,89.19,83.46,54.69,61.28,69.25,C,No,Yes,High School,Medium,2,18.7
S5742,Emma,Smith,student4742@university.com,Male,19,Physics,75.29,55.62,43.26,85.15,32.77,99.92,68.48,64.2,D,Yes,Yes,Bachelor's,High,7,2.9
S5743,Ali,Clark,student4743@university.com,Male,21,Business,83.45,67.86,75.02,85.64,45.53,62.49,47.09,63.94,D,No,Yes,High School,Low,0,15.2
S5744,Noah,Jones,student4744@university.com,Female,18,Computer Science,61.03,84.76,71.86,74.43,38.2,44.34,84.39,66.33,C,Yes,No,High School,Medium,9,8.2
S5745,Omar,Khan,student4745@university.com,Male,24,Computer Science,76.99,79.92,56.14,33.34,74.18,46.93,76.85,61.23,D,Yes,No,Bachelor's,Medium,3,9.0
S5746,Ali,Ahmed,student4746@university.com,Female,19,Engineering,84.42,47.97,84.29,58.64,99.04,59.83,85.41,72.53,C,No,Yes,Master's,Medium,8,5.6
S5747,Ali,Wilson,student4747@university.com,Male,18,Physics,98.09,41.04,60.81,66.62,31.25,69.73,78.47,57.99,D,Yes,Yes,Bachelor's,Medium,7,3.9
S5748,John,Lee,student4748@university.com,Male,18,Business,97.99,58.16,44.71,39.66,93.36,71.68,61.95,61.59,D,No,No,Master's,Medium,9,14.3
S5749,Maria,Lee,student4749@university.com,Male,19,Engineering,74.3,58.38,32.63,69.06,63.25,74.58,70.59,61.41,D,No,Yes,High School,Medium,4,15.8
S5750,Noah,Williams,student4750@university.com,Female,24,Mathematics,97.49,80.2,89.46,71.84,74.92,95.05,98.11,84.93,B,Yes,Yes,Master's,Medium,3,17.1
S5751,Noah,Smith,student4751@university.com,Male,21,Computer Science,85.18,61.47,85.44,69.81,45.28,98.37,36.74,66.19,C,Yes,Yes,Bachelor's,Medium,3,18.5
S5752,Liam,Ahmed,student4752@university.com,Female,19,Computer Science,82.77,41.87,59.92,72.14,60.33,78.62,41.16,59.01,D,Yes,No,High School,Medium,9,1.6
S5753,Maria,Khan,student4753@university.com,Male,18,Mathematics,70.98,52.47,48.96,48.28,83.7,31.03,67.76,55.37,D,Yes,No,Master's,High,6,4.2
S5754,John,Ahmed,student4754@university.com,Female,21,Physics,68.03,96.69,50.28,74.2,44.67,41.28,63.78,61.82,D,Yes,Yes,Master's,Low,2,13.6
S5755,Maria,Williams,student4755@university.com,Female,22,Business,75.29,73.36,56.44,80.55,79.41,92.56,67.61,74.99,C,No,No,Bachelor's,Low,1,18.8
S5756,Ali,Ahmed,student4756@university.com,Female,20,Engineering,92.9,30.84,78.77,92.19,80.43,54.43,35.15,61.97,D,Yes,Yes,Bachelor's,High,1,3.3
S5757,Maria,Lee,student4757@university.com,Female,20,Physics,72.09,88.53,64.49,65.27,50.72,31.74,56.29,59.51,D,Yes,Yes,Master's,High,5,14.6
S5758,Sara,Ahmed,student4758@university.com,Male,23,Engineering,61.91,93.97,62.92,88.71,79.79,31.23,35.83,65.41,C,No,No,Bachelor's,High,7,14.1
S5759,Omar,Smith,student4759@university.com,Female,21,Physics,74.26,64.64,37.9,53.83,72.7,45.49,75.5,58.34,D,Yes,No,Bachelor's,High,4,5.7
S5760,Ali,Wilson,student4760@university.com,Male,24,Physics,69.95,88.87,56.31,75.04,42.65,85.12,48.16,66.02,C,No,No,High School,High,6,13.8
S5761,Liam,Brown,student4761@university.com,Female,19,Computer Science,73.43,73.08,62.43,79.96,50.53,46.25,82.19,65.74,C,Yes,Yes,Master's,Medium,10,15.6
S5762,Ahmed,Wilson,student4762@university.com,Female,19,Engineering,60.52,60.99,53.51,43.01,60.02,77.76,36.95,55.37,D,No,No,Bachelor's,Low,10,16.4
S5763,Ayesha,Khan,student4763@university.com,Male,22,Mathematics,63.51,75.08,67.42,69.97,89.43,66.48,68.66,72.84,C,No,No,Bachelor's,High,7,19.8
S5764,Maria,Wilson,student4764@university.com,Male,19,Computer Science,85.84,67.89,56.17,62.76,74.68,74.29,34.66,61.74,D,No,No,High School,High,1,17.3
S5765,Ali,Jones,student4765@university.com,Male,23,Business,61.88,55.95,96.02,62.81,78.8,35.37,95.03,70.66,C,Yes,Yes,High School,Medium,7,5.5
S5766,Emma,Clark,student4766@university.com,Male,20,Business,94.18,55.48,92.69,70.42,90.48,89.09,41.65,73.3,C,No,Yes,Bachelor's,Medium,9,13.3
S5767,Sara,Brown,student4767@university.com,Male,19,Mathematics,61.58,58.59,85.11,97.57,33.45,71.77,62.78,68.21,C,No,No,Master's,Low,0,5.2
S5768,John,Williams,student4768@university.com,Male,23,Engineering,66.98,64.24,84.42,62.64,31.81,96.65,88.76,71.42,C,No,Yes,High School,High,8,3.2
S5769,Emma,Brown,student4769@university.com,Male,23,Mathematics,77.95,89.81,75.52,94.98,87.81,94.77,45.4,81.38,B,No,No,Master's,Medium,2,19.8
S5770,Noah,Williams,student4770@university.com,Male,24,Physics,81.78,57.48,97.82,63.38,73.16,87.56,69.59,74.83,C,Yes,No,Master's,High,2,7.5
S5771,Ahmed,Brown,student4771@university.com,Female,22,Computer Science,74.77,81.46,65.37,62.0,96.17,80.08,66.75,75.3,B,Yes,No,Master's,Low,10,15.2
S5772,Emma,Lee,student4772@university.com,Male,22,Mathematics,66.96,93.35,43.67,47.49,57.41,46.9,32.13,53.49,D,No,No,High School,Low,10,1.3
S5773,Noah,Jones,student4773@university.com,Male,25,Physics,73.79,80.36,65.84,58.73,48.16,41.91,73.14,61.36,D,Yes,No,Master's,High,10,3.3
S5774,Emma,Smith,student4774@university.com,Male,25,Physics,77.51,81.77,95.93,93.58,65.12,69.89,55.1,76.9,B,Yes,No,Bachelor's,High,7,10.6
S5775,Liam,Khan,student4775@university.com,Female,19,Business,85.83,96.74,66.6,32.42,51.55,43.18,82.87,62.23,D,Yes,Yes,Master's,High,7,13.4
S5776,Liam,Taylor,student4776@university.com,Male,21,Engineering,72.29,92.53,49.65,38.79,74.93,76.09,67.41,66.57,C,Yes,No,Bachelor's,Medium,0,4.4
S5777,Ali,Williams,student4777@university.com,Female,18,Mathematics,98.19,30.67,71.81,93.46,82.14,90.73,83.2,75.33,B,Yes,Yes,High School,High,0,3.1
S5778,John,Smith,student4778@university.com,Female,22,Physics,89.41,87.73,38.57,83.8,79.36,30.77,84.18,67.4,C,No,No,Master's,Low,5,13.1
S5779,Liam,Smith,student4779@university.com,Male,24,Engineering,71.83,91.98,78.38,61.47,38.65,85.9,51.91,68.05,C,No,Yes,High School,Low,8,11.7
S5780,Omar,Khan,student4780@university.com,Female,21,Business,95.12,56.19,53.11,68.67,64.99,96.1,60.74,66.63,C,No,No,Master's,Low,9,7.9
S5781,Ayesha,Taylor,student4781@university.com,Female,21,Engineering,86.86,62.28,56.89,43.99,71.61,62.86,33.55,55.2,D,Yes,Yes,High School,High,0,15.0
S5782,Sara,Khan,student4782@university.com,Female,24,Mathematics,84.41,47.54,96.99,70.76,49.53,35.22,31.16,55.2,D,Yes,No,Master's,High,1,3.0
S5783,Noah,Taylor,student4783@university.com,Female,24,Physics,75.32,69.05,59.54,69.49,38.57,57.41,31.23,54.21,D,No,Yes,High School,Medium,0,19.8
S5784,Sara,Wilson,student4784@university.com,Male,23,Physics,86.68,69.97,80.12,81.19,50.47,35.3,54.87,61.99,D,Yes,No,Bachelor's,Medium,5,8.1
S5785,Liam,Brown,student4785@university.com,Male,22,Computer Science,73.42,54.66,79.64,31.98,87.25,54.11,54.24,60.31,D,Yes,Yes,Master's,High,9,13.2
S5786,John,Jones,student4786@university.com,Female,22,Engineering,66.54,81.1,71.05,47.83,49.45,50.65,84.72,64.13,D,No,No,Bachelor's,Low,7,6.3
S5787,Emma,Wilson,student4787@university.com,Male,25,Physics,82.0,57.45,43.83,61.53,98.34,76.68,92.49,71.72,C,Yes,Yes,High School,High,7,10.8
S5788,Omar,Clark,student4788@university.com,Female,19,Business,62.99,98.0,36.47,60.8,96.99,60.41,38.95,65.27,C,No,Yes,High School,Low,6,18.0
S5789,Emma,Khan,student4789@university.com,Male,22,Computer Science,83.08,37.86,63.05,64.28,31.06,88.78,96.94,63.66,D,Yes,No,High School,High,1,14.3
S5790,Emma,Brown,student4790@university.com,Male,23,Engineering,88.92,36.72,76.57,63.37,85.64,72.5,49.11,63.99,D,No,Yes,High School,Medium,10,5.7
S5791,Omar,Khan,student4791@university.com,Female,25,Engineering,94.84,32.79,88.25,95.66,81.85,55.45,81.34,72.56,C,Yes,Yes,Master's,Medium,7,12.2
S5792,Maria,Ahmed,student4792@university.com,Female,22,Computer Science,71.84,79.31,92.23,51.95,76.94,63.46,60.74,70.77,C,Yes,Yes,High School,Low,6,11.1
S5793,Omar,Khan,student4793@university.com,Female,24,Mathematics,80.03,46.4,68.2,65.05,63.09,79.45,33.39,59.26,D,Yes,Yes,Bachelor's,Medium,2,2.5
S5794,Emma,Ahmed,student4794@university.com,Male,22,Computer Science,62.67,54.55,30.26,52.61,42.24,31.35,54.06,44.18,F,Yes,No,Master's,Low,4,8.8
S5795,Noah,Jones,student4795@university.com,Male,20,Physics,88.42,33.97,69.13,57.64,68.03,97.75,49.5,62.67,D,Yes,No,High School,Medium,2,8.7
S5796,Maria,Jones,student4796@university.com,Male,19,Business,83.56,92.71,31.39,56.03,97.15,55.23,36.27,61.46,D,No,No,Bachelor's,High,8,11.2
S5797,Omar,Ahmed,student4797@university.com,Male,18,Physics,60.44,49.51,49.97,93.24,98.28,86.62,85.16,77.13,B,Yes,No,High School,Low,3,15.4
S5798,Emma,Taylor,student4798@university.com,Female,23,Computer Science,83.71,82.76,50.7,86.19,92.22,57.95,41.29,68.52,C,No,No,Master's,High,5,12.8
S5799,Emma,Taylor,student4799@university.com,Female,20,Mathematics,81.75,99.76,32.49,65.63,31.69,99.42,55.47,64.08,D,No,Yes,Bachelor's,High,4,6.7
S5800,Maria,Jones,student4800@university.com,Female,21,Engineering,74.46,41.98,49.29,70.5,61.7,72.53,73.0,61.5,D,Yes,Yes,Bachelor's,Medium,4,10.1
S5801,Liam,Williams,student4801@university.com,Male,23,Computer Science,98.33,57.11,69.35,59.59,81.84,73.6,69.03,68.42,C,No,No,High School,High,8,15.6
S5802,Emma,Jones,student4802@university.com,Female,22,Physics,81.33,71.3,61.2,32.44,62.1,71.5,89.07,64.6,D,No,Yes,Master's,Medium,5,10.0
S5803,Emma,Khan,student4803@university.com,Female,25,Computer Science,78.05,42.85,30.79,49.23,64.91,82.15,78.21,58.02,D,Yes,No,Master's,Low,3,9.0
S5804,Ahmed,Williams,student4804@university.com,Male,21,Physics,76.17,91.38,74.77,34.79,78.43,52.33,43.12,62.47,D,No,Yes,Master's,Medium,5,7.6
S5805,Emma,Jones,student4805@university.com,Male,18,Engineering,72.62,46.45,30.57,55.17,31.68,63.29,89.85,52.84,D,Yes,Yes,Bachelor's,Medium,1,18.4
S5806,Maria,Wilson,student4806@university.com,Male,23,Computer Science,65.04,52.3,39.85,84.64,46.33,78.26,45.57,57.82,D,No,No,Bachelor's,High,1,7.8
S5807,Sara,Khan,student4807@university.com,Female,21,Mathematics,87.42,44.97,43.2,71.79,78.05,49.8,62.47,58.38,D,No,Yes,Master's,Low,10,9.5
S5808,Maria,Taylor,student4808@university.com,Male,22,Engineering,82.21,71.31,84.53,33.19,98.01,99.06,98.59,80.78,B,Yes,No,Master's,Low,6,9.0
S5809,Ahmed,Clark,student4809@university.com,Female,21,Computer Science,75.23,58.7,97.44,68.09,90.33,70.5,51.51,72.76,C,No,Yes,High School,Medium,3,3.5
S5810,Maria,Clark,student4810@university.com,Female,25,Physics,90.76,95.46,66.66,38.05,97.98,91.69,34.85,70.78,C,No,No,Bachelor's,High,7,16.3
S5811,Ahmed,Lee,student4811@university.com,Female,18,Physics,89.55,32.17,44.18,64.54,94.4,72.07,56.44,60.63,D,No,Yes,Master's,Medium,1,18.5
S5812,Noah,Williams,student4812@university.com,Male,25,Engineering,63.21,75.06,92.45,63.52,49.63,39.59,72.51,65.46,C,No,Yes,Master's,High,4,4.7
S5813,Liam,Williams,student4813@university.com,Female,18,Business,67.31,89.48,88.33,73.23,35.89,37.01,73.05,66.17,C,Yes,Yes,Master's,Medium,7,1.4
S5814,Omar,Clark,student4814@university.com,Female,23,Computer Science,62.27,70.79,61.13,85.6,45.09,88.38,81.87,72.14,C,No,Yes,Bachelor's,Medium,1,17.0
S5815,Omar,Khan,student4815@university.com,Male,24,Engineering,90.07,40.01,69.46,95.71,61.4,45.04,69.24,63.48,D,Yes,Yes,Bachelor's,Low,6,17.4
S5816,Omar,Brown,student4816@university.com,Female,25,Computer Science,60.32,67.25,83.61,73.36,89.93,69.36,50.2,72.29,C,Yes,Yes,Master's,High,4,18.8
S5817,Sara,Brown,student4817@university.com,Female,22,Mathematics,96.77,48.76,57.4,53.55,70.92,67.92,97.81,66.06,C,No,Yes,High School,Low,5,12.3
S5818,Ayesha,Ahmed,student4818@university.com,Male,18,Mathematics,84.81,30.15,89.1,30.99,90.75,50.9,95.56,64.58,D,Yes,No,Bachelor's,Medium,0,16.5
S5819,Maria,Khan,student4819@university.com,Female,24,Physics,96.43,79.34,97.95,60.47,88.51,56.45,92.17,79.15,B,Yes,Yes,Master's,High,4,9.1
S5820,Ayesha,Lee,student4820@university.com,Male,20,Engineering,98.2,40.26,82.78,89.5,63.49,71.98,95.73,73.96,C,No,No,High School,Medium,7,12.7
S5821,Ahmed,Clark,student4821@university.com,Female,22,Computer Science,99.76,39.87,73.63,35.52,51.23,97.64,88.04,64.32,D,No,No,High School,Medium,6,7.3
S5822,John,Lee,student4822@university.com,Female,23,Engineering,85.85,65.38,51.7,72.23,64.73,37.82,66.48,59.72,D,No,Yes,High School,Low,7,8.8
S5823,Ali,Williams,student4823@university.com,Female,19,Engineering,91.63,84.0,43.11,86.68,38.26,31.23,43.82,54.52,D,No,No,Master's,Low,8,8.2
S5824,Ali,Jones,student4824@university.com,Female,18,Physics,85.88,53.43,72.05,81.73,88.33,38.15,31.36,60.84,D,Yes,No,Master's,High,1,19.0
S5825,Noah,Khan,student4825@university.com,Female,20,Mathematics,88.64,94.08,71.92,65.2,47.82,61.52,52.29,65.47,C,Yes,No,Bachelor's,Medium,7,17.5
S5826,Noah,Clark,student4826@university.com,Male,25,Business,67.98,81.1,50.51,92.43,47.34,66.69,89.88,71.33,C,No,Yes,Bachelor's,High,6,2.9
S5827,Maria,Ahmed,student4827@university.com,Male,19,Mathematics,60.04,45.58,64.1,64.28,83.84,32.64,68.86,59.88,D,Yes,Yes,Bachelor's,Medium,3,11.1
S5828,Maria,Williams,student4828@university.com,Female,18,Computer Science,76.62,83.34,76.48,87.85,50.01,66.37,32.23,66.05,C,Yes,Yes,Master's,Medium,1,10.0
S5829,John,Lee,student4829@university.com,Female,21,Business,74.16,71.05,47.69,73.54,34.29,33.43,91.94,58.66,D,No,No,High School,Medium,7,17.5
S5830,Liam,Lee,student4830@university.com,Male,18,Engineering,92.74,43.64,92.21,97.61,65.78,99.51,47.29,74.34,C,No,Yes,Master's,High,7,1.9
S5831,Liam,Khan,student4831@university.com,Female,21,Business,95.39,64.29,96.21,67.33,61.92,55.86,78.97,70.76,C,No,No,Master's,Low,3,6.0
S5832,Emma,Taylor,student4832@university.com,Male,18,Business,67.8,63.7,91.33,45.08,83.65,67.38,46.97,66.35,C,No,No,Master's,Medium,2,12.4
S5833,John,Williams,student4833@university.com,Male,25,Computer Science,96.04,49.4,50.23,96.54,43.98,82.48,66.94,64.93,D,No,No,Master's,Low,0,1.7
S5834,Maria,Williams,student4834@university.com,Male,21,Engineering,97.44,58.22,40.17,56.7,48.54,69.72,78.43,58.63,D,No,Yes,Master's,High,1,14.0
S5835,Maria,Clark,student4835@university.com,Male,24,Engineering,76.62,48.2,45.45,89.57,61.13,88.82,87.55,70.12,C,No,No,Master's,Medium,9,5.2
S5836,Ayesha,Ahmed,student4836@university.com,Male,21,Business,93.6,39.25,68.68,51.49,38.53,81.86,30.84,51.77,D,No,No,Bachelor's,Low,3,15.0
S5837,John,Williams,student4837@university.com,Female,19,Business,91.52,91.53,45.82,63.59,43.81,39.52,50.46,55.79,D,Yes,No,High School,High,3,19.3
S5838,Ali,Taylor,student4838@university.com,Female,20,Physics,64.14,45.36,41.66,96.52,72.05,44.4,77.74,62.95,D,No,Yes,Bachelor's,Low,4,19.5
S5839,Emma,Lee,student4839@university.com,Female,19,Mathematics,98.57,85.43,68.71,92.7,53.85,75.09,41.46,69.54,C,No,Yes,Master's,High,6,6.4
S5840,Liam,Ahmed,student4840@university.com,Male,18,Engineering,78.61,89.13,78.06,71.3,60.71,43.93,70.88,69.0,C,No,Yes,Master's,Medium,10,9.5
S5841,Noah,Wilson,student4841@university.com,Female,21,Business,90.26,59.74,75.8,98.67,61.85,85.2,48.68,71.66,C,No,No,Master's,Medium,10,12.0
S5842,Emma,Smith,student4842@university.com,Male,18,Engineering,77.2,41.22,48.67,86.39,75.78,90.47,75.02,69.59,C,Yes,Yes,High School,Low,9,5.8
S5843,Ayesha,Ahmed,student4843@university.com,Male,20,Business,91.27,74.67,60.0,70.42,90.85,60.69,98.89,75.92,B,Yes,Yes,Master's,Low,6,18.6
S5844,Omar,Williams,student4844@university.com,Female,23,Mathematics,66.93,59.22,35.49,98.04,85.75,49.83,46.72,62.51,D,Yes,No,Bachelor's,Low,3,5.4
S5845,Ayesha,Taylor,student4845@university.com,Male,21,Engineering,93.57,72.51,60.22,52.4,49.0,94.9,60.95,65.0,C,No,Yes,Master's,Low,2,12.1
S5846,Ahmed,Smith,student4846@university.com,Male,22,Engineering,69.19,99.99,72.88,59.48,51.31,56.85,85.2,70.95,C,Yes,No,Master's,High,3,19.3
S5847,Ayesha,Smith,student4847@university.com,Female,20,Computer Science,79.64,44.78,37.44,55.71,75.56,80.18,82.48,62.69,D,Yes,Yes,Master's,Medium,5,15.6
S5848,Ali,Ahmed,student4848@university.com,Female,18,Computer Science,81.31,75.28,81.07,61.12,42.67,40.62,51.42,58.7,D,Yes,Yes,High School,Medium,0,4.8
S5849,Ayesha,Ahmed,student4849@university.com,Female,24,Engineering,77.72,69.92,71.4,59.74,92.28,85.62,44.18,70.52,C,No,Yes,High School,Low,5,8.2
S5850,Ayesha,Smith,student4850@university.com,Male,24,Engineering,67.23,31.71,31.9,45.61,77.2,94.61,54.71,55.96,D,Yes,Yes,Bachelor's,High,8,12.3
S5851,Ayesha,Lee,student4851@university.com,Female,22,Business,83.33,46.09,59.41,87.95,56.4,47.61,31.33,54.8,D,Yes,No,Bachelor's,Medium,5,18.8
S5852,John,Taylor,student4852@university.com,Male,22,Computer Science,68.97,36.44,52.05,65.71,31.38,77.35,42.77,50.95,D,Yes,Yes,High School,Low,7,17.5
S5853,Sara,Ahmed,student4853@university.com,Female,23,Computer Science,89.26,43.55,74.43,36.38,60.39,38.73,89.64,57.19,D,Yes,No,Master's,Low,1,16.3
S5854,Maria,Brown,student4854@university.com,Male,24,Business,70.32,70.45,69.83,59.66,52.65,49.18,96.22,66.33,C,No,No,High School,High,6,17.5
S5855,Ayesha,Taylor,student4855@university.com,Female,24,Physics,74.62,55.63,58.66,95.56,83.8,48.72,93.97,72.72,C,No,No,High School,Low,2,15.5
S5856,John,Taylor,student4856@university.com,Male,20,Computer Science,73.87,66.64,69.44,57.58,82.54,32.21,49.16,59.59,D,Yes,No,High School,Low,5,9.6
S5857,Omar,Lee,student4857@university.com,Male,22,Computer Science,92.58,31.31,43.96,68.54,52.19,37.69,94.05,54.62,D,Yes,No,Master's,High,4,6.4
S5858,Ahmed,Khan,student4858@university.com,Male,20,Physics,91.73,57.38,90.46,64.47,92.27,74.01,41.29,69.98,C,No,No,Bachelor's,Medium,0,1.7
S5859,Liam,Brown,student4859@university.com,Female,24,Engineering,77.17,35.63,91.32,52.3,77.54,39.13,48.61,57.42,D,Yes,Yes,Bachelor's,Low,7,15.2
S5860,Sara,Taylor,student4860@university.com,Female,18,Mathematics,73.31,50.82,77.16,74.48,97.57,46.62,33.6,63.38,D,No,No,Master's,Low,2,13.3
S5861,Ali,Taylor,student4861@university.com,Female,25,Physics,87.35,85.92,79.62,60.43,66.52,78.76,70.18,73.57,C,Yes,Yes,High School,Medium,8,12.9
S5862,John,Smith,student4862@university.com,Male,20,Business,80.48,71.72,48.84,44.24,78.19,72.08,41.95,59.5,D,No,Yes,Bachelor's,Low,4,17.3
S5863,Ali,Khan,student4863@university.com,Male,24,Mathematics,75.76,39.02,51.45,92.33,43.96,52.87,69.46,58.18,D,Yes,Yes,Master's,Medium,6,11.4
S5864,Omar,Wilson,student4864@university.com,Male,25,Computer Science,87.35,70.23,47.92,96.91,86.66,33.93,77.06,68.79,C,Yes,No,Master's,Medium,7,13.7
S5865,Sara,Wilson,student4865@university.com,Male,20,Mathematics,92.17,30.5,42.61,48.58,66.36,31.18,76.69,49.32,F,Yes,No,Bachelor's,Low,6,4.1
S5866,Ayesha,Taylor,student4866@university.com,Female,24,Mathematics,68.36,64.28,55.94,60.42,78.5,39.51,81.77,63.4,D,Yes,No,Bachelor's,Low,2,18.3
S5867,Ayesha,Taylor,student4867@university.com,Male,18,Engineering,86.61,33.65,51.41,94.59,55.63,67.57,33.92,56.13,D,No,No,Master's,Low,9,16.1
S5868,Liam,Wilson,student4868@university.com,Male,19,Business,98.93,70.55,83.44,34.7,40.29,47.39,31.66,51.34,D,No,Yes,Master's,Medium,2,8.1
S5869,John,Smith,student4869@university.com,Male,24,Engineering,68.13,38.45,32.82,96.28,94.7,32.14,80.95,62.56,D,No,No,High School,Medium,6,9.3
S5870,Ayesha,Williams,student4870@university.com,Female,20,Physics,75.75,99.39,37.75,31.31,49.96,65.42,44.39,54.7,D,No,Yes,Master's,Low,9,4.2
S5871,Ayesha,Clark,student4871@university.com,Female,22,Computer Science,89.07,39.56,34.64,87.6,81.95,99.36,62.66,67.63,C,No,Yes,Master's,Low,7,9.5
S5872,Omar,Ahmed,student4872@university.com,Female,21,Business,67.38,98.98,44.26,87.67,56.43,91.01,38.06,69.4,C,Yes,Yes,High School,High,9,7.9
S5873,Noah,Jones,student4873@university.com,Female,23,Physics,86.27,46.79,93.56,82.75,34.58,32.43,92.26,63.73,D,Yes,No,High School,High,8,12.5
S5874,Omar,Ahmed,student4874@university.com,Female,20,Physics,87.03,80.67,73.26,99.64,35.47,63.65,73.16,70.97,C,No,No,Master's,High,4,16.8
S5875,Emma,Jones,student4875@university.com,Male,22,Mathematics,91.74,66.17,40.24,40.61,30.03,51.69,80.31,51.51,D,No,No,Master's,Medium,1,12.0
S5876,Ahmed,Khan,student4876@university.com,Female,19,Physics,68.32,97.9,36.95,58.97,61.97,50.87,48.42,59.18,D,Yes,Yes,Bachelor's,Low,7,14.3
S5877,Ahmed,Wilson,student4877@university.com,Male,22,Computer Science,89.51,79.43,98.41,35.96,87.47,46.77,57.54,67.6,C,Yes,No,Master's,High,10,18.8
S5878,Ali,Lee,student4878@university.com,Male,18,Engineering,78.57,35.26,32.43,45.07,71.05,84.69,50.55,53.18,D,No,No,Master's,Low,6,19.5
S5879,Sara,Williams,student4879@university.com,Male,18,Computer Science,60.35,66.93,54.75,48.61,88.16,46.46,95.24,66.69,C,No,Yes,Bachelor's,High,1,11.3
S5880,Ahmed,Smith,student4880@university.com,Female,25,Mathematics,97.79,61.84,39.9,48.89,90.63,76.28,90.49,68.0,C,No,No,Master's,Medium,7,7.7
S5881,Liam,Khan,student4881@university.com,Female,18,Mathematics,73.74,82.71,68.71,93.66,98.37,34.65,87.9,77.67,B,Yes,Yes,Bachelor's,Medium,6,6.2
S5882,Sara,Wilson,student4882@university.com,Male,20,Computer Science,95.56,96.25,94.69,87.34,95.96,67.38,73.06,85.78,A,Yes,Yes,High School,High,1,6.4
S5883,John,Taylor,student4883@university.com,Female,24,Engineering,93.0,77.27,37.77,78.46,88.25,79.1,35.61,66.08,C,No,No,Master's,Medium,2,17.9
S5884,John,Lee,student4884@university.com,Male,22,Engineering,82.35,33.28,85.3,74.02,71.03,96.02,95.36,75.83,B,No,Yes,High School,High,4,9.8
S5885,Liam,Lee,student4885@university.com,Female,21,Business,65.97,85.76,41.06,46.34,36.1,56.26,49.96,52.58,D,No,Yes,Bachelor's,Low,9,6.1
S5886,Liam,Khan,student4886@university.com,Male,20,Engineering,71.34,62.08,64.02,60.13,41.23,79.72,96.05,67.2,C,No,Yes,High School,Low,5,6.4
S5887,Ayesha,Jones,student4887@university.com,Male,18,Business,79.6,89.13,82.49,66.35,33.93,32.58,77.78,63.71,D,No,No,Bachelor's,High,7,1.8
S5888,Ahmed,Smith,student4888@university.com,Female,25,Computer Science,98.53,43.18,67.6,37.57,54.12,51.98,76.57,55.17,D,No,Yes,High School,Medium,5,12.0
S5889,Ali,Khan,student4889@university.com,Male,19,Computer Science,89.59,73.86,48.87,86.15,44.84,69.71,68.74,65.36,C,Yes,Yes,Bachelor's,High,2,4.6
S5890,Omar,Lee,student4890@university.com,Female,25,Engineering,89.79,40.6,36.21,69.29,87.88,44.76,51.61,55.06,D,Yes,No,Bachelor's,High,9,17.4
S5891,Sara,Khan,student4891@university.com,Female,22,Physics,60.68,76.49,79.46,84.6,41.16,72.67,63.18,69.59,C,Yes,Yes,High School,High,2,3.8
S5892,Ali,Clark,student4892@university.com,Female,22,Computer Science,99.8,47.5,96.24,62.28,92.23,55.15,46.35,66.62,C,No,No,Master's,High,7,1.5
S5893,Noah,Lee,student4893@university.com,Male,21,Physics,65.74,52.49,88.12,86.06,95.21,40.27,43.18,67.55,C,Yes,Yes,Bachelor's,Medium,8,6.0
S5894,Noah,Lee,student4894@university.com,Female,23,Physics,90.02,34.02,92.21,64.5,55.39,99.35,30.17,62.61,D,No,No,High School,High,1,8.6
S5895,Sara,Lee,student4895@university.com,Female,25,Computer Science,90.58,40.7,76.37,51.23,37.44,98.56,72.32,62.77,D,No,No,Bachelor's,Low,3,7.2
S5896,Maria,Khan,student4896@university.com,Male,21,Business,82.46,41.79,49.55,94.22,64.86,43.34,41.4,55.86,D,Yes,No,Bachelor's,High,3,6.9
S5897,Ahmed,Wilson,student4897@university.com,Male,23,Engineering,91.97,78.98,51.85,60.06,69.46,63.77,59.25,63.9,D,No,No,Bachelor's,Medium,6,14.6
S5898,Omar,Williams,student4898@university.com,Female,25,Engineering,60.41,42.8,78.43,43.14,52.37,45.83,39.44,50.34,D,Yes,Yes,Bachelor's,Medium,8,13.1
S5899,Maria,Taylor,student4899@university.com,Female,18,Physics,80.89,60.89,38.13,95.4,84.42,58.89,55.04,65.46,C,No,Yes,High School,Low,5,3.3
S5900,Ahmed,Jones,student4900@university.com,Female,19,Engineering,80.06,39.46,98.43,79.36,35.76,98.85,59.19,68.51,C,No,Yes,Master's,Medium,8,7.9
S5901,Ayesha,Khan,student4901@university.com,Female,21,Business,86.05,75.03,32.85,80.86,32.69,61.21,35.91,53.09,D,Yes,No,Master's,High,6,7.3
S5902,Ali,Taylor,student4902@university.com,Male,20,Computer Science,99.66,59.36,41.89,76.36,63.0,32.94,55.97,54.92,D,No,No,High School,High,6,18.7
S5903,Sara,Taylor,student4903@university.com,Female,21,Mathematics,90.34,76.61,55.35,96.0,67.3,56.02,97.03,74.72,C,No,No,Bachelor's,High,4,19.0
S5904,Ali,Ahmed,student4904@university.com,Male,18,Mathematics,70.87,47.06,59.74,78.5,38.13,58.54,80.82,60.47,D,Yes,No,High School,High,10,16.1
S5905,Sara,Jones,student4905@university.com,Female,19,Computer Science,97.42,52.81,79.37,70.37,92.24,54.67,68.01,69.58,C,No,Yes,Bachelor's,Medium,3,1.1
S5906,Ahmed,Lee,student4906@university.com,Male,25,Physics,63.23,36.73,59.71,60.66,97.76,60.2,97.92,68.83,C,No,Yes,High School,Low,2,13.0
S5907,John,Wilson,student4907@university.com,Male,24,Computer Science,95.43,52.66,32.5,31.34,37.06,60.26,40.11,42.32,F,No,Yes,Bachelor's,High,3,5.2
S5908,John,Lee,student4908@university.com,Female,20,Mathematics,93.42,62.89,32.13,52.55,85.99,98.28,95.86,71.28,C,No,No,High School,High,3,3.4
S5909,Noah,Taylor,student4909@university.com,Male,19,Mathematics,65.87,76.18,85.71,57.57,65.47,52.49,53.91,65.22,C,Yes,Yes,Master's,High,7,3.4
S5910,Emma,Ahmed,student4910@university.com,Male,18,Physics,63.27,56.23,50.83,77.57,64.2,34.18,66.86,58.31,D,Yes,Yes,High School,High,1,6.0
S5911,John,Williams,student4911@university.com,Female,20,Engineering,98.83,41.54,78.08,79.77,37.17,43.34,65.67,57.59,D,Yes,Yes,Master's,High,5,8.9
S5912,Sara,Jones,student4912@university.com,Male,25,Mathematics,96.94,86.32,67.57,54.97,78.38,94.86,46.24,71.39,C,Yes,Yes,Bachelor's,Medium,3,14.7
S5913,John,Smith,student4913@university.com,Male,23,Physics,67.58,42.15,56.65,98.17,79.14,44.22,63.0,63.89,D,Yes,Yes,Bachelor's,High,8,5.6
S5914,Maria,Wilson,student4914@university.com,Male,25,Physics,76.79,45.5,41.74,38.73,30.74,72.21,30.95,43.31,F,No,Yes,High School,High,2,6.1
S5915,John,Brown,student4915@university.com,Male,21,Mathematics,76.4,82.04,49.05,55.17,42.62,65.21,72.24,61.05,D,No,No,Master's,Medium,5,9.8
S5916,Maria,Ahmed,student4916@university.com,Male,25,Mathematics,99.25,55.26,80.11,41.47,72.69,68.71,88.94,67.86,C,No,No,Master's,Low,2,6.9
S5917,Maria,Taylor,student4917@university.com,Female,23,Mathematics,95.9,93.19,43.18,97.3,31.42,34.25,90.54,64.98,D,No,No,Bachelor's,Medium,3,15.8
S5918,Maria,Ahmed,student4918@university.com,Female,24,Mathematics,67.15,75.63,84.62,75.99,52.22,44.63,62.33,65.9,C,No,No,Bachelor's,High,5,13.6
S5919,Ali,Brown,student4919@university.com,Male,25,Computer Science,80.29,32.04,93.97,40.37,51.85,50.34,38.73,51.22,D,No,Yes,Bachelor's,Medium,5,4.9
S5920,Maria,Khan,student4920@university.com,Male,23,Mathematics,81.71,42.36,31.7,59.23,95.99,52.42,70.54,58.71,D,Yes,No,Bachelor's,Low,0,13.5
S5921,Ahmed,Lee,student4921@university.com,Male,24,Computer Science,80.85,97.81,70.49,93.31,50.22,53.04,91.18,76.01,B,Yes,Yes,High School,High,7,11.4
S5922,John,Brown,student4922@university.com,Male,18,Physics,85.22,88.24,68.85,65.09,48.49,95.13,88.73,75.75,B,No,Yes,Bachelor's,Low,9,15.2
S5923,Omar,Wilson,student4923@university.com,Female,25,Engineering,84.28,67.61,83.69,80.76,77.74,52.4,83.32,74.25,C,Yes,No,High School,High,8,2.4
S5924,Ali,Brown,student4924@university.com,Male,18,Physics,74.45,93.92,95.05,56.63,95.8,42.84,79.11,77.23,B,No,No,Bachelor's,Medium,5,18.2
S5925,Maria,Khan,student4925@university.com,Female,19,Computer Science,82.24,52.32,56.68,64.65,67.62,31.87,90.87,60.67,D,No,No,Bachelor's,Low,9,8.2
S5926,Liam,Wilson,student4926@university.com,Female,18,Engineering,62.43,33.99,42.51,94.39,58.86,48.25,96.63,62.44,D,No,No,Bachelor's,Medium,0,8.0
S5927,Liam,Smith,student4927@university.com,Male,22,Mathematics,92.7,37.94,92.97,99.34,47.21,37.86,41.98,59.55,D,Yes,No,Bachelor's,Medium,0,12.5
S5928,Sara,Khan,student4928@university.com,Male,25,Physics,72.8,45.12,72.76,64.43,40.24,33.36,46.18,50.35,D,No,Yes,High School,Low,9,19.8
S5929,Maria,Taylor,student4929@university.com,Female,22,Business,72.7,90.67,92.0,62.56,37.49,50.85,99.31,72.15,C,Yes,No,High School,Medium,2,15.5
S5930,Sara,Taylor,student4930@university.com,Female,23,Engineering,74.4,41.79,80.61,30.15,99.71,44.28,42.26,56.47,D,Yes,Yes,High School,High,7,2.7
S5931,Omar,Ahmed,student4931@university.com,Female,18,Computer Science,80.5,61.13,73.83,36.46,47.35,61.16,34.57,52.42,D,No,No,Master's,Low,5,5.2
S5932,Noah,Smith,student4932@university.com,Male,23,Physics,79.15,98.28,66.87,37.54,86.38,35.92,93.04,69.67,C,Yes,No,Master's,High,6,5.9
S5933,Emma,Jones,student4933@university.com,Male,22,Physics,90.36,45.83,95.82,59.13,72.35,66.92,74.77,69.14,C,No,No,Master's,Medium,3,17.3
S5934,Ali,Taylor,student4934@university.com,Female,19,Business,96.68,77.83,45.6,71.63,47.5,96.57,35.18,62.38,D,No,No,Bachelor's,Medium,6,4.7
S5935,Ali,Clark,student4935@university.com,Female,18,Computer Science,60.19,61.93,72.4,43.65,68.39,40.18,75.38,60.32,D,No,Yes,Bachelor's,High,3,14.4
S5936,Liam,Brown,student4936@university.com,Female,23,Engineering,79.2,50.17,74.51,73.93,62.08,86.47,58.93,67.68,C,Yes,Yes,High School,Low,8,8.0
S5937,Omar,Smith,student4937@university.com,Male,23,Physics,79.34,50.67,62.95,89.73,69.41,83.93,35.19,65.31,C,No,No,High School,High,10,17.1
S5938,Emma,Taylor,student4938@university.com,Male,19,Computer Science,92.26,57.96,93.8,88.17,88.38,87.45,98.73,85.75,A,No,Yes,Bachelor's,High,5,19.8
S5939,Ali,Clark,student4939@university.com,Female,19,Business,64.65,44.58,43.66,88.5,57.41,86.45,76.47,66.18,C,Yes,No,Bachelor's,Medium,7,7.0
S5940,Maria,Brown,student4940@university.com,Male,21,Mathematics,60.3,81.47,30.79,98.51,69.83,83.45,97.6,76.94,B,No,No,Bachelor's,High,10,8.2
S5941,Sara,Smith,student4941@university.com,Female,21,Physics,93.45,57.58,65.09,85.52,38.4,62.5,84.58,65.61,C,No,No,High School,High,10,2.5
S5942,John,Wilson,student4942@university.com,Male,21,Mathematics,80.67,30.62,61.29,68.52,40.38,75.27,73.51,58.26,D,No,Yes,High School,Low,3,19.2
S5943,John,Williams,student4943@university.com,Female,20,Physics,63.57,62.63,74.49,89.3,82.89,35.71,86.93,71.99,C,Yes,Yes,High School,High,9,11.8
S5944,Liam,Wilson,student4944@university.com,Male,19,Engineering,69.13,77.86,54.81,62.77,78.33,34.32,92.38,66.75,C,Yes,No,Bachelor's,Low,8,17.9
S5945,John,Lee,student4945@university.com,Female,22,Physics,91.29,68.05,64.36,70.4,83.97,68.87,79.59,72.54,C,No,Yes,High School,Low,0,4.5
S5946,Ali,Smith,student4946@university.com,Female,25,Physics,93.69,91.35,83.87,45.77,38.38,63.15,50.52,62.17,D,Yes,Yes,Master's,Medium,2,6.2
S5947,Noah,Wilson,student4947@university.com,Female,18,Engineering,72.62,73.23,71.34,59.45,68.57,35.0,82.76,65.06,C,No,No,Master's,Medium,2,12.8
S5948,Emma,Taylor,student4948@university.com,Female,18,Physics,63.2,78.75,42.25,43.41,62.72,46.98,65.63,56.62,D,Yes,No,High School,High,5,1.8
S5949,John,Wilson,student4949@university.com,Female,18,Computer Science,97.52,94.42,69.94,42.51,66.31,88.06,97.07,76.39,B,No,Yes,High School,High,2,19.3
S5950,John,Wilson,student4950@university.com,Female,20,Business,76.61,95.25,52.28,95.55,82.31,42.76,47.4,69.26,C,No,No,Bachelor's,High,7,10.3
S5951,John,Brown,student4951@university.com,Male,19,Engineering,97.73,33.62,63.58,60.68,36.45,43.02,60.58,49.66,F,Yes,No,Master's,Low,9,16.0
S5952,Ali,Ahmed,student4952@university.com,Male,19,Computer Science,63.17,38.37,54.88,51.25,92.28,46.61,50.65,55.67,D,No,Yes,Master's,High,0,8.5
S5953,Noah,Lee,student4953@university.com,Female,20,Computer Science,71.99,95.1,65.91,87.39,63.8,35.45,49.81,66.24,C,Yes,Yes,High School,Medium,7,17.9
S5954,John,Lee,student4954@university.com,Male,24,Engineering,75.25,55.31,83.77,39.46,54.74,77.65,99.95,68.48,C,No,No,Master's,Medium,1,2.2
S5955,Omar,Clark,student4955@university.com,Male,25,Computer Science,73.06,93.4,77.04,94.86,46.44,64.8,71.19,74.62,C,Yes,No,Bachelor's,Low,4,5.5
S5956,Maria,Brown,student4956@university.com,Female,25,Engineering,76.8,44.41,51.91,57.0,56.77,89.19,78.5,62.96,D,Yes,No,Bachelor's,Medium,1,5.0
S5957,John,Ahmed,student4957@university.com,Female,23,Business,93.58,85.58,77.47,49.61,55.43,91.33,90.37,74.97,C,Yes,No,High School,Low,0,8.1
S5958,Emma,Smith,student4958@university.com,Female,23,Business,81.7,42.4,69.97,72.8,48.21,35.78,54.38,53.92,D,Yes,Yes,High School,Medium,8,14.0
S5959,Ali,Lee,student4959@university.com,Male,18,Computer Science,62.95,67.17,98.36,71.96,38.98,35.12,59.64,61.87,D,No,No,Master's,Low,0,1.4
S5960,Ali,Khan,student4960@university.com,Male,18,Engineering,86.43,96.67,52.5,84.25,86.26,64.73,30.85,69.21,C,No,No,High School,High,5,20.0
S5961,Noah,Taylor,student4961@university.com,Female,21,Business,60.83,59.39,65.2,37.51,95.23,68.95,55.96,63.71,D,No,No,Bachelor's,Low,2,5.9
S5962,Maria,Clark,student4962@university.com,Female,18,Mathematics,95.18,70.74,39.7,74.74,35.83,72.7,55.9,58.27,D,Yes,No,High School,Medium,0,14.7
S5963,Ayesha,Brown,student4963@university.com,Male,24,Physics,62.51,66.35,49.24,73.5,66.54,54.71,65.35,62.61,D,Yes,No,High School,Low,5,14.2
S5964,Noah,Brown,student4964@university.com,Male,23,Physics,66.96,45.08,79.45,36.49,77.03,81.04,93.19,68.71,C,No,Yes,Bachelor's,Medium,4,3.3
S5965,Ahmed,Khan,student4965@university.com,Male,25,Business,74.99,53.36,42.12,87.29,39.68,90.4,72.7,64.26,D,No,No,Bachelor's,Low,3,15.2
S5966,Sara,Taylor,student4966@university.com,Male,23,Engineering,98.65,91.23,79.81,98.28,72.44,64.23,98.8,84.13,B,Yes,Yes,High School,High,4,3.0
S5967,Maria,Smith,student4967@university.com,Male,20,Physics,97.7,78.51,91.17,81.18,72.58,90.57,90.16,84.03,B,Yes,No,High School,High,9,16.8
S5968,Sara,Jones,student4968@university.com,Male,19,Business,73.22,64.35,45.96,97.19,80.08,91.21,70.81,74.93,C,Yes,No,High School,High,9,2.9
S5969,Omar,Brown,student4969@university.com,Male,22,Mathematics,65.84,68.96,33.32,56.66,50.92,64.01,52.43,54.38,D,No,Yes,High School,Low,0,15.5
S5970,Noah,Taylor,student4970@university.com,Female,24,Mathematics,75.47,50.76,73.61,48.53,35.0,90.23,77.26,62.56,D,No,Yes,High School,High,1,4.6
S5971,Ayesha,Brown,student4971@university.com,Male,23,Engineering,75.9,32.73,30.1,51.6,87.27,39.19,69.54,51.74,D,No,Yes,Master's,Medium,1,17.9
S5972,Emma,Khan,student4972@university.com,Female,21,Mathematics,72.34,87.81,63.61,58.14,83.33,46.27,71.08,68.37,C,No,Yes,Bachelor's,Medium,2,1.5
S5973,Maria,Taylor,student4973@university.com,Female,23,Physics,68.94,43.56,52.61,52.16,98.17,59.86,62.7,61.51,D,No,Yes,Master's,Medium,5,10.2
S5974,Ahmed,Clark,student4974@university.com,Female,22,Physics,97.63,70.57,42.55,66.74,44.83,78.44,91.45,65.76,C,Yes,Yes,High School,Medium,9,12.4
S5975,John,Jones,student4975@university.com,Female,24,Computer Science,74.0,56.15,66.28,37.18,85.57,55.07,94.61,65.81,C,Yes,Yes,Master's,High,10,12.8
S5976,Omar,Jones,student4976@university.com,Male,25,Business,79.33,45.49,34.2,81.58,78.07,81.08,88.17,68.1,C,No,No,High School,Low,2,1.3
S5977,Maria,Lee,student4977@university.com,Female,19,Mathematics,98.0,99.24,51.04,34.37,56.43,71.1,97.2,68.23,C,Yes,Yes,High School,High,3,19.0
S5978,Omar,Ahmed,student4978@university.com,Male,23,Business,87.47,99.6,33.17,56.12,95.95,99.93,49.24,72.33,C,No,No,High School,High,8,13.4
S5979,Ayesha,Williams,student4979@university.com,Male,21,Computer Science,74.35,76.17,84.11,56.84,50.89,40.72,60.4,61.52,D,No,No,Master's,High,4,19.8
S5980,Noah,Ahmed,student4980@university.com,Female,22,Computer Science,70.58,99.87,49.09,63.71,55.27,36.54,78.99,63.91,D,Yes,Yes,Master's,Low,3,12.2
S5981,Ali,Taylor,student4981@university.com,Female,23,Business,99.59,86.06,70.36,49.44,46.35,42.81,78.35,62.23,D,Yes,Yes,High School,Medium,2,13.7
S5982,Maria,Clark,student4982@university.com,Female,20,Engineering,85.11,80.95,87.03,33.5,35.18,84.28,78.99,66.66,C,Yes,No,Bachelor's,Medium,3,5.2
S5983,Emma,Clark,student4983@university.com,Male,23,Engineering,98.95,35.18,41.86,73.44,40.0,69.29,96.56,59.39,D,Yes,No,Master's,Low,9,4.6
S5984,Ayesha,Ahmed,student4984@university.com,Female,21,Mathematics,67.99,95.84,37.91,72.59,35.31,39.14,76.05,59.47,D,Yes,No,High School,Low,5,15.0
S5985,Ahmed,Lee,student4985@university.com,Male,25,Physics,74.58,68.65,79.87,58.93,90.53,83.4,89.57,78.49,B,Yes,Yes,Master's,High,2,19.8
S5986,Ahmed,Wilson,student4986@university.com,Female,23,Engineering,92.79,47.64,46.41,90.2,40.51,41.73,86.14,58.77,D,No,Yes,Master's,Medium,0,19.4
S5987,Ahmed,Clark,student4987@university.com,Male,19,Mathematics,71.13,87.79,40.34,34.02,53.86,98.98,89.25,67.37,C,No,Yes,High School,High,9,11.7
S5988,John,Clark,student4988@university.com,Female,25,Physics,75.6,85.45,34.33,79.57,36.72,87.7,92.12,69.31,C,Yes,Yes,Master's,Medium,3,18.4
S5989,Sara,Jones,student4989@university.com,Female,23,Physics,69.33,98.92,93.92,45.24,51.78,57.49,34.34,63.62,D,Yes,Yes,High School,Low,7,18.7
S5990,John,Smith,student4990@university.com,Male,23,Physics,65.13,37.95,47.17,88.02,46.63,38.55,85.18,57.25,D,Yes,Yes,Bachelor's,Low,1,17.2
S5991,Omar,Smith,student4991@university.com,Female,24,Business,61.55,95.01,33.54,62.67,56.48,65.79,77.16,65.11,C,No,Yes,Master's,Medium,6,6.9
S5992,Liam,Clark,student4992@university.com,Female,19,Computer Science,85.15,77.26,59.38,56.87,68.82,30.04,81.31,62.28,D,No,Yes,Bachelor's,Medium,10,8.8
S5993,Ahmed,Khan,student4993@university.com,Female,21,Mathematics,97.45,58.8,78.17,75.74,55.31,75.15,37.89,63.51,D,Yes,No,Master's,High,3,5.0
S5994,Liam,Lee,student4994@university.com,Male,21,Mathematics,62.55,91.26,54.43,35.72,96.69,53.26,91.92,70.55,C,Yes,No,Master's,High,10,19.4
S5995,John,Taylor,student4995@university.com,Male,22,Business,91.9,98.98,64.43,62.65,85.04,32.16,38.86,63.69,D,No,No,Master's,Medium,8,7.4
S5996,Emma,Lee,student4996@university.com,Female,18,Mathematics,78.16,36.35,35.12,40.64,60.33,30.06,57.15,43.27,F,No,No,Bachelor's,Medium,10,6.1
S5997,Maria,Williams,student4997@university.com,Male,25,Engineering,79.07,37.4,70.8,80.28,59.89,51.56,34.52,55.74,D,No,Yes,High School,High,2,2.8
S5998,Ahmed,Khan,student4998@university.com,Female,21,Business,87.22,37.51,60.45,95.62,91.86,55.96,39.68,63.51,D,Yes,No,Bachelor's,Low,8,15.2
S5999,Emma,Wilson,student4999@university.com,Male,21,Physics,97.08,39.64,52.73,63.33,77.2,67.49,72.6,62.16,D,Yes,Yes,Bachelor's,Medium,0,6.1
